{
  "$schema" : "https://json-schema.org/draft/2019-09/schema",
  "$id" : "http://ibm.com/dba/projects/reorder_automation:dataModel/com/ibm/wo/application/composite_skill/_5ae816c1ab548458b3d587db99586b9_200Type.schema.json",
  "x-ibm-json-name" : "_5ae816c1ab548458b3d587db99586b9_200Type",
  "x-ibm-package-name" : "com.ibm.wo.application.composite_skill",
  "type" : "object",
  "title" : "_5ae816c1ab548458b3d587db99586b9_200Type",
  "x-ibm-original-json-name" : "75ae816c1ab548458b3d587db99586b9._5ae816c1ab548458b3d587db99586b9_200Type",
  "properties" : {
    "reasoning" : {
      "title" : "reasoning",
      "type" : [ "string", "null" ]
    },
    "reorder_quantity" : {
      "title" : "reorder_quantity",
      "type" : "integer",
      "format" : "int32"
    }
  }
}