{
  "$schema" : "https://json-schema.org/draft/2019-09/schema",
  "$id" : "http://ibm.com/dba/projects/reorder_automation:dataModel/com/ibm/wo/application/composite_skill/_a6aab124ec340e4a6feb0e2eda95f1c_200Type.schema.json",
  "x-ibm-json-name" : "_a6aab124ec340e4a6feb0e2eda95f1c_200Type",
  "x-ibm-package-name" : "com.ibm.wo.application.composite_skill",
  "type" : "object",
  "title" : "_a6aab124ec340e4a6feb0e2eda95f1c_200Type",
  "x-ibm-original-json-name" : "4a6aab124ec340e4a6feb0e2eda95f1c._a6aab124ec340e4a6feb0e2eda95f1c_200Type",
  "properties" : {
    "uab_Supplier_ID" : {
      "title" : "Supplier ID",
      "type" : [ "string", "null" ]
    },
    "uab_Supplier_Name" : {
      "title" : "Supplier Name",
      "type" : [ "string", "null" ]
    },
    "uab_Supplier_Pricebook_ID" : {
      "title" : "Supplier Pricebook ID",
      "type" : [ "string", "null" ]
    },
    "uab_Unit_Price" : {
      "title" : "Unit Price",
      "type" : "number",
      "format" : "double"
    }
  }
}