{
  "META_AUTOMATION_SERVICE_REST_BINDING_VALUES_REF_ID" : "62.ff52f367-03fb-42d5-a941-20f46a2a6bb2",
  "META_AUTOMATION_SERVICE_REST_BINDING_VALUES" : {
    "consumeDefaultVersion" : true
  },
  "type" : "BPMService",
  "definitions" : {
    "rootElement" : [ {
      "documentation" : [ {
        "content" : [ "646000EUAI/uab/Reorder_automation/Reorder_automation/Order met/master/86b25e3b0c" ],
        "textFormat" : "text/plain"
      } ],
      "name" : "IFace.d0af8e41-7077-4cdd-a42e-b13e998c6277",
      "declaredType" : "interface",
      "id" : "_71d5dd7d-125e-42b2-8eff-2022f17372d1",
      "operation" : [ {
        "extensionElements" : {
          "sfPOId" : [ "1.668f0842-a3b0-499a-96ee-d06decb8683d" ],
          "businessSignature" : [ {
            "output" : [ {
              "path" : "generated_text",
              "name" : "generated_text",
              "isCollection" : false,
              "declaredType" : "com.ibm.bpmsdk.model.bpmn20.ibmextauth.TParameter",
              "id" : "_f19cc368-eafc-4dcf-af06-d303513d1fde",
              "isOptional" : false,
              "typeRefPO" : "string",
              "typeRef" : "{http://www.w3.org/2001/XMLSchema}string"
            }, {
              "path" : "generated_token_count",
              "name" : "generated_token_count",
              "isCollection" : false,
              "declaredType" : "com.ibm.bpmsdk.model.bpmn20.ibmextauth.TParameter",
              "id" : "_a3a3d2e8-0f68-4f15-9fb1-bee254957af8",
              "isOptional" : false,
              "typeRefPO" : "integer",
              "typeRef" : "{http://www.w3.org/2001/XMLSchema}int"
            }, {
              "path" : "input_token_count",
              "name" : "input_token_count",
              "isCollection" : false,
              "declaredType" : "com.ibm.bpmsdk.model.bpmn20.ibmextauth.TParameter",
              "id" : "_8440c08f-469d-43bd-bcd0-6811cfa57143",
              "isOptional" : false,
              "typeRefPO" : "integer",
              "typeRef" : "{http://www.w3.org/2001/XMLSchema}int"
            }, {
              "path" : "stop_reason",
              "name" : "stop_reason",
              "isCollection" : false,
              "declaredType" : "com.ibm.bpmsdk.model.bpmn20.ibmextauth.TParameter",
              "id" : "_a4bd7cb3-1fbe-4fca-a41d-4b0e928cdbf2",
              "isOptional" : false,
              "typeRefPO" : "string",
              "typeRef" : "{http://www.w3.org/2001/XMLSchema}string"
            }, {
              "path" : "error_code",
              "name" : "error_code",
              "isCollection" : false,
              "declaredType" : "com.ibm.bpmsdk.model.bpmn20.ibmextauth.TParameter",
              "id" : "_c210c91e-cf2b-4aee-8632-3528fc6ffcc0",
              "isOptional" : false,
              "typeRefPO" : "string",
              "typeRef" : "{http://www.w3.org/2001/XMLSchema}string"
            }, {
              "path" : "error_message",
              "name" : "error_message",
              "isCollection" : false,
              "declaredType" : "com.ibm.bpmsdk.model.bpmn20.ibmextauth.TParameter",
              "id" : "_470f50fd-d725-4b41-b9aa-ae521f5f672f",
              "isOptional" : false,
              "typeRefPO" : "string",
              "typeRef" : "{http://www.w3.org/2001/XMLSchema}string"
            } ],
            "input" : [ {
              "path" : "product",
              "name" : "product",
              "isCollection" : false,
              "declaredType" : "com.ibm.bpmsdk.model.bpmn20.ibmextauth.TParameter",
              "id" : "_4d78469e-ff36-41ab-a40e-86eb5db277e0",
              "isOptional" : false,
              "typeRefPO" : "string",
              "typeRef" : "{http://www.w3.org/2001/XMLSchema}string"
            }, {
              "path" : "supplier",
              "name" : "supplier",
              "isCollection" : false,
              "declaredType" : "com.ibm.bpmsdk.model.bpmn20.ibmextauth.TParameter",
              "id" : "_71a50dbc-4734-45dc-be8a-ae3ccc21c372",
              "isOptional" : false,
              "typeRefPO" : "string",
              "typeRef" : "{http://www.w3.org/2001/XMLSchema}string"
            }, {
              "path" : "reorder_qty",
              "name" : "reorder_qty",
              "isCollection" : false,
              "declaredType" : "com.ibm.bpmsdk.model.bpmn20.ibmextauth.TParameter",
              "id" : "_7a98874a-075d-40a8-8d4f-cc5da776ad51",
              "isOptional" : false,
              "typeRefPO" : "string",
              "typeRef" : "{http://www.w3.org/2001/XMLSchema}string"
            }, {
              "path" : "value",
              "name" : "value",
              "isCollection" : false,
              "declaredType" : "com.ibm.bpmsdk.model.bpmn20.ibmextauth.TParameter",
              "id" : "_1bb05a98-129a-4ded-9e72-9d4cc175c063",
              "isOptional" : false,
              "typeRefPO" : "string",
              "typeRef" : "{http://www.w3.org/2001/XMLSchema}string"
            }, {
              "path" : "variable5",
              "name" : "variable5",
              "isCollection" : false,
              "declaredType" : "com.ibm.bpmsdk.model.bpmn20.ibmextauth.TParameter",
              "id" : "_8eade416-63d4-4a5b-8d9d-27cd709ddf4f",
              "isOptional" : false,
              "typeRefPO" : "string",
              "typeRef" : "{http://www.w3.org/2001/XMLSchema}string"
            } ],
            "declaredType" : "com.ibm.bpmsdk.model.bpmn20.ibmextauth.TSignature"
          } ]
        },
        "documentation" : [ {
          "content" : [ "Execute OrderMet-orderMet" ],
          "textFormat" : "text/plain"
        } ],
        "name" : "OrderMet-orderMet",
        "id" : "_14b28123-226c-4be3-8f02-aa71494499df"
      } ]
    }, {
      "extensionElements" : {
        "externalService" : [ {
          "automationServiceRestBinding" : {
            "invocationType" : "LOCAL",
            "designProjectFolder" : "Reorder_automation",
            "org" : "uab",
            "bindingEnvVarSetRef" : "62.ff52f367-03fb-42d5-a941-20f46a2a6bb2",
            "displayVersion" : "head",
            "name" : "local/OrderMet-orderMet",
            "project" : "Reorder_automation",
            "componentName" : "Reorder_automation",
            "canUseDefaultVersion" : true,
            "type" : "ADS",
            "version" : "head",
            "restBinding" : {
              "swaggerRef" : "{http://www.ibm.com/xmlns/prod/bpm/bpmn/ext/externalservice/swagger/b2877d30-dc82-40f4-b43d-d9bb816ea1dcService}6023.e3b38b75-ee89-4af5-9aa1-0ad8bda0ecdf",
              "openAPIVersion" : "v3"
            }
          },
          "cachingType" : false,
          "name" : "/orderMet",
          "interfaceRef" : "_71d5dd7d-125e-42b2-8eff-2022f17372d1",
          "declaredType" : "com.ibm.bpmsdk.model.bpmn20.ibmextservice.TExternalService",
          "id" : "_df26670f-1f4c-4da7-ba31-7b27ebda116a"
        } ]
      },
      "declaredType" : "endPoint"
    } ],
    "targetNamespace" : "http://www.ibm.com/xmlns/prod/bpm/bpmn/ext/externalservice/swagger/b2877d30-dc82-40f4-b43d-d9bb816ea1dcService",
    "typeLanguage" : "http://www.w3.org/2001/XMLSchema",
    "expressionLanguage" : "http://www.ibm.com/xmlns/prod/bpm/expression-lang/javascript",
    "id" : "_df677b3a-429d-460d-a2e1-d63c99849517"
  },
  "poId" : "1.e1d766e5-6cb1-495c-9869-0e08f3fa1a19",
  "REFERENCES" : [ "file:/opt/ibm/wlp/output/defaultServer/temp/automationServiceDiscovery3329602441215768242.json", "http://www.ibm.com/xmlns/prod/bpm/bpmn/ext/externalservice/swagger/xsd/b2877d30-dc82-40f4-b43d-d9bb816ea1dc.xsd", "{http://www.ibm.com/xmlns/prod/bpm/bpmn/ext/externalservice/swagger/b2877d30-dc82-40f4-b43d-d9bb816ea1dcService}OrderMet-orderMetRequestMsg", "{http://www.ibm.com/xmlns/prod/bpm/bpmn/ext/externalservice/swagger/b2877d30-dc82-40f4-b43d-d9bb816ea1dcService}OrderMet-orderMetResponseMsg" ]
}