{
  "type" : "RESTService",
  "restService" : {
    "id" : "2051.33382ef9-bf7b-4a1b-ae84-3a7ea792d2c0",
    "name" : "uab-Reorder_automation_demo-Get_Supplier_Flow",
    "description" : "",
    "operations" : [ {
      "interactionPattern" : "REQUEST_RESPONSE_ASYNC",
      "implementation" : "25.2c96e4c8-c1bc-47ce-890e-8a5c7c65cbae",
      "name" : "Get_Supplier_Flow",
      "description" : "",
      "id" : "2053.195fd3e1-6f81-4ca3-bf52-8e7d403fb4ac",
      "seq" : 1,
      "visibility" : "private"
    } ]
  }
}