{
  "WSDL_DATA" : {
    "repoUrl" : "repo://6023.2a0d2547-2c76-47eb-ad1e-4733aefbdaf6/.wsdl",
    "uid" : "6023.2a0d2547-2c76-47eb-ad1e-4733aefbdaf6",
    "referenceLocation" : [ {
      "absoluteLocation" : "repo://6023.59351e38-e1c3-47d1-8bdf-5da51b204906/4a2aaa54ae36.xsd",
      "relativeLocation" : "/aeabd254-c9b6-4c0d-bc13-4a2aaa54ae36.xsd"
    } ],
    "data" : "{\"openapi\":\"3.0.1\",\"info\":{\"title\":\"Salesforce Custom Skills\",\"description\":\"An API for managing orders and price books in Salesforce.\",\"version\":\"1.0.0\",\"x-ibm-skill-type\":\"imported\",\"x-ibm-annotations\":\"true\",\"x-ibm-skill-subtype\":\"public\",\"x-ibm-application-id\":\"app-f6fb079701ce4728a716772189ef5364\",\"x-ibm-application-name\":\"Salesforce Custom Skills\"},\"servers\":[{\"url\":\"https://dl.watson-orchestrate.ibm.com/asb/uabskillproxy\"}],\"security\":[{\"IBM-WO-JWT\":[]}],\"paths\":{\"/invoke/skill/Salesforce-Custom-Skills__1.0.0__createOrder\":{\"post\":{\"tags\":[\"Salesforce\"],\"summary\":\"Create a new order\",\"description\":\"An API for managing orders and price books in Salesforce.\",\"operationId\":\"createOrder\",\"parameters\":[{\"name\":\"account_id\",\"in\":\"query\",\"required\":true,\"style\":\"form\",\"explode\":true,\"schema\":{\"type\":\"string\",\"description\":\"Account ID associated with the order\"},\"x-ibm-order\":1,\"x-ibm-multiline\":\"false\"},{\"name\":\"date\",\"in\":\"query\",\"required\":true,\"style\":\"form\",\"explode\":true,\"schema\":{\"type\":\"string\",\"description\":\"Effective date of the order\",\"format\":\"date\"},\"x-ibm-order\":2,\"x-ibm-multiline\":\"false\"},{\"name\":\"status\",\"in\":\"query\",\"required\":false,\"style\":\"form\",\"explode\":true,\"schema\":{\"type\":\"string\",\"description\":\"Status of the order\",\"default\":\"Draft\"},\"x-ibm-order\":3,\"x-ibm-multiline\":\"false\"}],\"responses\":{\"200\":{\"description\":\"New order created\",\"content\":{\"application/json\":{\"schema\":{\"type\":\"object\",\"properties\":{\"New_order\":{\"type\":\"object\",\"properties\":{\"Id\":{\"type\":\"string\",\"x-ibm-order\":1},\"Status\":{\"type\":\"string\",\"x-ibm-order\":2},\"AccountId\":{\"type\":\"string\",\"x-ibm-order\":3},\"EffectiveDate\":{\"type\":\"string\",\"format\":\"date\",\"x-ibm-order\":4}}}}}}}}},\"x-ibm-nl-entities\":{\"entities\":[]},\"x-ibm-next-actions\":[],\"x-ibm-nl-intent-examples\":[\"Create a new order\"],\"x-ibm-conversational-skill\":true}}},\"components\":{\"schemas\":{\"OrdersResponse\":{\"type\":\"object\",\"properties\":{\"order_result\":{\"type\":\"array\",\"items\":{\"type\":\"object\",\"properties\":{\"Id\":{\"type\":\"string\"},\"OrderNumber\":{\"type\":\"string\"},\"TotalAmount\":{\"type\":\"number\"}}}}}},\"NewOrderResponse\":{\"type\":\"object\",\"properties\":{\"New_order\":{\"type\":\"object\",\"properties\":{\"Id\":{\"type\":\"string\"},\"Status\":{\"type\":\"string\"},\"AccountId\":{\"type\":\"string\"},\"EffectiveDate\":{\"type\":\"string\",\"format\":\"date\"}}}}},\"OrderItemResponse\":{\"type\":\"object\",\"properties\":{\"message\":{\"type\":\"string\",\"description\":\"Response message\"}}},\"PriceBooksResponse\":{\"type\":\"object\",\"properties\":{\"price_books\":{\"type\":\"array\",\"items\":{\"type\":\"object\",\"properties\":{\"uab_Product_Name\":{\"type\":\"string\",\"x-ibm-original-property-name\":\"Product Name\"},\"uab_Unit_Price\":{\"type\":\"number\",\"x-ibm-original-property-name\":\"Unit Price\"},\"uab_Pricebook_ID\":{\"type\":\"string\",\"x-ibm-original-property-name\":\"Pricebook ID\"},\"uab_Pricebook_Name\":{\"type\":\"string\",\"x-ibm-original-property-name\":\"Pricebook Name\"}}}}}}},\"securitySchemes\":{\"IBM-WO-JWT\":{\"type\":\"http\",\"scheme\":\"bearer\",\"bearerFormat\":\"IBM-Watsonx-Orchestrate-JWT\"}}}}",
    "namespace" : "http://www.ibm.com/xmlns/prod/bpm/bpmn/ext/externalservice/swagger/aeabd254-c9b6-4c0d-bc13-4a2aaa54ae36Service",
    "type" : "swagger",
    "url" : "file:/opt/ibm/wlp/output/defaultServer/temp/automationServiceDiscovery6556557062228023155.json"
  },
  "type" : "BPMService",
  "definitions" : "{\"openapi\":\"3.0.1\",\"info\":{\"title\":\"Salesforce Custom Skills\",\"description\":\"An API for managing orders and price books in Salesforce.\",\"version\":\"1.0.0\",\"x-ibm-skill-type\":\"imported\",\"x-ibm-annotations\":\"true\",\"x-ibm-skill-subtype\":\"public\",\"x-ibm-application-id\":\"app-f6fb079701ce4728a716772189ef5364\",\"x-ibm-application-name\":\"Salesforce Custom Skills\"},\"servers\":[{\"url\":\"https://dl.watson-orchestrate.ibm.com/asb/uabskillproxy\"}],\"security\":[{\"IBM-WO-JWT\":[]}],\"paths\":{\"/invoke/skill/Salesforce-Custom-Skills__1.0.0__createOrder\":{\"post\":{\"tags\":[\"Salesforce\"],\"summary\":\"Create a new order\",\"description\":\"An API for managing orders and price books in Salesforce.\",\"operationId\":\"createOrder\",\"parameters\":[{\"name\":\"account_id\",\"in\":\"query\",\"required\":true,\"style\":\"form\",\"explode\":true,\"schema\":{\"type\":\"string\",\"description\":\"Account ID associated with the order\"},\"x-ibm-order\":1,\"x-ibm-multiline\":\"false\"},{\"name\":\"date\",\"in\":\"query\",\"required\":true,\"style\":\"form\",\"explode\":true,\"schema\":{\"type\":\"string\",\"description\":\"Effective date of the order\",\"format\":\"date\"},\"x-ibm-order\":2,\"x-ibm-multiline\":\"false\"},{\"name\":\"status\",\"in\":\"query\",\"required\":false,\"style\":\"form\",\"explode\":true,\"schema\":{\"type\":\"string\",\"description\":\"Status of the order\",\"default\":\"Draft\"},\"x-ibm-order\":3,\"x-ibm-multiline\":\"false\"}],\"responses\":{\"200\":{\"description\":\"New order created\",\"content\":{\"application/json\":{\"schema\":{\"type\":\"object\",\"properties\":{\"New_order\":{\"type\":\"object\",\"properties\":{\"Id\":{\"type\":\"string\",\"x-ibm-order\":1},\"Status\":{\"type\":\"string\",\"x-ibm-order\":2},\"AccountId\":{\"type\":\"string\",\"x-ibm-order\":3},\"EffectiveDate\":{\"type\":\"string\",\"format\":\"date\",\"x-ibm-order\":4}}}}}}}}},\"x-ibm-nl-entities\":{\"entities\":[]},\"x-ibm-next-actions\":[],\"x-ibm-nl-intent-examples\":[\"Create a new order\"],\"x-ibm-conversational-skill\":true}}},\"components\":{\"schemas\":{\"OrdersResponse\":{\"type\":\"object\",\"properties\":{\"order_result\":{\"type\":\"array\",\"items\":{\"type\":\"object\",\"properties\":{\"Id\":{\"type\":\"string\"},\"OrderNumber\":{\"type\":\"string\"},\"TotalAmount\":{\"type\":\"number\"}}}}}},\"NewOrderResponse\":{\"type\":\"object\",\"properties\":{\"New_order\":{\"type\":\"object\",\"properties\":{\"Id\":{\"type\":\"string\"},\"Status\":{\"type\":\"string\"},\"AccountId\":{\"type\":\"string\"},\"EffectiveDate\":{\"type\":\"string\",\"format\":\"date\"}}}}},\"OrderItemResponse\":{\"type\":\"object\",\"properties\":{\"message\":{\"type\":\"string\",\"description\":\"Response message\"}}},\"PriceBooksResponse\":{\"type\":\"object\",\"properties\":{\"price_books\":{\"type\":\"array\",\"items\":{\"type\":\"object\",\"properties\":{\"uab_Product_Name\":{\"type\":\"string\",\"x-ibm-original-property-name\":\"Product Name\"},\"uab_Unit_Price\":{\"type\":\"number\",\"x-ibm-original-property-name\":\"Unit Price\"},\"uab_Pricebook_ID\":{\"type\":\"string\",\"x-ibm-original-property-name\":\"Pricebook ID\"},\"uab_Pricebook_Name\":{\"type\":\"string\",\"x-ibm-original-property-name\":\"Pricebook Name\"}}}}}}},\"securitySchemes\":{\"IBM-WO-JWT\":{\"type\":\"http\",\"scheme\":\"bearer\",\"bearerFormat\":\"IBM-Watsonx-Orchestrate-JWT\"}}}}",
  "poId" : "6023.2a0d2547-2c76-47eb-ad1e-4733aefbdaf6"
}