{
  "WSDL_DATA" : {
    "repoUrl" : "repo://6023.59351e38-e1c3-47d1-8bdf-5da51b204906/4a2aaa54ae36.xsd",
    "uid" : "6023.59351e38-e1c3-47d1-8bdf-5da51b204906",
    "referenceLocation" : [ ],
    "data" : "<?xml version=\"1.0\" encoding=\"UTF-8\"?><xsd:schema xmlns:xsd=\"http://www.w3.org/2001/XMLSchema\" xmlns=\"http://www.ibm.com/xmlns/prod/bpm/bpmn/ext/externalservice/swagger/xsd/aeabd254-c9b6-4c0d-bc13-4a2aaa54ae36.xsd\" xmlns:ibmbpm=\"http://lombardi.ibm.com/schema/\" targetNamespace=\"http://www.ibm.com/xmlns/prod/bpm/bpmn/ext/externalservice/swagger/xsd/aeabd254-c9b6-4c0d-bc13-4a2aaa54ae36.xsd\">\n  <xsd:element name=\"createOrderRequest\" type=\"createOrderRequest\"/>\n  <xsd:element name=\"createOrderResponse\" type=\"createOrderResponse\"/>\n  <xsd:complexType name=\"createOrderRequest\">\n    <xsd:sequence>\n      <xsd:element name=\"account_id\" type=\"xsd:string\"/>\n      <xsd:element name=\"date\" type=\"xsd:date\">\n        <xsd:annotation format=\"date\"/>\n      </xsd:element>\n      <xsd:element default=\"Draft\" minOccurs=\"0\" name=\"status\" type=\"xsd:string\">\n        <xsd:annotation optional=\"true\"/>\n      </xsd:element>\n    </xsd:sequence>\n  </xsd:complexType>\n  <xsd:complexType name=\"createOrderResponse\">\n    <xsd:sequence>\n      <xsd:element minOccurs=\"0\" name=\"createOrder\" type=\"createOrder_200Type\" xpathBeforeFlattening=\"/xsd:schema/xsd:complexType[@name='createOrderResponse']/xsd:sequence/xsd:element[@name='createOrder']\">\n        <xsd:annotation alternateOldName=\"createOrder_200\" optional=\"true\" responseCode=\"200\">\n          <xsd:documentation>New order created</xsd:documentation>\n        </xsd:annotation>\n      </xsd:element>\n    </xsd:sequence>\n  </xsd:complexType>\n  <xsd:complexType name=\"createOrder_200Type\">\n    <xsd:sequence>\n      <xsd:element minOccurs=\"0\" name=\"New_order\" type=\"New_orderType\" xpathBeforeFlattening=\"/xsd:schema/xsd:complexType[@name='createOrderResponse']/xsd:sequence/xsd:element[@name='createOrder']/xsd:complexType/xsd:sequence/xsd:element[@name='New_order']\">\n        <xsd:annotation optional=\"true\"/>\n      </xsd:element>\n    </xsd:sequence>\n  </xsd:complexType>\n  <xsd:complexType name=\"New_orderType\">\n    <xsd:sequence>\n      <xsd:element minOccurs=\"0\" name=\"Id\" type=\"xsd:string\">\n        <xsd:annotation optional=\"true\"/>\n      </xsd:element>\n      <xsd:element minOccurs=\"0\" name=\"Status\" type=\"xsd:string\">\n        <xsd:annotation optional=\"true\"/>\n      </xsd:element>\n      <xsd:element minOccurs=\"0\" name=\"AccountId\" type=\"xsd:string\">\n        <xsd:annotation optional=\"true\"/>\n      </xsd:element>\n      <xsd:element minOccurs=\"0\" name=\"EffectiveDate\" type=\"xsd:date\">\n        <xsd:annotation format=\"date\" optional=\"true\"/>\n      </xsd:element>\n    </xsd:sequence>\n  </xsd:complexType>\n</xsd:schema>\n",
    "namespace" : "http://www.ibm.com/xmlns/prod/bpm/bpmn/ext/externalservice/swagger/xsd/aeabd254-c9b6-4c0d-bc13-4a2aaa54ae36.xsd",
    "type" : "xsd",
    "url" : "http://www.ibm.com/xmlns/prod/bpm/bpmn/ext/externalservice/swagger/xsd/aeabd254-c9b6-4c0d-bc13-4a2aaa54ae36.xsd"
  },
  "type" : "BPMService",
  "definitions" : "<?xml version=\"1.0\" encoding=\"UTF-8\"?><xsd:schema xmlns:xsd=\"http://www.w3.org/2001/XMLSchema\" xmlns=\"http://www.ibm.com/xmlns/prod/bpm/bpmn/ext/externalservice/swagger/xsd/aeabd254-c9b6-4c0d-bc13-4a2aaa54ae36.xsd\" xmlns:ibmbpm=\"http://lombardi.ibm.com/schema/\" targetNamespace=\"http://www.ibm.com/xmlns/prod/bpm/bpmn/ext/externalservice/swagger/xsd/aeabd254-c9b6-4c0d-bc13-4a2aaa54ae36.xsd\">\n  <xsd:element name=\"createOrderRequest\" type=\"createOrderRequest\"/>\n  <xsd:element name=\"createOrderResponse\" type=\"createOrderResponse\"/>\n  <xsd:complexType name=\"createOrderRequest\">\n    <xsd:sequence>\n      <xsd:element name=\"account_id\" type=\"xsd:string\"/>\n      <xsd:element name=\"date\" type=\"xsd:date\">\n        <xsd:annotation format=\"date\"/>\n      </xsd:element>\n      <xsd:element default=\"Draft\" minOccurs=\"0\" name=\"status\" type=\"xsd:string\">\n        <xsd:annotation optional=\"true\"/>\n      </xsd:element>\n    </xsd:sequence>\n  </xsd:complexType>\n  <xsd:complexType name=\"createOrderResponse\">\n    <xsd:sequence>\n      <xsd:element minOccurs=\"0\" name=\"createOrder\" type=\"createOrder_200Type\" xpathBeforeFlattening=\"/xsd:schema/xsd:complexType[@name='createOrderResponse']/xsd:sequence/xsd:element[@name='createOrder']\">\n        <xsd:annotation alternateOldName=\"createOrder_200\" optional=\"true\" responseCode=\"200\">\n          <xsd:documentation>New order created</xsd:documentation>\n        </xsd:annotation>\n      </xsd:element>\n    </xsd:sequence>\n  </xsd:complexType>\n  <xsd:complexType name=\"createOrder_200Type\">\n    <xsd:sequence>\n      <xsd:element minOccurs=\"0\" name=\"New_order\" type=\"New_orderType\" xpathBeforeFlattening=\"/xsd:schema/xsd:complexType[@name='createOrderResponse']/xsd:sequence/xsd:element[@name='createOrder']/xsd:complexType/xsd:sequence/xsd:element[@name='New_order']\">\n        <xsd:annotation optional=\"true\"/>\n      </xsd:element>\n    </xsd:sequence>\n  </xsd:complexType>\n  <xsd:complexType name=\"New_orderType\">\n    <xsd:sequence>\n      <xsd:element minOccurs=\"0\" name=\"Id\" type=\"xsd:string\">\n        <xsd:annotation optional=\"true\"/>\n      </xsd:element>\n      <xsd:element minOccurs=\"0\" name=\"Status\" type=\"xsd:string\">\n        <xsd:annotation optional=\"true\"/>\n      </xsd:element>\n      <xsd:element minOccurs=\"0\" name=\"AccountId\" type=\"xsd:string\">\n        <xsd:annotation optional=\"true\"/>\n      </xsd:element>\n      <xsd:element minOccurs=\"0\" name=\"EffectiveDate\" type=\"xsd:date\">\n        <xsd:annotation format=\"date\" optional=\"true\"/>\n      </xsd:element>\n    </xsd:sequence>\n  </xsd:complexType>\n</xsd:schema>\n",
  "poId" : "6023.59351e38-e1c3-47d1-8bdf-5da51b204906"
}