{
  "WSDL_DATA" : {
    "repoUrl" : "repo://6023.6cf9cb1b-2def-4170-8be5-8cf2de31470c/b72b3f507695.xsd",
    "uid" : "6023.6cf9cb1b-2def-4170-8be5-8cf2de31470c",
    "referenceLocation" : [ ],
    "data" : "<?xml version=\"1.0\" encoding=\"UTF-8\"?><xsd:schema xmlns:xsd=\"http://www.w3.org/2001/XMLSchema\" xmlns=\"http://www.ibm.com/xmlns/prod/bpm/bpmn/ext/externalservice/swagger/xsd/4116a064-1720-4724-8bb3-b72b3f507695.xsd\" xmlns:ibmbpm=\"http://lombardi.ibm.com/schema/\" targetNamespace=\"http://www.ibm.com/xmlns/prod/bpm/bpmn/ext/externalservice/swagger/xsd/4116a064-1720-4724-8bb3-b72b3f507695.xsd\">\n  <xsd:element name=\"Overorder_email_draft_overorder_Email_DraftRequest\" type=\"Overorder_email_draft_overorder_Email_DraftRequest\"/>\n  <xsd:element name=\"Overorder_email_draft_overorder_Email_DraftResponse\" type=\"Overorder_email_draft_overorder_Email_DraftResponse\"/>\n  <xsd:complexType name=\"Overorder__email__draft-overorder__Email__Draft_input\">\n    <xsd:sequence>\n      <xsd:element minOccurs=\"0\" name=\"reorder_qty\" type=\"xsd:string\">\n        <xsd:annotation optional=\"true\"/>\n      </xsd:element>\n      <xsd:element minOccurs=\"0\" name=\"value\" type=\"xsd:string\">\n        <xsd:annotation optional=\"true\"/>\n      </xsd:element>\n      <xsd:element minOccurs=\"0\" name=\"supplier\" type=\"xsd:string\">\n        <xsd:annotation optional=\"true\"/>\n      </xsd:element>\n    </xsd:sequence>\n  </xsd:complexType>\n  <xsd:complexType name=\"Overorder__email__draft-overorder__Email__Draft_output\">\n    <xsd:sequence>\n      <xsd:element minOccurs=\"0\" name=\"generated_text\" type=\"xsd:string\">\n        <xsd:annotation optional=\"true\"/>\n      </xsd:element>\n      <xsd:element minOccurs=\"0\" name=\"generated_token_count\" type=\"xsd:int\">\n        <xsd:annotation format=\"int32\" optional=\"true\"/>\n      </xsd:element>\n      <xsd:element minOccurs=\"0\" name=\"input_token_count\" type=\"xsd:int\">\n        <xsd:annotation format=\"int32\" optional=\"true\"/>\n      </xsd:element>\n      <xsd:element minOccurs=\"0\" name=\"stop_reason\" type=\"xsd:string\">\n        <xsd:annotation optional=\"true\"/>\n      </xsd:element>\n      <xsd:element minOccurs=\"0\" name=\"error_code\" type=\"xsd:string\">\n        <xsd:annotation optional=\"true\"/>\n      </xsd:element>\n      <xsd:element minOccurs=\"0\" name=\"error_message\" type=\"xsd:string\">\n        <xsd:annotation optional=\"true\"/>\n      </xsd:element>\n    </xsd:sequence>\n  </xsd:complexType>\n  <xsd:complexType name=\"Overorder_email_draft_overorder_Email_DraftRequest\">\n    <xsd:sequence>\n      <xsd:element minOccurs=\"0\" name=\"reorder_qty\" type=\"xsd:string\">\n        <xsd:annotation optional=\"true\"/>\n      </xsd:element>\n      <xsd:element minOccurs=\"0\" name=\"value\" type=\"xsd:string\">\n        <xsd:annotation optional=\"true\"/>\n      </xsd:element>\n      <xsd:element minOccurs=\"0\" name=\"supplier\" type=\"xsd:string\">\n        <xsd:annotation optional=\"true\"/>\n      </xsd:element>\n    </xsd:sequence>\n  </xsd:complexType>\n  <xsd:complexType name=\"Overorder_email_draft_overorder_Email_DraftResponse\">\n    <xsd:sequence>\n      <xsd:element minOccurs=\"0\" name=\"generated_text\" type=\"xsd:string\">\n        <xsd:annotation optional=\"true\"/>\n      </xsd:element>\n      <xsd:element minOccurs=\"0\" name=\"generated_token_count\" type=\"xsd:int\">\n        <xsd:annotation format=\"int32\" optional=\"true\"/>\n      </xsd:element>\n      <xsd:element minOccurs=\"0\" name=\"input_token_count\" type=\"xsd:int\">\n        <xsd:annotation format=\"int32\" optional=\"true\"/>\n      </xsd:element>\n      <xsd:element minOccurs=\"0\" name=\"stop_reason\" type=\"xsd:string\">\n        <xsd:annotation optional=\"true\"/>\n      </xsd:element>\n      <xsd:element minOccurs=\"0\" name=\"error_code\" type=\"xsd:string\">\n        <xsd:annotation optional=\"true\"/>\n      </xsd:element>\n      <xsd:element minOccurs=\"0\" name=\"error_message\" type=\"xsd:string\">\n        <xsd:annotation optional=\"true\"/>\n      </xsd:element>\n    </xsd:sequence>\n  </xsd:complexType>\n</xsd:schema>\n",
    "namespace" : "http://www.ibm.com/xmlns/prod/bpm/bpmn/ext/externalservice/swagger/xsd/4116a064-1720-4724-8bb3-b72b3f507695.xsd",
    "type" : "xsd",
    "url" : "http://www.ibm.com/xmlns/prod/bpm/bpmn/ext/externalservice/swagger/xsd/4116a064-1720-4724-8bb3-b72b3f507695.xsd"
  },
  "type" : "BPMService",
  "definitions" : "<?xml version=\"1.0\" encoding=\"UTF-8\"?><xsd:schema xmlns:xsd=\"http://www.w3.org/2001/XMLSchema\" xmlns=\"http://www.ibm.com/xmlns/prod/bpm/bpmn/ext/externalservice/swagger/xsd/4116a064-1720-4724-8bb3-b72b3f507695.xsd\" xmlns:ibmbpm=\"http://lombardi.ibm.com/schema/\" targetNamespace=\"http://www.ibm.com/xmlns/prod/bpm/bpmn/ext/externalservice/swagger/xsd/4116a064-1720-4724-8bb3-b72b3f507695.xsd\">\n  <xsd:element name=\"Overorder_email_draft_overorder_Email_DraftRequest\" type=\"Overorder_email_draft_overorder_Email_DraftRequest\"/>\n  <xsd:element name=\"Overorder_email_draft_overorder_Email_DraftResponse\" type=\"Overorder_email_draft_overorder_Email_DraftResponse\"/>\n  <xsd:complexType name=\"Overorder__email__draft-overorder__Email__Draft_input\">\n    <xsd:sequence>\n      <xsd:element minOccurs=\"0\" name=\"reorder_qty\" type=\"xsd:string\">\n        <xsd:annotation optional=\"true\"/>\n      </xsd:element>\n      <xsd:element minOccurs=\"0\" name=\"value\" type=\"xsd:string\">\n        <xsd:annotation optional=\"true\"/>\n      </xsd:element>\n      <xsd:element minOccurs=\"0\" name=\"supplier\" type=\"xsd:string\">\n        <xsd:annotation optional=\"true\"/>\n      </xsd:element>\n    </xsd:sequence>\n  </xsd:complexType>\n  <xsd:complexType name=\"Overorder__email__draft-overorder__Email__Draft_output\">\n    <xsd:sequence>\n      <xsd:element minOccurs=\"0\" name=\"generated_text\" type=\"xsd:string\">\n        <xsd:annotation optional=\"true\"/>\n      </xsd:element>\n      <xsd:element minOccurs=\"0\" name=\"generated_token_count\" type=\"xsd:int\">\n        <xsd:annotation format=\"int32\" optional=\"true\"/>\n      </xsd:element>\n      <xsd:element minOccurs=\"0\" name=\"input_token_count\" type=\"xsd:int\">\n        <xsd:annotation format=\"int32\" optional=\"true\"/>\n      </xsd:element>\n      <xsd:element minOccurs=\"0\" name=\"stop_reason\" type=\"xsd:string\">\n        <xsd:annotation optional=\"true\"/>\n      </xsd:element>\n      <xsd:element minOccurs=\"0\" name=\"error_code\" type=\"xsd:string\">\n        <xsd:annotation optional=\"true\"/>\n      </xsd:element>\n      <xsd:element minOccurs=\"0\" name=\"error_message\" type=\"xsd:string\">\n        <xsd:annotation optional=\"true\"/>\n      </xsd:element>\n    </xsd:sequence>\n  </xsd:complexType>\n  <xsd:complexType name=\"Overorder_email_draft_overorder_Email_DraftRequest\">\n    <xsd:sequence>\n      <xsd:element minOccurs=\"0\" name=\"reorder_qty\" type=\"xsd:string\">\n        <xsd:annotation optional=\"true\"/>\n      </xsd:element>\n      <xsd:element minOccurs=\"0\" name=\"value\" type=\"xsd:string\">\n        <xsd:annotation optional=\"true\"/>\n      </xsd:element>\n      <xsd:element minOccurs=\"0\" name=\"supplier\" type=\"xsd:string\">\n        <xsd:annotation optional=\"true\"/>\n      </xsd:element>\n    </xsd:sequence>\n  </xsd:complexType>\n  <xsd:complexType name=\"Overorder_email_draft_overorder_Email_DraftResponse\">\n    <xsd:sequence>\n      <xsd:element minOccurs=\"0\" name=\"generated_text\" type=\"xsd:string\">\n        <xsd:annotation optional=\"true\"/>\n      </xsd:element>\n      <xsd:element minOccurs=\"0\" name=\"generated_token_count\" type=\"xsd:int\">\n        <xsd:annotation format=\"int32\" optional=\"true\"/>\n      </xsd:element>\n      <xsd:element minOccurs=\"0\" name=\"input_token_count\" type=\"xsd:int\">\n        <xsd:annotation format=\"int32\" optional=\"true\"/>\n      </xsd:element>\n      <xsd:element minOccurs=\"0\" name=\"stop_reason\" type=\"xsd:string\">\n        <xsd:annotation optional=\"true\"/>\n      </xsd:element>\n      <xsd:element minOccurs=\"0\" name=\"error_code\" type=\"xsd:string\">\n        <xsd:annotation optional=\"true\"/>\n      </xsd:element>\n      <xsd:element minOccurs=\"0\" name=\"error_message\" type=\"xsd:string\">\n        <xsd:annotation optional=\"true\"/>\n      </xsd:element>\n    </xsd:sequence>\n  </xsd:complexType>\n</xsd:schema>\n",
  "poId" : "6023.6cf9cb1b-2def-4170-8be5-8cf2de31470c"
}