{
  "META_AUTOMATION_SERVICE_REST_BINDING_VALUES_REF_ID" : "62.5d291e9e-7c8b-42a8-b070-8b7b64560577",
  "META_AUTOMATION_SERVICE_REST_BINDING_VALUES" : {
    "consumeDefaultVersion" : true
  },
  "type" : "BPMService",
  "definitions" : {
    "rootElement" : [ {
      "documentation" : [ {
        "content" : [ "646000EUAI/uab/SY_Reorder_automation/SY_Reorder_automation/No min order notification/master/84e97e3b0c" ],
        "textFormat" : "text/plain"
      } ],
      "name" : "IFace.5e5f544e-c952-4ce1-99d0-e0c5c28e2a55",
      "declaredType" : "interface",
      "id" : "_0a9a68a7-e467-4ab6-96f7-8c04a1826e2a",
      "operation" : [ {
        "extensionElements" : {
          "sfPOId" : [ "1.beb5b9ff-6f7c-4125-beab-9dc1b38746d5" ],
          "businessSignature" : [ {
            "output" : [ {
              "path" : "generated_text",
              "name" : "generated_text",
              "isCollection" : false,
              "declaredType" : "com.ibm.bpmsdk.model.bpmn20.ibmextauth.TParameter",
              "id" : "_71d0dbbd-6bed-4192-bc93-fbfde5ecbfcf",
              "isOptional" : false,
              "typeRefPO" : "string",
              "typeRef" : "{http://www.w3.org/2001/XMLSchema}string"
            }, {
              "path" : "generated_token_count",
              "name" : "generated_token_count",
              "isCollection" : false,
              "declaredType" : "com.ibm.bpmsdk.model.bpmn20.ibmextauth.TParameter",
              "id" : "_95840dd3-089d-4a82-8503-5fc13634167b",
              "isOptional" : false,
              "typeRefPO" : "integer",
              "typeRef" : "{http://www.w3.org/2001/XMLSchema}int"
            }, {
              "path" : "input_token_count",
              "name" : "input_token_count",
              "isCollection" : false,
              "declaredType" : "com.ibm.bpmsdk.model.bpmn20.ibmextauth.TParameter",
              "id" : "_c9223fe4-a44d-466b-8a84-e1de9faeb037",
              "isOptional" : false,
              "typeRefPO" : "integer",
              "typeRef" : "{http://www.w3.org/2001/XMLSchema}int"
            }, {
              "path" : "stop_reason",
              "name" : "stop_reason",
              "isCollection" : false,
              "declaredType" : "com.ibm.bpmsdk.model.bpmn20.ibmextauth.TParameter",
              "id" : "_5c75cc9b-b5ab-47cf-b5fb-37b428597dbc",
              "isOptional" : false,
              "typeRefPO" : "string",
              "typeRef" : "{http://www.w3.org/2001/XMLSchema}string"
            }, {
              "path" : "error_code",
              "name" : "error_code",
              "isCollection" : false,
              "declaredType" : "com.ibm.bpmsdk.model.bpmn20.ibmextauth.TParameter",
              "id" : "_8760ab8a-cb98-4aa5-806d-8dc5ac13c62f",
              "isOptional" : false,
              "typeRefPO" : "string",
              "typeRef" : "{http://www.w3.org/2001/XMLSchema}string"
            }, {
              "path" : "error_message",
              "name" : "error_message",
              "isCollection" : false,
              "declaredType" : "com.ibm.bpmsdk.model.bpmn20.ibmextauth.TParameter",
              "id" : "_2d69aed6-b80c-4e4d-92e1-0859d0f994a2",
              "isOptional" : false,
              "typeRefPO" : "string",
              "typeRef" : "{http://www.w3.org/2001/XMLSchema}string"
            } ],
            "input" : [ {
              "path" : "order_qty",
              "name" : "order_qty",
              "isCollection" : false,
              "declaredType" : "com.ibm.bpmsdk.model.bpmn20.ibmextauth.TParameter",
              "id" : "_fc28e7e7-a4b2-41bf-b181-b4c743b4c116",
              "isOptional" : false,
              "typeRefPO" : "string",
              "typeRef" : "{http://www.w3.org/2001/XMLSchema}string"
            } ],
            "declaredType" : "com.ibm.bpmsdk.model.bpmn20.ibmextauth.TSignature"
          } ]
        },
        "documentation" : [ {
          "content" : [ "Execute NoMinOrderNotification-noMinOrderNotification" ],
          "textFormat" : "text/plain"
        } ],
        "name" : "NoMinOrderNotification-noMinOrderNotification",
        "id" : "_138156cb-35b9-484a-8db6-12220c9a65ab"
      } ]
    }, {
      "extensionElements" : {
        "externalService" : [ {
          "automationServiceRestBinding" : {
            "invocationType" : "LOCAL",
            "designProjectFolder" : "SY_Reorder_automation",
            "org" : "uab",
            "bindingEnvVarSetRef" : "62.5d291e9e-7c8b-42a8-b070-8b7b64560577",
            "displayVersion" : "head",
            "name" : "local/NoMinOrderNotification-noMinOrderNotification",
            "project" : "SY_Reorder_automation",
            "componentName" : "SY_Reorder_automation",
            "canUseDefaultVersion" : true,
            "type" : "ADS",
            "version" : "head",
            "restBinding" : {
              "swaggerRef" : "{http://www.ibm.com/xmlns/prod/bpm/bpmn/ext/externalservice/swagger/b1711142-21c0-4bda-a4a6-5dcc8d58ae22Service}6023.39d1bcda-e3f3-4be0-bff7-afcff192e2ea",
              "openAPIVersion" : "v3"
            }
          },
          "cachingType" : false,
          "name" : "/noMinOrderNotification",
          "interfaceRef" : "_0a9a68a7-e467-4ab6-96f7-8c04a1826e2a",
          "declaredType" : "com.ibm.bpmsdk.model.bpmn20.ibmextservice.TExternalService",
          "id" : "_c6ecf6fe-e47e-4733-a44c-27b3dd84c045"
        } ]
      },
      "declaredType" : "endPoint"
    } ],
    "targetNamespace" : "http://www.ibm.com/xmlns/prod/bpm/bpmn/ext/externalservice/swagger/b1711142-21c0-4bda-a4a6-5dcc8d58ae22Service",
    "typeLanguage" : "http://www.w3.org/2001/XMLSchema",
    "expressionLanguage" : "http://www.ibm.com/xmlns/prod/bpm/expression-lang/javascript",
    "id" : "_66432add-1ddd-4f54-afcf-2ad2ace34727"
  },
  "poId" : "1.c22d9e82-5533-4635-9a16-a6aaa2f67947",
  "REFERENCES" : [ "file:/opt/ibm/wlp/output/defaultServer/temp/automationServiceDiscovery4687396906317785902.json", "http://www.ibm.com/xmlns/prod/bpm/bpmn/ext/externalservice/swagger/xsd/b1711142-21c0-4bda-a4a6-5dcc8d58ae22.xsd", "{http://www.ibm.com/xmlns/prod/bpm/bpmn/ext/externalservice/swagger/b1711142-21c0-4bda-a4a6-5dcc8d58ae22Service}NoMinOrderNotification-noMinOrderNotificationRequestMsg", "{http://www.ibm.com/xmlns/prod/bpm/bpmn/ext/externalservice/swagger/b1711142-21c0-4bda-a4a6-5dcc8d58ae22Service}NoMinOrderNotification-noMinOrderNotificationResponseMsg" ]
}