{
  "WSDL_DATA" : {
    "repoUrl" : "repo://6023.39d1bcda-e3f3-4be0-bff7-afcff192e2ea/.wsdl",
    "uid" : "6023.39d1bcda-e3f3-4be0-bff7-afcff192e2ea",
    "referenceLocation" : [ {
      "absoluteLocation" : "repo://6023.2f1eadc3-309a-4cb2-98e0-a732977d6966/5dcc8d58ae22.xsd",
      "relativeLocation" : "/b1711142-21c0-4bda-a4a6-5dcc8d58ae22.xsd"
    } ],
    "data" : "{\"openapi\":\"3.0.1\",\"info\":{\"title\":\"646000EUAI/uab/SY_Reorder_automation/SY_Reorder_automation/No min order notification/master/84e97e3b0c\",\"description\":\"646000EUAI/uab/SY_Reorder_automation/SY_Reorder_automation/No min order notification/master/84e97e3b0c\",\"version\":\"head\",\"x-ibm-ads-decision-id\":\"646000EUAI/uab/SY_Reorder_automation/SY_Reorder_automation/No min order notification/master/84e97e3b0c\"},\"servers\":[{\"url\":\"https://dl.watson-orchestrate.ibm.com/asb/ads/rest-api/api/wo/automation/uab/SY_Reorder_automation/master/SY_Reorder_automation/SY_Reorder_automation%2FNo%20min%20order%20notification/deploymentSpaces/preview/decisions/646000EUAI%2Fuab%2FSY_Reorder_automation%2FSY_Reorder_automation%2FNo%20min%20order%20notification%2Fmaster%2F84e97e3b0c/operations\"}],\"security\":[{\"IBM-WO-JWT\":[]}],\"paths\":{\"/NoMinOrderNotification-noMinOrderNotification/execute\":{\"post\":{\"tags\":[\"646000EUAI/uab/SY_Reorder_automation/SY_Reorder_automation/No min order notification/master/84e97e3b0c\"],\"summary\":\"NoMinOrderNotification-noMinOrderNotification\",\"description\":\"Execute NoMinOrderNotification-noMinOrderNotification\",\"operationId\":\"NoMinOrderNotification-noMinOrderNotification\",\"requestBody\":{\"content\":{\"application/json\":{\"schema\":{\"$ref\":\"#/components/schemas/NoMinOrderNotification-noMinOrderNotification_input\"}}}},\"responses\":{\"200\":{\"description\":\"Decision execution success\",\"content\":{\"application/json\":{\"schema\":{\"$ref\":\"#/components/schemas/NoMinOrderNotification-noMinOrderNotification_output\"}}}},\"404\":{\"description\":\"A decision or decision operation was not found\",\"content\":{\"application/json\":{\"schema\":{\"$ref\":\"#/components/schemas/BaseError\"}}}},\"500\":{\"description\":\"A runtime exception occurred while executing a decision\",\"content\":{\"application/json\":{\"schema\":{\"$ref\":\"#/components/schemas/BaseError\"}}}}},\"x-ibm-uab-local-operation\":true}}},\"components\":{\"schemas\":{\"NoMinOrderNotification-noMinOrderNotification_input\":{\"type\":\"object\",\"properties\":{\"order_qty\":{\"type\":\"string\"}},\"x-ibm-parameter-wrapper\":true},\"NoMinOrderNotification-noMinOrderNotification_output\":{\"type\":\"object\",\"properties\":{\"generated_text\":{\"type\":\"string\"},\"generated_token_count\":{\"type\":\"integer\",\"format\":\"int32\"},\"input_token_count\":{\"type\":\"integer\",\"format\":\"int32\"},\"stop_reason\":{\"type\":\"string\"},\"error_code\":{\"type\":\"string\"},\"error_message\":{\"type\":\"string\"}},\"nullable\":true,\"x-ibm-parameter-wrapper\":true},\"BaseError\":{\"type\":\"object\",\"properties\":{\"output\":{\"type\":\"object\",\"description\":\"The output of the decision service archive.\",\"nullable\":true},\"incident\":{\"$ref\":\"#/components/schemas/Incident\"}},\"description\":\"The response when an error occurs\"},\"Incident\":{\"type\":\"object\",\"properties\":{\"incidentId\":{\"type\":\"string\",\"description\":\"A unique identifier for the incident\"},\"incidentCategory\":{\"type\":\"string\",\"description\":\"The category of the incident, for instance \\\"Decision not found\\\"\"},\"stackTrace\":{\"type\":\"string\",\"description\":\"An associated stack trace, if the decision runtime is configured to provide it. By default, the stack trace is null\"}},\"description\":\"The description of the failure\"}},\"securitySchemes\":{\"IBM-WO-JWT\":{\"type\":\"http\",\"scheme\":\"bearer\",\"bearerFormat\":\"IBM-Watsonx-Orchestrate-JWT\"}}}}",
    "namespace" : "http://www.ibm.com/xmlns/prod/bpm/bpmn/ext/externalservice/swagger/b1711142-21c0-4bda-a4a6-5dcc8d58ae22Service",
    "type" : "swagger",
    "url" : "file:/opt/ibm/wlp/output/defaultServer/temp/automationServiceDiscovery4687396906317785902.json"
  },
  "type" : "BPMService",
  "definitions" : "{\"openapi\":\"3.0.1\",\"info\":{\"title\":\"646000EUAI/uab/SY_Reorder_automation/SY_Reorder_automation/No min order notification/master/84e97e3b0c\",\"description\":\"646000EUAI/uab/SY_Reorder_automation/SY_Reorder_automation/No min order notification/master/84e97e3b0c\",\"version\":\"head\",\"x-ibm-ads-decision-id\":\"646000EUAI/uab/SY_Reorder_automation/SY_Reorder_automation/No min order notification/master/84e97e3b0c\"},\"servers\":[{\"url\":\"https://dl.watson-orchestrate.ibm.com/asb/ads/rest-api/api/wo/automation/uab/SY_Reorder_automation/master/SY_Reorder_automation/SY_Reorder_automation%2FNo%20min%20order%20notification/deploymentSpaces/preview/decisions/646000EUAI%2Fuab%2FSY_Reorder_automation%2FSY_Reorder_automation%2FNo%20min%20order%20notification%2Fmaster%2F84e97e3b0c/operations\"}],\"security\":[{\"IBM-WO-JWT\":[]}],\"paths\":{\"/NoMinOrderNotification-noMinOrderNotification/execute\":{\"post\":{\"tags\":[\"646000EUAI/uab/SY_Reorder_automation/SY_Reorder_automation/No min order notification/master/84e97e3b0c\"],\"summary\":\"NoMinOrderNotification-noMinOrderNotification\",\"description\":\"Execute NoMinOrderNotification-noMinOrderNotification\",\"operationId\":\"NoMinOrderNotification-noMinOrderNotification\",\"requestBody\":{\"content\":{\"application/json\":{\"schema\":{\"$ref\":\"#/components/schemas/NoMinOrderNotification-noMinOrderNotification_input\"}}}},\"responses\":{\"200\":{\"description\":\"Decision execution success\",\"content\":{\"application/json\":{\"schema\":{\"$ref\":\"#/components/schemas/NoMinOrderNotification-noMinOrderNotification_output\"}}}},\"404\":{\"description\":\"A decision or decision operation was not found\",\"content\":{\"application/json\":{\"schema\":{\"$ref\":\"#/components/schemas/BaseError\"}}}},\"500\":{\"description\":\"A runtime exception occurred while executing a decision\",\"content\":{\"application/json\":{\"schema\":{\"$ref\":\"#/components/schemas/BaseError\"}}}}},\"x-ibm-uab-local-operation\":true}}},\"components\":{\"schemas\":{\"NoMinOrderNotification-noMinOrderNotification_input\":{\"type\":\"object\",\"properties\":{\"order_qty\":{\"type\":\"string\"}},\"x-ibm-parameter-wrapper\":true},\"NoMinOrderNotification-noMinOrderNotification_output\":{\"type\":\"object\",\"properties\":{\"generated_text\":{\"type\":\"string\"},\"generated_token_count\":{\"type\":\"integer\",\"format\":\"int32\"},\"input_token_count\":{\"type\":\"integer\",\"format\":\"int32\"},\"stop_reason\":{\"type\":\"string\"},\"error_code\":{\"type\":\"string\"},\"error_message\":{\"type\":\"string\"}},\"nullable\":true,\"x-ibm-parameter-wrapper\":true},\"BaseError\":{\"type\":\"object\",\"properties\":{\"output\":{\"type\":\"object\",\"description\":\"The output of the decision service archive.\",\"nullable\":true},\"incident\":{\"$ref\":\"#/components/schemas/Incident\"}},\"description\":\"The response when an error occurs\"},\"Incident\":{\"type\":\"object\",\"properties\":{\"incidentId\":{\"type\":\"string\",\"description\":\"A unique identifier for the incident\"},\"incidentCategory\":{\"type\":\"string\",\"description\":\"The category of the incident, for instance \\\"Decision not found\\\"\"},\"stackTrace\":{\"type\":\"string\",\"description\":\"An associated stack trace, if the decision runtime is configured to provide it. By default, the stack trace is null\"}},\"description\":\"The description of the failure\"}},\"securitySchemes\":{\"IBM-WO-JWT\":{\"type\":\"http\",\"scheme\":\"bearer\",\"bearerFormat\":\"IBM-Watsonx-Orchestrate-JWT\"}}}}",
  "poId" : "6023.39d1bcda-e3f3-4be0-bff7-afcff192e2ea"
}