{
  "$schema" : "https://json-schema.org/draft/2019-09/schema",
  "$id" : "http://ibm.com/dba/projects/reorder_automation:dataModel/com/ibm/wo/application/salesforce/attributesType.schema.json",
  "x-ibm-json-name" : "attributesType",
  "x-ibm-package-name" : "com.ibm.wo.application.salesforce",
  "type" : "object",
  "title" : "attributesType",
  "x-ibm-original-json-name" : "retrievewithwhere_Account.attributesType",
  "properties" : {
    "type" : {
      "title" : "Type",
      "type" : [ "string", "null" ]
    },
    "url" : {
      "title" : "Url",
      "type" : [ "string", "null" ]
    }
  }
}