{
  "$schema" : "https://json-schema.org/draft/2019-09/schema",
  "$id" : "http://ibm.com/dba/projects/reorder_automation:dataModel/com/ibm/wo/application/salesforce/CustomerPriority__cType.schema.json",
  "x-ibm-json-name" : "CustomerPriority__cType",
  "x-ibm-package-name" : "com.ibm.wo.application.salesforce",
  "title" : "customer priority  c type",
  "x-ibm-original-json-name" : "retrievewithwhere_Account.CustomerPriority__cType",
  "type" : "string",
  "enum" : [ "High", "Low", "Medium" ]
}