{
  "$schema" : "https://json-schema.org/draft/2019-09/schema",
  "$id" : "http://ibm.com/dba/projects/reorder_automation:dataModel/com/ibm/wo/application/salesforce/IndustryType.schema.json",
  "x-ibm-json-name" : "IndustryType",
  "x-ibm-package-name" : "com.ibm.wo.application.salesforce",
  "title" : "industry type",
  "x-ibm-original-json-name" : "retrievewithwhere_Account.IndustryType",
  "type" : "string",
  "enum" : [ "Agriculture", "Apparel", "Banking", "Biotechnology", "Chemicals", "Communications", "Construction", "Consulting", "Education", "Electronics", "Energy", "Engineering", "Entertainment", "Environmental", "Finance", "Food & Beverage", "Government", "Healthcare", "Hospitality", "Insurance", "Machinery", "Manufacturing", "Media", "Not For Profit", "Other", "Recreation", "Retail", "Shipping", "Technology", "Telecommunications", "Transportation", "Utilities" ]
}