{
  "$schema" : "https://json-schema.org/draft/2019-09/schema",
  "$id" : "http://ibm.com/dba/projects/reorder_automation:dataModel/com/ibm/wo/application/salesforce/instancesType.schema.json",
  "x-ibm-json-name" : "instancesType",
  "x-ibm-package-name" : "com.ibm.wo.application.salesforce",
  "type" : "object",
  "title" : "instancesType",
  "x-ibm-original-json-name" : "retrievewithwhere_Account.instancesType",
  "properties" : {
    "SLAExpirationDate__c" : {
      "title" : "SLA Expiration Date",
      "type" : [ "string", "null" ],
      "format" : "date",
      "examples" : [ "2025-04-01" ]
    },
    "SLASerialNumber__c" : {
      "title" : "SLA Serial Number",
      "type" : [ "string", "null" ]
    },
    "SLA__c" : {
      "title" : "SLA  c",
      "oneOf" : [ {
        "$ref" : "http://ibm.com/dba/projects/reorder_automation:dataModel/com/ibm/wo/application/salesforce/SLA__cType.schema.json"
      }, {
        "type" : "null"
      } ]
    },
    "AccountNumber" : {
      "title" : "Account Number",
      "type" : [ "string", "null" ]
    },
    "AccountSource" : {
      "title" : "account source",
      "oneOf" : [ {
        "$ref" : "http://ibm.com/dba/projects/reorder_automation:dataModel/com/ibm/wo/application/salesforce/AccountSourceType.schema.json"
      }, {
        "type" : "null"
      } ]
    },
    "Active__c" : {
      "title" : "active  c",
      "oneOf" : [ {
        "$ref" : "http://ibm.com/dba/projects/reorder_automation:dataModel/com/ibm/wo/application/salesforce/Active__cType.schema.json"
      }, {
        "type" : "null"
      } ]
    },
    "AnnualRevenue" : {
      "title" : "Annual revenue",
      "type" : "number",
      "format" : "double"
    },
    "attributes" : {
      "title" : "attributes",
      "oneOf" : [ {
        "$ref" : "http://ibm.com/dba/projects/reorder_automation:dataModel/com/ibm/wo/application/salesforce/attributesType.schema.json"
      }, {
        "type" : "null"
      } ]
    },
    "BillingCity" : {
      "title" : "Billing city",
      "type" : [ "string", "null" ]
    },
    "BillingCountry" : {
      "title" : "Billing country",
      "type" : [ "string", "null" ]
    },
    "BillingGeocodeAccuracy" : {
      "title" : "billing geocode accuracy",
      "oneOf" : [ {
        "$ref" : "http://ibm.com/dba/projects/reorder_automation:dataModel/com/ibm/wo/application/salesforce/BillingGeocodeAccuracyType.schema.json"
      }, {
        "type" : "null"
      } ]
    },
    "BillingLatitude" : {
      "title" : "Billing latitude",
      "type" : "number",
      "format" : "double"
    },
    "BillingLongitude" : {
      "title" : "Billing longitude",
      "type" : "number",
      "format" : "double"
    },
    "BillingPostalCode" : {
      "title" : "Billing zip or postal code",
      "type" : [ "string", "null" ]
    },
    "BillingState" : {
      "title" : "Billing State or province",
      "type" : [ "string", "null" ]
    },
    "BillingStreet" : {
      "title" : "Billing street",
      "type" : [ "string", "null" ]
    },
    "CleanStatus" : {
      "title" : "clean status",
      "oneOf" : [ {
        "$ref" : "http://ibm.com/dba/projects/reorder_automation:dataModel/com/ibm/wo/application/salesforce/CleanStatusType.schema.json"
      }, {
        "type" : "null"
      } ]
    },
    "CreatedById" : {
      "title" : "Created by ID",
      "type" : [ "string", "null" ]
    },
    "CreatedDate" : {
      "title" : "Created date",
      "type" : [ "string", "null" ],
      "format" : "date-time",
      "examples" : [ "2025-04-01T01:59:44Z" ]
    },
    "CustomerPriority__c" : {
      "title" : "customer priority  c",
      "oneOf" : [ {
        "$ref" : "http://ibm.com/dba/projects/reorder_automation:dataModel/com/ibm/wo/application/salesforce/CustomerPriority__cType.schema.json"
      }, {
        "type" : "null"
      } ]
    },
    "DandbCompanyId" : {
      "title" : "D&B Company ID",
      "type" : [ "string", "null" ]
    },
    "Description" : {
      "title" : "Account description",
      "type" : [ "string", "null" ]
    },
    "DunsNumber" : {
      "title" : "D-U-N-S Number",
      "type" : [ "string", "null" ]
    },
    "Fax" : {
      "title" : "Account fax",
      "type" : [ "string", "null" ]
    },
    "Id" : {
      "title" : "Account ID",
      "type" : [ "string", "null" ]
    },
    "Industry" : {
      "title" : "industry",
      "oneOf" : [ {
        "$ref" : "http://ibm.com/dba/projects/reorder_automation:dataModel/com/ibm/wo/application/salesforce/IndustryType.schema.json"
      }, {
        "type" : "null"
      } ]
    },
    "IsDeleted" : {
      "title" : "Deleted",
      "type" : "boolean"
    },
    "Jigsaw" : {
      "title" : "Data.com key",
      "type" : [ "string", "null" ]
    },
    "JigsawCompanyId" : {
      "title" : "Jigsaw company ID",
      "type" : [ "string", "null" ]
    },
    "LastActivityDate" : {
      "title" : "Last activity",
      "type" : [ "string", "null" ],
      "format" : "date",
      "examples" : [ "2025-04-01" ]
    },
    "LastModifiedById" : {
      "title" : "Last-modified ID",
      "type" : [ "string", "null" ]
    },
    "LastModifiedDate" : {
      "title" : "Last-modified date",
      "type" : [ "string", "null" ],
      "format" : "date-time",
      "examples" : [ "2025-04-01T01:59:44Z" ]
    },
    "LastReferencedDate" : {
      "title" : "Last-referenced date",
      "type" : [ "string", "null" ],
      "format" : "date-time",
      "examples" : [ "2025-04-01T01:59:44Z" ]
    },
    "LastViewedDate" : {
      "title" : "Last-viewed date",
      "type" : [ "string", "null" ],
      "format" : "date-time",
      "examples" : [ "2025-04-01T01:59:44Z" ]
    },
    "MasterRecordId" : {
      "title" : "Primary record ID",
      "type" : [ "string", "null" ]
    },
    "NaicsCode" : {
      "title" : "NAICS Code",
      "type" : [ "string", "null" ]
    },
    "NaicsDesc" : {
      "title" : "NAICS Description",
      "type" : [ "string", "null" ]
    },
    "Name" : {
      "title" : "Account name",
      "type" : [ "string", "null" ]
    },
    "NumberOfEmployees" : {
      "title" : "Employees",
      "type" : "number",
      "format" : "double"
    },
    "NumberofLocations__c" : {
      "title" : "Number of Locations",
      "type" : "number",
      "format" : "double"
    },
    "OperatingHoursId" : {
      "title" : "Operating Hour ID",
      "type" : [ "string", "null" ]
    },
    "OwnerId" : {
      "title" : "Owner ID",
      "type" : [ "string", "null" ]
    },
    "Ownership" : {
      "title" : "ownership",
      "oneOf" : [ {
        "$ref" : "http://ibm.com/dba/projects/reorder_automation:dataModel/com/ibm/wo/application/salesforce/OwnershipType.schema.json"
      }, {
        "type" : "null"
      } ]
    },
    "ParentId" : {
      "title" : "Parent account ID",
      "type" : [ "string", "null" ]
    },
    "Phone" : {
      "title" : "Account phone",
      "type" : [ "string", "null" ]
    },
    "PhotoUrl" : {
      "title" : "Photo URL",
      "type" : [ "string", "null" ]
    },
    "Rating" : {
      "title" : "rating",
      "oneOf" : [ {
        "$ref" : "http://ibm.com/dba/projects/reorder_automation:dataModel/com/ibm/wo/application/salesforce/RatingType.schema.json"
      }, {
        "type" : "null"
      } ]
    },
    "ShippingCity" : {
      "title" : "Shipping city",
      "type" : [ "string", "null" ]
    },
    "ShippingCountry" : {
      "title" : "Shipping country",
      "type" : [ "string", "null" ]
    },
    "ShippingGeocodeAccuracy" : {
      "title" : "shipping geocode accuracy",
      "oneOf" : [ {
        "$ref" : "http://ibm.com/dba/projects/reorder_automation:dataModel/com/ibm/wo/application/salesforce/BillingGeocodeAccuracyType.schema.json"
      }, {
        "type" : "null"
      } ]
    },
    "ShippingLatitude" : {
      "title" : "Shipping latitude",
      "type" : "number",
      "format" : "double"
    },
    "ShippingLongitude" : {
      "title" : "Shipping longitude",
      "type" : "number",
      "format" : "double"
    },
    "ShippingPostalCode" : {
      "title" : "Shipping zip or postal Code",
      "type" : [ "string", "null" ]
    },
    "ShippingState" : {
      "title" : "Shipping state or province",
      "type" : [ "string", "null" ]
    },
    "ShippingStreet" : {
      "title" : "Shipping street",
      "type" : [ "string", "null" ]
    },
    "Sic" : {
      "title" : "SIC Code",
      "type" : [ "string", "null" ]
    },
    "SicDesc" : {
      "title" : "SIC description",
      "type" : [ "string", "null" ]
    },
    "Site" : {
      "title" : "Account site",
      "type" : [ "string", "null" ]
    },
    "SystemModstamp" : {
      "title" : "System modstamp",
      "type" : [ "string", "null" ],
      "format" : "date-time",
      "examples" : [ "2025-04-01T01:59:44Z" ]
    },
    "TickerSymbol" : {
      "title" : "Ticker symbol",
      "type" : [ "string", "null" ]
    },
    "Tradestyle" : {
      "title" : "Tradestyle",
      "type" : [ "string", "null" ]
    },
    "Type" : {
      "title" : "type",
      "oneOf" : [ {
        "$ref" : "http://ibm.com/dba/projects/reorder_automation:dataModel/com/ibm/wo/application/salesforce/TypeType.schema.json"
      }, {
        "type" : "null"
      } ]
    },
    "UpsellOpportunity__c" : {
      "title" : "upsell opportunity  c",
      "oneOf" : [ {
        "$ref" : "http://ibm.com/dba/projects/reorder_automation:dataModel/com/ibm/wo/application/salesforce/UpsellOpportunity__cType.schema.json"
      }, {
        "type" : "null"
      } ]
    },
    "Website" : {
      "title" : "Website",
      "type" : [ "string", "null" ]
    },
    "YearStarted" : {
      "title" : "Year Started",
      "type" : [ "string", "null" ]
    }
  }
}