{
  "$schema" : "https://json-schema.org/draft/2019-09/schema",
  "$id" : "http://ibm.com/dba/projects/reorder_automation:dataModel/com/ibm/wo/application/salesforce/TypeType.schema.json",
  "x-ibm-json-name" : "TypeType",
  "x-ibm-package-name" : "com.ibm.wo.application.salesforce",
  "title" : "type type",
  "x-ibm-original-json-name" : "retrievewithwhere_Account.TypeType",
  "type" : "string",
  "enum" : [ "Channel Partner / Reseller", "Customer - Channel", "Customer - Direct", "Installation Partner", "Other", "Prospect", "Technology Partner" ]
}