{
  "$schema" : "https://json-schema.org/draft/2019-09/schema",
  "$id" : "http://ibm.com/dba/projects/reorder_automation:dataModel/com/ibm/wo/application/salesforce/UpsellOpportunity__cType.schema.json",
  "x-ibm-json-name" : "UpsellOpportunity__cType",
  "x-ibm-package-name" : "com.ibm.wo.application.salesforce",
  "title" : "upsell opportunity  c type",
  "x-ibm-original-json-name" : "retrievewithwhere_Account.UpsellOpportunity__cType",
  "type" : "string",
  "enum" : [ "Maybe", "No", "Yes" ]
}