{
    "definitions": {
        "rootElement": [
            {
                "flowElement": [
                    {
                        "parallelMultiple": false,
                        "outgoing": [
                            "75c6cb70-dfab-4002-9f65-8a4e176e67db"
                        ],
                        "isInterrupting": true,
                        "extensionElements": {
                            "default": [
                                "75c6cb70-dfab-4002-9f65-8a4e176e67db"
                            ],
                            "nodeVisualInfo": [
                                {
                                    "color": "#F8F8F8",
                                    "width": 24,
                                    "x": 25,
                                    "y": 80,
                                    "declaredType": "TNodeVisualInfo",
                                    "height": 24
                                }
                            ]
                        },
                        "name": "Start",
                        "declaredType": "startEvent",
                        "id": "07a8e41b-71e8-4a87-aea0-96fd7c25845f"
                    },
                    {
                        "incoming": [
                            "f4590182-b148-4d56-9b73-30c16d73d586"
                        ],
                        "extensionElements": {
                            "nodeVisualInfo": [
                                {
                                    "color": "#F8F8F8",
                                    "width": 24,
                                    "x": 189,
                                    "y": 80,
                                    "declaredType": "TNodeVisualInfo",
                                    "height": 24
                                }
                            ]
                        },
                        "name": "End",
                        "declaredType": "endEvent",
                        "id": "a6be9b05-307a-425e-8475-1c912b52dd55"
                    },
                    {
                        "targetRef": "0e52eeeb-25bb-44dd-89ff-3d85c99c6393",
                        "extensionElements": {
                            "linkVisualInfo": [
                                {
                                    "sourcePortLocation": "rightCenter",
                                    "showCoachControlLabel": false,
                                    "labelPosition": 0,
                                    "targetPortLocation": "leftCenter",
                                    "declaredType": "TLinkVisualInfo",
                                    "saveExecutionContext": false,
                                    "showLabel": false
                                }
                            ],
                            "happySequence": [
                                true
                            ]
                        },
                        "name": "To End",
                        "declaredType": "sequenceFlow",
                        "id": "75c6cb70-dfab-4002-9f65-8a4e176e67db",
                        "sourceRef": "07a8e41b-71e8-4a87-aea0-96fd7c25845f"
                    },
                    {
                        "id": "4ac72a1a-a9fc-456c-a3ac-79b32e6f58fb",
                        "sourceRef": "0e52eeeb-25bb-44dd-89ff-3d85c99c6393",
                        "targetRef": "abd722e7-4c2c-47fe-94e2-747d2a4332e9",
                        "extensionElements": {
                            "linkVisualInfo": [
                                {
                                    "sourcePortLocation": "rightCenter",
                                    "showCoachControlLabel": false,
                                    "labelPosition": 0,
                                    "targetPortLocation": "leftCenter",
                                    "declaredType": "TLinkVisualInfo",
                                    "saveExecutionContext": false,
                                    "showLabel": false
                                }
                            ],
                            "happySequence": [
                                true
                            ]
                        },
                        "name": "To node",
                        "declaredType": "sequenceFlow"
                    },
                    {
                        "id": "0e52eeeb-25bb-44dd-89ff-3d85c99c6393",
                        "name": "Supplier Research",
                        "declaredType": "callActivity",
                        "startQuantity": 1,
                        "isForCompensation": false,
                        "completionQuantity": 1,
                        "calledElement": "1.c97638f0-1b3a-4b4d-a6e2-aebe83e59593",
                        "default": "4ac72a1a-a9fc-456c-a3ac-79b32e6f58fb",
                        "outgoing": [
                            "4ac72a1a-a9fc-456c-a3ac-79b32e6f58fb"
                        ],
                        "incoming": [
                            "75c6cb70-dfab-4002-9f65-8a4e176e67db"
                        ],
                        "resourceRole": [
                            {
                                "resourceAssignmentExpression": {
                                    "expression": {
                                        "declaredType": "TExpression",
                                        "content": [
                                            "\"USER:\" + tw.system.currentProcessInstance.starter.name"
                                        ]
                                    }
                                },
                                "teamAssignmentType": "Dynamic",
                                "name": "Custom",
                                "declaredType": "com.ibm.bpmsdk.model.bpmn20.ibmwleext.TActivityPerformer",
                                "distribution": "None"
                            }
                        ],
                        "extensionElements": {
                            "activityExtension": [
                                {
                                    "conditional": false,
                                    "transactionalBehavior": "NotSet",
                                    "declaredType": "com.ibm.bpmsdk.model.bpmn20.ibmwleext.TActivityExtension"
                                }
                            ],
                            "nodeVisualInfo": [
                                {
                                    "declaredType": "TNodeVisualInfo",
                                    "x": 555,
                                    "y": 75,
                                    "width": 95,
                                    "height": 70
                                }
                            ],
                            "skillTaskInfo": [
                                {
                                    "applicationId": "app-89bedefc06fe46d99551fedd54d3ae77",
                                    "summary": "Supplier Research",
                                    "declaredType": "com.ibm.bpmsdk.model.bpmn20.ibmwleext.TSkillTaskInfo"
                                }
                            ],
                            "activityType": [
                                "ServiceTask"
                            ],
                            "activitySubType": [
                                "Skill"
                            ],
                            "skillId": [
                                "2.-Supplier-Research-Agent-API__0.1.0__supplierresearch_researchsuppliersget"
                            ],
                            "calledOperation": [
                                "_bb565756-3d00-4450-a22f-2223a4d0a3a7"
                            ]
                        },
                        "dataInputAssociation": [
                            {
                                "assignment": [
                                    {
                                        "extensionElements": {
                                            "mappingMode": [
                                                "simple"
                                            ]
                                        },
                                        "from": {
                                            "evaluatesToTypeRef": "string",
                                            "declaredType": "TFormalExpression",
                                            "content": [
                                                "tw.local.Query"
                                            ]
                                        },
                                        "to": {
                                            "evaluatesToTypeRef": "",
                                            "declaredType": "TFormalExpression",
                                            "content": [
                                                "tw.inputs.query"
                                            ]
                                        }
                                    }
                                ],
                                "targetRef": "query"
                            }
                        ],
                        "dataOutputAssociation": [
                            {
                                "assignment": [
                                    {
                                        "extensionElements": {
                                            "mappingMode": [
                                                "simple"
                                            ]
                                        },
                                        "from": {
                                            "evaluatesToTypeRef": "",
                                            "declaredType": "TFormalExpression",
                                            "content": [
                                                "tw.outputs.supplierresearch_researchsuppliersget.uab_Agent_Response"
                                            ]
                                        },
                                        "to": {
                                            "evaluatesToTypeRef": "",
                                            "declaredType": "TFormalExpression",
                                            "content": [
                                                "tw.local.AgentResponse"
                                            ]
                                        }
                                    }
                                ],
                                "sourceRef": [
                                    "supplierresearch_researchsuppliersget"
                                ]
                            }
                        ]
                    },
                    {
                        "id": "f4590182-b148-4d56-9b73-30c16d73d586",
                        "sourceRef": "abd722e7-4c2c-47fe-94e2-747d2a4332e9",
                        "targetRef": "a6be9b05-307a-425e-8475-1c912b52dd55",
                        "extensionElements": {
                            "linkVisualInfo": [
                                {
                                    "sourcePortLocation": "rightCenter",
                                    "showCoachControlLabel": false,
                                    "labelPosition": 0,
                                    "targetPortLocation": "leftCenter",
                                    "declaredType": "TLinkVisualInfo",
                                    "saveExecutionContext": false,
                                    "showLabel": false
                                }
                            ],
                            "happySequence": [
                                true
                            ]
                        },
                        "name": "To node",
                        "declaredType": "sequenceFlow"
                    },
                    {
                        "id": "abd722e7-4c2c-47fe-94e2-747d2a4332e9",
                        "name": "Get Supplier Name",
                        "declaredType": "callActivity",
                        "startQuantity": 1,
                        "isForCompensation": false,
                        "completionQuantity": 1,
                        "calledElement": "1.faeaae0b-58aa-46ad-af7e-5f1b17aa7fcb",
                        "default": "f4590182-b148-4d56-9b73-30c16d73d586",
                        "outgoing": [
                            "f4590182-b148-4d56-9b73-30c16d73d586"
                        ],
                        "incoming": [
                            "4ac72a1a-a9fc-456c-a3ac-79b32e6f58fb"
                        ],
                        "extensionElements": {
                            "activityExtension": [
                                {
                                    "conditional": false,
                                    "transactionalBehavior": "NotSet",
                                    "declaredType": "com.ibm.bpmsdk.model.bpmn20.ibmwleext.TActivityExtension"
                                }
                            ],
                            "nodeVisualInfo": [
                                {
                                    "declaredType": "TNodeVisualInfo",
                                    "x": 555,
                                    "y": 75,
                                    "width": 95,
                                    "height": 70
                                }
                            ],
                            "activityType": [
                                "ServiceTask"
                            ],
                            "activitySubType": [
                                "GenerativeAI"
                            ],
                            "componentName": [
                                "Get Supplier Name"
                            ],
                            "operationId": [
                                "GetSupplierName-getSupplierName"
                            ],
                            "calledOperation": [
                                "_e7cb66b4-406a-4e81-928d-6638b7da6d99"
                            ],
                            "automationIdentifierName": [
                                "uab/Reorder_automation_demo"
                            ]
                        },
                        "dataInputAssociation": [
                            {
                                "assignment": [
                                    {
                                        "extensionElements": {
                                            "mappingMode": [
                                                "simple"
                                            ]
                                        },
                                        "from": {
                                            "evaluatesToTypeRef": "string",
                                            "declaredType": "TFormalExpression",
                                            "content": [
                                                "tw.local.AgentResponse"
                                            ]
                                        },
                                        "to": {
                                            "evaluatesToTypeRef": "",
                                            "declaredType": "TFormalExpression",
                                            "content": [
                                                "tw.inputs.recommendation"
                                            ]
                                        }
                                    }
                                ],
                                "targetRef": "recommendation"
                            }
                        ],
                        "dataOutputAssociation": [
                            {
                                "assignment": [
                                    {
                                        "extensionElements": {
                                            "mappingMode": [
                                                "simple"
                                            ]
                                        },
                                        "from": {
                                            "evaluatesToTypeRef": "",
                                            "declaredType": "TFormalExpression",
                                            "content": [
                                                "tw.outputs.generated_text"
                                            ]
                                        },
                                        "to": {
                                            "evaluatesToTypeRef": "",
                                            "declaredType": "TFormalExpression",
                                            "content": [
                                                "tw.local.SupplierName"
                                            ]
                                        }
                                    }
                                ],
                                "sourceRef": [
                                    "generated_text"
                                ]
                            }
                        ]
                    },
                    {
                        "id": "4543e93e-6bb4-439c-8cba-4e9eade4e252",
                        "name": "AgentResponse",
                        "isCollection": false,
                        "itemSubjectRef": "string",
                        "declaredType": "dataObject",
                        "extensionElements": {
                            "dataName": [
                                "AgentResponse"
                            ]
                        }
                    }
                ],
                "laneSet": [
                    {
                        "id": "fee60a46-854b-434f-a90e-eea8ba1ed739",
                        "lane": [
                            {
                                "flowNodeRef": [
                                    "07a8e41b-71e8-4a87-aea0-96fd7c25845f",
                                    "a6be9b05-307a-425e-8475-1c912b52dd55",
                                    "0e52eeeb-25bb-44dd-89ff-3d85c99c6393",
                                    "abd722e7-4c2c-47fe-94e2-747d2a4332e9"
                                ],
                                "extensionElements": {
                                    "nodeVisualInfo": [
                                        {
                                            "color": "#F8F8F8",
                                            "width": 3000,
                                            "x": 0,
                                            "y": 0,
                                            "declaredType": "TNodeVisualInfo",
                                            "height": 175
                                        }
                                    ]
                                },
                                "name": "All Users",
                                "partitionElementRef": "24.da7e4d23-78cb-4483-98ed-b9c238308a03",
                                "declaredType": "lane",
                                "id": "5de6dce3-4880-42ed-b7a2-2ba7cb2a58b9",
                                "otherAttributes": {
                                    "{http://www.ibm.com/xmlns/prod/bpm/bpmn/ext/process/wle}isSystemLane": "false"
                                }
                            },
                            {
                                "extensionElements": {
                                    "nodeVisualInfo": [
                                        {
                                            "color": "#F8F8F8",
                                            "width": 3000,
                                            "x": 0,
                                            "y": 175,
                                            "declaredType": "TNodeVisualInfo",
                                            "height": 200
                                        }
                                    ]
                                },
                                "name": "System",
                                "partitionElementRef": "24.6fd38d02-81cf-48ab-bd42-8ff4c0a1628b",
                                "declaredType": "lane",
                                "id": "b2f2e62f-657a-4152-92cb-7c0d6c90503b",
                                "otherAttributes": {
                                    "{http://www.ibm.com/xmlns/prod/bpm/bpmn/ext/process/wle}isSystemLane": "true"
                                }
                            }
                        ]
                    }
                ],
                "resourceRole": [
                    {
                        "resourceRef": "24.da7e4d23-78cb-4483-98ed-b9c238308a03",
                        "name": "participantRef",
                        "declaredType": "resourceRole"
                    },
                    {
                        "name": "businessDataParticipantRef",
                        "declaredType": "resourceRole"
                    },
                    {
                        "name": "perfMetricParticipantRef",
                        "declaredType": "resourceRole"
                    },
                    {
                        "name": "ownerTeamParticipantRef",
                        "declaredType": "resourceRole"
                    }
                ],
                "isClosed": false,
                "extensionElements": {
                    "bpdExtension": [
                        {
                            "allowContentOperations": false,
                            "enableTracking": true,
                            "workSchedule": {
                                "timezoneType": 0,
                                "timeScheduleType": 0,
                                "holidayScheduleType": 0
                            },
                            "instanceName": "\"flow:\" + tw.system.process.instanceId",
                            "dueDateSettings": {
                                "dueDate": {
                                    "unit": "Hours",
                                    "value": "8",
                                    "timeOfDay": "00:00"
                                },
                                "type": "TimeCalculation"
                            },
                            "autoTrackingName": "at1675198607405",
                            "declaredType": "com.ibm.bpmsdk.model.bpmn20.ibmwleext.TBPDExtension",
                            "optimizeExecForLatency": false,
                            "dueDateEnabled": false,
                            "atRiskCalcEnabled": true,
                            "allowProjectedPathManagement": false,
                            "autoTrackingEnabled": false,
                            "sboSyncEnabled": true
                        }
                    ],
                    "caseExtension": [
                        {
                            "declaredType": "com.ibm.bpmsdk.model.bpmn20.ibmcaseext.TCaseExtension",
                            "caseFolder": {
                                "allowSubfoldersCreation": false,
                                "allowLocalDoc": false,
                                "id": "1bb78fc6-3e1a-498a-bc36-427c42a346ed",
                                "allowExternalFolder": false,
                                "allowExternalDoc": false
                            }
                        }
                    ],
                    "isConvergedProcess": [
                        true
                    ],
                    "workflowDisplayName": [
                        "Get Supplier Flow"
                    ],
                    "variableOrder": [
                        "4543e93e-6bb4-439c-8cba-4e9eade4e252",
                        "2007.34c682da-8bd8-4251-b363-883c11fdee52",
                        "2007.4f71fcfa-01f5-4171-ba66-ee4872eb4b26"
                    ]
                },
                "documentation": [
                    {
                        "content": [
                            ""
                        ],
                        "textFormat": "text/plain"
                    }
                ],
                "name": "2c96e4c8-c1bc-47ce-890e-8a5c7c65cbae",
                "declaredType": "process",
                "id": "25.2c96e4c8-c1bc-47ce-890e-8a5c7c65cbae",
                "processType": "None",
                "otherAttributes": {
                    "{http://www.ibm.com/xmlns/prod/bpm/bpmn/ext/process}executionMode": "longRunning"
                },
                "ioSpecification": {
                    "inputSet": [
                        {
                            "id": "_1d32fca4-687b-4e8b-bace-f096e591dd37"
                        }
                    ],
                    "outputSet": [
                        {
                            "id": "_78b7bb29-ecfc-4b4b-8972-45a420f02216"
                        }
                    ],
                    "dataOutput": [
                        {
                            "id": "2007.34c682da-8bd8-4251-b363-883c11fdee52",
                            "name": "SupplierName",
                            "isCollection": false,
                            "itemSubjectRef": "string",
                            "extensionElements": {
                                "dataName": [
                                    "SupplierName"
                                ]
                            }
                        }
                    ],
                    "dataInput": [
                        {
                            "id": "2007.4f71fcfa-01f5-4171-ba66-ee4872eb4b26",
                            "name": "Query",
                            "isCollection": false,
                            "itemSubjectRef": "string",
                            "extensionElements": {
                                "dataName": [
                                    "Query"
                                ]
                            }
                        }
                    ]
                }
            },
            {
                "name": "flowInterface",
                "declaredType": "interface",
                "id": "_d6248401-201b-4423-b674-56edf753cbfd"
            }
        ],
        "targetNamespace": "",
        "typeLanguage": "http://www.w3.org/2001/XMLSchema",
        "expressionLanguage": "http://www.ibm.com/xmlns/prod/bpm/expression-lang/javascript",
        "id": "154b6f21-5bc2-4f97-bb56-ea7e04344c96"
    }
}