{
  "WSDL_DATA" : {
    "repoUrl" : "repo://6023.bedcc00b-d97f-404c-b167-7b467ca64e51/.wsdl",
    "uid" : "6023.bedcc00b-d97f-404c-b167-7b467ca64e51",
    "referenceLocation" : [ {
      "absoluteLocation" : "repo://6023.dca6374b-3622-45ff-a015-3c84b542f2f8/486b82bc57d0.xsd",
      "relativeLocation" : "/04fdbd4d-384f-4136-a5f7-486b82bc57d0.xsd"
    } ],
    "data" : "{\"openapi\":\"3.0.1\",\"info\":{\"title\":\"Initiate Replenishment\",\"description\":\"\",\"version\":\"1.0.0\",\"x-ibm-skill-type\":\"skill-flow\",\"x-ibm-annotations\":\"true\",\"x-ibm-application-id\":\"composite_skill\",\"x-ibm-application-icon\":\"<svg width=\\\"30\\\" height=\\\"30\\\" id=\\\"Layer_1\\\" data-name=\\\"Layer 1\\\" xmlns=\\\"http://www.w3.org/2000/svg\\\" xmlns:xlink=\\\"http://www.w3.org/1999/xlink\\\" viewBox=\\\"0 0 1920 1920\\\"><defs><style>.cls-1{fill:#fff;}.cls-2{fill:url(#linear-gradient);}.cls-3{fill:url(#linear-gradient-2);}.cls-4{fill:url(#linear-gradient-3);}.cls-5{fill:url(#linear-gradient-4);}.cls-6{mask:url(#mask);}.cls-7{fill:url(#linear-gradient-5);}.cls-8{fill:#001d6c;}</style><linearGradient id=\\\"linear-gradient\\\" x1=\\\"-1049.46\\\" y1=\\\"-5211.64\\\" x2=\\\"-1049.46\\\" y2=\\\"-4742.87\\\" gradientTransform=\\\"matrix(1, 0, 0, -1, 1259.46, -3725.36)\\\" gradientUnits=\\\"userSpaceOnUse\\\"><stop offset=\\\"0\\\" stop-opacity=\\\"0\\\"/><stop offset=\\\"0.83\\\"/></linearGradient><linearGradient id=\\\"linear-gradient-2\\\" x1=\\\"-124.2\\\" y1=\\\"-5096.73\\\" x2=\\\"-315.69\\\" y2=\\\"-4765.06\\\" gradientTransform=\\\"matrix(1, 0, 0, -1, 1255.54, -3741.25)\\\" gradientUnits=\\\"userSpaceOnUse\\\"><stop offset=\\\"0\\\" stop-opacity=\\\"0\\\"/><stop offset=\\\"0.7\\\"/></linearGradient><linearGradient id=\\\"linear-gradient-3\\\" x1=\\\"-1491.46\\\" y1=\\\"-1099.81\\\" x2=\\\"-1491.46\\\" y2=\\\"-631.03\\\" gradientTransform=\\\"matrix(1, 0, 0, -1, 3201.46, -199.48)\\\" xlink:href=\\\"#linear-gradient\\\"/><linearGradient id=\\\"linear-gradient-4\\\" x1=\\\"-566.2\\\" y1=\\\"-984.89\\\" x2=\\\"-757.69\\\" y2=\\\"-653.22\\\" gradientTransform=\\\"matrix(-1, 0, 0, 1, 222.46, 1547.25)\\\" xlink:href=\\\"#linear-gradient-2\\\"/><mask id=\\\"mask\\\" x=\\\"0\\\" y=\\\"21.37\\\" width=\\\"1920\\\" height=\\\"1875.09\\\" maskUnits=\\\"userSpaceOnUse\\\"><path class=\\\"cls-1\\\" d=\\\"M1851,841.73H1729.79c-58-364.46-380.59-644.57-769.79-644.57-277.19,0-520.41,142.35-658.78,355.69A485.17,485.17,0,0,1,540,490.15c223.17,0,410.71,149.73,464.2,351.58H879C829.42,705.39,696.39,607.34,540,607.34a360.17,360.17,0,0,0-286.78,141L101.71,699.05C215.43,341.07,556.52,80,960,80,1415.47,80,1792.07,412.42,1851,841.73Zm-184.26,327.74a360.2,360.2,0,0,1-286.78,141c-156.39,0-289.42-98-339-234.39H915.8c53.49,201.85,241,351.58,464.2,351.58a485.17,485.17,0,0,0,238.78-62.7c-138.37,213.34-381.59,355.69-658.78,355.69-389.2,0-711.77-280.11-769.79-644.57H69c59,429.31,435.57,761.76,891,761.76,403.48,0,744.57-261.1,858.29-619.08Z\\\"/><rect class=\\\"cls-2\\\" y=\\\"1017.52\\\" width=\\\"420\\\" height=\\\"468.77\\\"/><polygon class=\\\"cls-3\\\" points=\\\"1260 1046.81 900 1046.81 900 1486.29 1260 1281.2 1260 1046.81\\\"/><rect class=\\\"cls-4\\\" x=\\\"1500\\\" y=\\\"431.55\\\" width=\\\"420\\\" height=\\\"468.77\\\" transform=\\\"translate(3420 1331.87) rotate(-180)\\\"/><polygon class=\\\"cls-5\\\" points=\\\"660 871.02 1020 871.02 1020 431.55 660 636.64 660 871.02\\\"/></mask><linearGradient id=\\\"linear-gradient-5\\\" x1=\\\"11.23\\\" y1=\\\"1907.69\\\" x2=\\\"1908.77\\\" y2=\\\"10.15\\\" gradientUnits=\\\"userSpaceOnUse\\\"><stop offset=\\\"0.1\\\" stop-color=\\\"#a56eff\\\"/><stop offset=\\\"0.9\\\" stop-color=\\\"#0072c3\\\"/></linearGradient></defs><g class=\\\"cls-6\\\"><rect class=\\\"cls-7\\\" y=\\\"21.37\\\" width=\\\"1920\\\" height=\\\"1875.09\\\"/></g><ellipse class=\\\"cls-8\\\" cx=\\\"1800\\\" cy=\\\"958.92\\\" rx=\\\"120\\\" ry=\\\"117.19\\\"/><ellipse class=\\\"cls-8\\\" cx=\\\"120\\\" cy=\\\"958.92\\\" rx=\\\"120\\\" ry=\\\"117.19\\\"/><ellipse class=\\\"cls-8\\\" cx=\\\"960\\\" cy=\\\"958.92\\\" rx=\\\"120\\\" ry=\\\"117.19\\\"/></svg>\",\"x-ibm-application-name\":\"Skill flows\"},\"servers\":[{\"url\":\"https://dl.watson-orchestrate.ibm.com/asb/uabskillproxy\"}],\"security\":[{\"IBM-WO-JWT\":[]}],\"paths\":{\"/invoke/skill/composite_skill__1.0.0__75ae816c1ab548458b3d587db99586b9\":{\"post\":{\"summary\":\"Initiate Replenishment\",\"description\":\"\",\"operationId\":\"75ae816c1ab548458b3d587db99586b9\",\"parameters\":[{\"name\":\"accountName\",\"in\":\"query\",\"description\":\"Account name\",\"required\":true,\"style\":\"form\",\"explode\":false,\"schema\":{\"type\":\"string\"},\"x-ibm-label\":\"Account name\"},{\"name\":\"next_page_token\",\"in\":\"query\",\"description\":\"token to obtain next set of records\",\"required\":false,\"style\":\"form\",\"explode\":true,\"schema\":{\"type\":\"string\",\"x-ibm-pagination\":{\"jmesPath\":\"next.next_page_token\",\"pagination\":true,\"isNextPageToken\":true}},\"x-ibm-show\":false,\"x-ibm-label\":\"Next page token\",\"x-ibm-display-name\":\"Next page token\"},{\"name\":\"filter\",\"in\":\"query\",\"description\":\"The [`filter`](https://loopback.io/doc/en/lb4/Where-filter.html) is a type of filter clause that consists of one or more logical conditions to match, it is a way of achieving subsetting of data based on the specified conditions\",\"required\":false,\"style\":\"form\",\"explode\":true,\"schema\":{\"type\":\"string\"},\"x-ibm-label\":\"filter\",\"x-ibm-queryable-fields\":{\"type\":\"object\",\"properties\":{\"Id\":{\"name\":\"Product ID\",\"type\":\"string\",\"title\":\"Product ID\",\"description\":\"Product ID\",\"x-ibm-label\":\"Product ID\",\"x-ibm-display-name\":\"Product ID\",\"x-ibm-supported-operators\":{\"and\":[\"eq\"]}},\"Name\":{\"name\":\"Product name\",\"type\":\"string\",\"title\":\"Product name\",\"description\":\"Product name\",\"x-ibm-label\":\"Product name\",\"x-ibm-display-name\":\"Product name\",\"x-ibm-supported-operators\":{\"and\":[\"contains\",\"notcontains\",\"endswith\",\"startswith\",\"eq\"]}},\"Type\":{\"name\":\"Product Type\",\"type\":\"string\",\"title\":\"Product Type\",\"description\":\"Product Type\",\"x-ibm-label\":\"Product Type\",\"x-ibm-display-name\":\"Product Type\",\"x-ibm-supported-operators\":{\"and\":[\"contains\",\"notcontains\",\"endswith\",\"startswith\",\"eq\"]}},\"Family\":{\"name\":\"Product family\",\"type\":\"string\",\"title\":\"Product family\",\"description\":\"Product family\",\"x-ibm-label\":\"Product family\",\"x-ibm-display-name\":\"Product family\",\"x-ibm-supported-operators\":{\"and\":[\"contains\",\"notcontains\",\"endswith\",\"startswith\",\"eq\"]}},\"IsActive\":{\"name\":\"Active\",\"type\":\"boolean\",\"title\":\"Active\",\"description\":\"Active\",\"x-ibm-label\":\"Active\",\"x-ibm-display-name\":\"Active\",\"x-ibm-supported-operators\":{\"or\":[\"eq\",\"gt\",\"lt\",\"gte\",\"lte\",\"contains\",\"notcontains\",\"endswith\",\"startswith\"],\"and\":[\"eq\",\"gt\",\"lt\",\"gte\",\"lte\",\"contains\",\"notcontains\",\"endswith\",\"startswith\"]}},\"IsDeleted\":{\"name\":\"Deleted\",\"type\":\"boolean\",\"title\":\"Deleted\",\"description\":\"Deleted\",\"x-ibm-label\":\"Deleted\",\"x-ibm-display-name\":\"Deleted\",\"x-ibm-supported-operators\":{\"or\":[\"eq\",\"gt\",\"lt\",\"gte\",\"lte\",\"contains\",\"notcontains\",\"endswith\",\"startswith\"],\"and\":[\"eq\",\"gt\",\"lt\",\"gte\",\"lte\",\"contains\",\"notcontains\",\"endswith\",\"startswith\"]}},\"DisplayUrl\":{\"name\":\"Display URL\",\"type\":\"string\",\"title\":\"Display URL\",\"description\":\"Display URL\",\"x-ibm-label\":\"Display URL\",\"x-ibm-display-name\":\"Display URL\",\"x-ibm-supported-operators\":{\"and\":[\"contains\",\"notcontains\",\"endswith\",\"startswith\",\"eq\"]}},\"ExternalId\":{\"name\":\"External ID\",\"type\":\"string\",\"title\":\"External ID\",\"description\":\"External ID\",\"x-ibm-label\":\"External ID\",\"x-ibm-display-name\":\"External ID\",\"x-ibm-supported-operators\":{\"and\":[\"eq\"]}},\"IsArchived\":{\"name\":\"Archived\",\"type\":\"boolean\",\"title\":\"Archived\",\"description\":\"Archived\",\"x-ibm-label\":\"Archived\",\"x-ibm-display-name\":\"Archived\",\"x-ibm-supported-operators\":{\"or\":[\"eq\",\"gt\",\"lt\",\"gte\",\"lte\",\"contains\",\"notcontains\",\"endswith\",\"startswith\"],\"and\":[\"eq\",\"gt\",\"lt\",\"gte\",\"lte\",\"contains\",\"notcontains\",\"endswith\",\"startswith\"]}},\"CreatedById\":{\"name\":\"Created by ID\",\"type\":\"string\",\"title\":\"Created by ID\",\"description\":\"Created by ID\",\"x-ibm-label\":\"Created by ID\",\"x-ibm-display-name\":\"Created by ID\",\"x-ibm-supported-operators\":{\"and\":[\"eq\"]}},\"CreatedDate\":{\"name\":\"Created date\",\"type\":\"string\",\"title\":\"Created date\",\"format\":\"date-time\",\"description\":\"Created date\",\"x-ibm-label\":\"Created date\",\"x-ibm-display-name\":\"Created date\",\"x-ibm-supported-operators\":{\"and\":[\"eq\",\"gt\",\"lt\",\"gte\",\"lte\"]}},\"Description\":{\"name\":\"Product description\",\"type\":\"string\",\"title\":\"Product description\",\"description\":\"Product description\",\"x-ibm-label\":\"Product description\",\"x-ibm-display-name\":\"Product description\",\"x-ibm-supported-operators\":{\"and\":[\"contains\",\"notcontains\",\"endswith\",\"startswith\",\"eq\"]}},\"ProductCode\":{\"name\":\"Product code\",\"type\":\"string\",\"title\":\"Product code\",\"description\":\"Product code\",\"x-ibm-label\":\"Product code\",\"x-ibm-display-name\":\"Product code\",\"x-ibm-supported-operators\":{\"and\":[\"contains\",\"notcontains\",\"endswith\",\"startswith\",\"eq\"]}},\"ProductClass\":{\"name\":\"Product Class\",\"type\":\"string\",\"title\":\"Product Class\",\"description\":\"Product Class\",\"x-ibm-label\":\"Product Class\",\"x-ibm-display-name\":\"Product Class\",\"x-ibm-supported-operators\":{\"and\":[\"contains\",\"notcontains\",\"endswith\",\"startswith\",\"eq\"]}},\"LastViewedDate\":{\"name\":\"Last viewed date\",\"type\":\"string\",\"title\":\"Last viewed date\",\"format\":\"date-time\",\"description\":\"Last viewed date\",\"x-ibm-label\":\"Last viewed date\",\"x-ibm-display-name\":\"Last viewed date\",\"x-ibm-supported-operators\":{\"and\":[\"eq\",\"gt\",\"lt\",\"gte\",\"lte\"]}},\"SystemModstamp\":{\"name\":\"System modstamp\",\"type\":\"string\",\"title\":\"System modstamp\",\"format\":\"date-time\",\"description\":\"System modstamp\",\"x-ibm-label\":\"System modstamp\",\"x-ibm-display-name\":\"System modstamp\",\"x-ibm-supported-operators\":{\"and\":[\"eq\",\"gt\",\"lt\",\"gte\",\"lte\"]}},\"LastModifiedById\":{\"name\":\"Last modified by ID\",\"type\":\"string\",\"title\":\"Last modified by ID\",\"description\":\"Last modified by ID\",\"x-ibm-label\":\"Last modified by ID\",\"x-ibm-display-name\":\"Last modified by ID\",\"x-ibm-supported-operators\":{\"and\":[\"eq\"]}},\"LastModifiedDate\":{\"name\":\"Last modified date\",\"type\":\"string\",\"title\":\"Last modified date\",\"format\":\"date-time\",\"description\":\"Last modified date\",\"x-ibm-label\":\"Last modified date\",\"x-ibm-display-name\":\"Last modified date\",\"x-ibm-supported-operators\":{\"and\":[\"eq\",\"gt\",\"lt\",\"gte\",\"lte\"]}},\"StockKeepingUnit\":{\"name\":\"Product SKU\",\"type\":\"string\",\"title\":\"Product SKU\",\"description\":\"Product SKU\",\"x-ibm-label\":\"Product SKU\",\"x-ibm-display-name\":\"Product SKU\",\"x-ibm-supported-operators\":{\"and\":[\"contains\",\"notcontains\",\"endswith\",\"startswith\",\"eq\"]}},\"Product_Amount__c\":{\"name\":\"Product Amount\",\"type\":\"number\",\"title\":\"Product Amount\",\"description\":\"Product Amount\",\"x-ibm-label\":\"Product Amount\",\"x-ibm-display-name\":\"Product Amount\",\"x-ibm-supported-operators\":{\"and\":[\"eq\",\"gt\",\"lt\",\"gte\",\"lte\"]}},\"LastReferencedDate\":{\"name\":\"Last referenced date\",\"type\":\"string\",\"title\":\"Last referenced date\",\"format\":\"date-time\",\"description\":\"Last referenced date\",\"x-ibm-label\":\"Last referenced date\",\"x-ibm-display-name\":\"Last referenced date\",\"x-ibm-supported-operators\":{\"and\":[\"eq\",\"gt\",\"lt\",\"gte\",\"lte\"]}},\"ExternalDataSourceId\":{\"name\":\"External Data Source ID\",\"type\":\"string\",\"title\":\"External Data Source ID\",\"description\":\"External Data Source ID\",\"x-ibm-label\":\"External Data Source ID\",\"x-ibm-display-name\":\"External Data Source ID\",\"x-ibm-supported-operators\":{\"and\":[\"eq\"]}},\"QuantityUnitOfMeasure\":{\"name\":\"Quantity Unit Of Measure\",\"type\":\"string\",\"title\":\"Quantity Unit Of Measure\",\"description\":\"Quantity Unit Of Measure\",\"x-ibm-label\":\"Quantity Unit Of Measure\",\"x-ibm-display-name\":\"Quantity Unit Of Measure\",\"x-ibm-supported-operators\":{\"and\":[\"contains\",\"notcontains\",\"endswith\",\"startswith\",\"eq\"]}}}}}],\"responses\":{\"200\":{\"description\":\"Successful execution\",\"content\":{\"application/json\":{\"schema\":{\"required\":[\"reasoning\",\"reorder_quantity\"],\"type\":\"object\",\"properties\":{\"reasoning\":{\"type\":\"string\",\"x-ibm-order\":2},\"reorder_quantity\":{\"type\":\"integer\",\"x-ibm-order\":3}}}}}},\"500\":{\"description\":\"Internal server error\",\"content\":{\"application/json\":{\"schema\":{\"type\":\"object\",\"properties\":{\"detail\":{\"type\":\"string\",\"description\":\"Error message.\"}}}}}}},\"x-ibm-components\":{\"componentUids\":[\"1aa585bd-42b6-4835-9397-1203f5caad25\",\"e4af2238-286d-4cbb-9d01-caff20709e5c\",\"3f19e365-86c5-4489-b045-f4db42158c0f\",\"2622385a-a536-412d-9a43-94925a7120d7\"],\"auxiliarySkills\":{},\"componentSkills\":[\"Salesforce-Product2__7.0.0__retrievewithwhere_Product2\",\"Get-Historic-Sales__1.0.0__processQuery\",\"Time-Series-Forecast-Auto-AI__1.0.0__predict\",\"Calculate-Reorder-Quantity__1.0.0__reorderQuantity\"],\"uidSkillMapping\":{\"1aa585bd-42b6-4835-9397-1203f5caad25\":\"Salesforce-Product2__7.0.0__retrievewithwhere_Product2\",\"2622385a-a536-412d-9a43-94925a7120d7\":\"Calculate-Reorder-Quantity__1.0.0__reorderQuantity\",\"3f19e365-86c5-4489-b045-f4db42158c0f\":\"Time-Series-Forecast-Auto-AI__1.0.0__predict\",\"e4af2238-286d-4cbb-9d01-caff20709e5c\":\"Get-Historic-Sales__1.0.0__processQuery\"}},\"x-ibm-nl-intent-examples\":[\"Initiate Replenishment\"],\"x-ibm-parameter-configurations\":{\"mappings\":[{\"mapping\":{\"sourceSkill\":\"___literal___\",\"targetSkill\":\"Get-Historic-Sales__1.0.0__processQuery\",\"fieldMapping\":[{\"option\":\"singleLine\",\"sourceSkill\":\"What was the quantity figure last month for Xtralife ?\",\"targetSkill\":\"query\",\"field_mapping_id\":\"f5b92be9-6711-44ec-88e3-3cf45b9fd29f\"}]},\"sourceSkillId\":\"___literal___\",\"targetSkillId\":\"e4af2238-286d-4cbb-9d01-caff20709e5c\"},{\"mapping\":{\"sourceSkill\":\"___literal___\",\"targetSkill\":\"Time-Series-Forecast-Auto-AI__1.0.0__predict\",\"fieldMapping\":[{\"option\":\"singleLine\",\"sourceSkill\":\"1\",\"targetSkill\":\"forecast_window\",\"field_mapping_id\":\"d92bb7d7-33a7-4937-8072-f33a2863f720\"}]},\"sourceSkillId\":\"___literal___\",\"targetSkillId\":\"3f19e365-86c5-4489-b045-f4db42158c0f\"},{\"mapping\":{\"sourceSkill\":\"Time-Series-Forecast-Auto-AI__1.0.0__predict\",\"targetSkill\":\"Calculate-Reorder-Quantity__1.0.0__reorderQuantity\",\"fieldMapping\":[{\"option\":\"singleLine\",\"displayName\":\"predictions.items.properties.quantity\",\"sourceSkill\":\"predictions.items.properties.quantity\",\"targetSkill\":\"forecast\",\"field_mapping_id\":\"1d7c5dda-07b5-4790-a6c3-a1ad324b5851\"}]},\"sourceSkillId\":\"3f19e365-86c5-4489-b045-f4db42158c0f\",\"targetSkillId\":\"2622385a-a536-412d-9a43-94925a7120d7\"},{\"mapping\":{\"sourceSkill\":\"Get-Historic-Sales__1.0.0__processQuery\",\"targetSkill\":\"Calculate-Reorder-Quantity__1.0.0__reorderQuantity\",\"fieldMapping\":[{\"option\":\"singleLine\",\"displayName\":\"result.items.properties.total_figure\",\"sourceSkill\":\"result.items.properties.total_figure\",\"targetSkill\":\"historic_data\",\"field_mapping_id\":\"c28f591f-aee9-43ec-b161-e64bd8661234\"}]},\"sourceSkillId\":\"e4af2238-286d-4cbb-9d01-caff20709e5c\",\"targetSkillId\":\"2622385a-a536-412d-9a43-94925a7120d7\"},{\"mapping\":{\"sourceSkill\":\"Salesforce-Product2__7.0.0__retrievewithwhere_Product2\",\"targetSkill\":\"Calculate-Reorder-Quantity__1.0.0__reorderQuantity\",\"fieldMapping\":[{\"option\":\"singleLine\",\"displayName\":\"instances.items.properties.Product_Amount__c\",\"sourceSkill\":\"instances.items.properties.Product_Amount__c\",\"targetSkill\":\"current_inventory\",\"field_mapping_id\":\"305ad283-6817-4f1a-ae38-1a091b1761fc\"}]},\"sourceSkillId\":\"1aa585bd-42b6-4835-9397-1203f5caad25\",\"targetSkillId\":\"2622385a-a536-412d-9a43-94925a7120d7\"}],\"flowMappings\":[{\"sourceSkillUid\":\"\",\"targetSkillUid\":\"1aa585bd-42b6-4835-9397-1203f5caad25\"},{\"sourceSkillUid\":\"1aa585bd-42b6-4835-9397-1203f5caad25\",\"targetSkillUid\":\"e4af2238-286d-4cbb-9d01-caff20709e5c\"},{\"sourceSkillUid\":\"e4af2238-286d-4cbb-9d01-caff20709e5c\",\"targetSkillUid\":\"3f19e365-86c5-4489-b045-f4db42158c0f\"},{\"sourceSkillUid\":\"3f19e365-86c5-4489-b045-f4db42158c0f\",\"targetSkillUid\":\"2622385a-a536-412d-9a43-94925a7120d7\"},{\"sourceSkillUid\":\"2622385a-a536-412d-9a43-94925a7120d7\",\"targetSkillUid\":\"\"}],\"branchConfigs\":[],\"filterMapping\":[{\"mapping\":[{\"condition\":\"eq\",\"filter_field\":\"Name\",\"value_reference\":\"Xtralife\",\"source_reference\":\"__literal__\",\"filter_display_name\":\"Product name\"}],\"skillId\":\"1aa585bd-42b6-4835-9397-1203f5caad25\"}],\"componentConfig\":{\"6596831f-dca8-46b6-9d72-e96adc9a1a8b\":{\"hideInput\":false,\"hideOutput\":true},\"e59fa086-57a2-4860-93f4-01ad3e286f9c\":{\"hideInput\":true,\"hideOutput\":false}},\"transformations\":{}}}}},\"components\":{\"securitySchemes\":{\"IBM-WO-JWT\":{\"type\":\"http\",\"scheme\":\"bearer\",\"bearerFormat\":\"IBM-Watsonx-Orchestrate-JWT\"}}}}",
    "namespace" : "http://www.ibm.com/xmlns/prod/bpm/bpmn/ext/externalservice/swagger/04fdbd4d-384f-4136-a5f7-486b82bc57d0Service",
    "type" : "swagger",
    "url" : "file:/opt/ibm/wlp/output/defaultServer/temp/automationServiceDiscovery896124571742749117.json"
  },
  "type" : "BPMService",
  "definitions" : "{\"openapi\":\"3.0.1\",\"info\":{\"title\":\"Initiate Replenishment\",\"description\":\"\",\"version\":\"1.0.0\",\"x-ibm-skill-type\":\"skill-flow\",\"x-ibm-annotations\":\"true\",\"x-ibm-application-id\":\"composite_skill\",\"x-ibm-application-icon\":\"<svg width=\\\"30\\\" height=\\\"30\\\" id=\\\"Layer_1\\\" data-name=\\\"Layer 1\\\" xmlns=\\\"http://www.w3.org/2000/svg\\\" xmlns:xlink=\\\"http://www.w3.org/1999/xlink\\\" viewBox=\\\"0 0 1920 1920\\\"><defs><style>.cls-1{fill:#fff;}.cls-2{fill:url(#linear-gradient);}.cls-3{fill:url(#linear-gradient-2);}.cls-4{fill:url(#linear-gradient-3);}.cls-5{fill:url(#linear-gradient-4);}.cls-6{mask:url(#mask);}.cls-7{fill:url(#linear-gradient-5);}.cls-8{fill:#001d6c;}</style><linearGradient id=\\\"linear-gradient\\\" x1=\\\"-1049.46\\\" y1=\\\"-5211.64\\\" x2=\\\"-1049.46\\\" y2=\\\"-4742.87\\\" gradientTransform=\\\"matrix(1, 0, 0, -1, 1259.46, -3725.36)\\\" gradientUnits=\\\"userSpaceOnUse\\\"><stop offset=\\\"0\\\" stop-opacity=\\\"0\\\"/><stop offset=\\\"0.83\\\"/></linearGradient><linearGradient id=\\\"linear-gradient-2\\\" x1=\\\"-124.2\\\" y1=\\\"-5096.73\\\" x2=\\\"-315.69\\\" y2=\\\"-4765.06\\\" gradientTransform=\\\"matrix(1, 0, 0, -1, 1255.54, -3741.25)\\\" gradientUnits=\\\"userSpaceOnUse\\\"><stop offset=\\\"0\\\" stop-opacity=\\\"0\\\"/><stop offset=\\\"0.7\\\"/></linearGradient><linearGradient id=\\\"linear-gradient-3\\\" x1=\\\"-1491.46\\\" y1=\\\"-1099.81\\\" x2=\\\"-1491.46\\\" y2=\\\"-631.03\\\" gradientTransform=\\\"matrix(1, 0, 0, -1, 3201.46, -199.48)\\\" xlink:href=\\\"#linear-gradient\\\"/><linearGradient id=\\\"linear-gradient-4\\\" x1=\\\"-566.2\\\" y1=\\\"-984.89\\\" x2=\\\"-757.69\\\" y2=\\\"-653.22\\\" gradientTransform=\\\"matrix(-1, 0, 0, 1, 222.46, 1547.25)\\\" xlink:href=\\\"#linear-gradient-2\\\"/><mask id=\\\"mask\\\" x=\\\"0\\\" y=\\\"21.37\\\" width=\\\"1920\\\" height=\\\"1875.09\\\" maskUnits=\\\"userSpaceOnUse\\\"><path class=\\\"cls-1\\\" d=\\\"M1851,841.73H1729.79c-58-364.46-380.59-644.57-769.79-644.57-277.19,0-520.41,142.35-658.78,355.69A485.17,485.17,0,0,1,540,490.15c223.17,0,410.71,149.73,464.2,351.58H879C829.42,705.39,696.39,607.34,540,607.34a360.17,360.17,0,0,0-286.78,141L101.71,699.05C215.43,341.07,556.52,80,960,80,1415.47,80,1792.07,412.42,1851,841.73Zm-184.26,327.74a360.2,360.2,0,0,1-286.78,141c-156.39,0-289.42-98-339-234.39H915.8c53.49,201.85,241,351.58,464.2,351.58a485.17,485.17,0,0,0,238.78-62.7c-138.37,213.34-381.59,355.69-658.78,355.69-389.2,0-711.77-280.11-769.79-644.57H69c59,429.31,435.57,761.76,891,761.76,403.48,0,744.57-261.1,858.29-619.08Z\\\"/><rect class=\\\"cls-2\\\" y=\\\"1017.52\\\" width=\\\"420\\\" height=\\\"468.77\\\"/><polygon class=\\\"cls-3\\\" points=\\\"1260 1046.81 900 1046.81 900 1486.29 1260 1281.2 1260 1046.81\\\"/><rect class=\\\"cls-4\\\" x=\\\"1500\\\" y=\\\"431.55\\\" width=\\\"420\\\" height=\\\"468.77\\\" transform=\\\"translate(3420 1331.87) rotate(-180)\\\"/><polygon class=\\\"cls-5\\\" points=\\\"660 871.02 1020 871.02 1020 431.55 660 636.64 660 871.02\\\"/></mask><linearGradient id=\\\"linear-gradient-5\\\" x1=\\\"11.23\\\" y1=\\\"1907.69\\\" x2=\\\"1908.77\\\" y2=\\\"10.15\\\" gradientUnits=\\\"userSpaceOnUse\\\"><stop offset=\\\"0.1\\\" stop-color=\\\"#a56eff\\\"/><stop offset=\\\"0.9\\\" stop-color=\\\"#0072c3\\\"/></linearGradient></defs><g class=\\\"cls-6\\\"><rect class=\\\"cls-7\\\" y=\\\"21.37\\\" width=\\\"1920\\\" height=\\\"1875.09\\\"/></g><ellipse class=\\\"cls-8\\\" cx=\\\"1800\\\" cy=\\\"958.92\\\" rx=\\\"120\\\" ry=\\\"117.19\\\"/><ellipse class=\\\"cls-8\\\" cx=\\\"120\\\" cy=\\\"958.92\\\" rx=\\\"120\\\" ry=\\\"117.19\\\"/><ellipse class=\\\"cls-8\\\" cx=\\\"960\\\" cy=\\\"958.92\\\" rx=\\\"120\\\" ry=\\\"117.19\\\"/></svg>\",\"x-ibm-application-name\":\"Skill flows\"},\"servers\":[{\"url\":\"https://dl.watson-orchestrate.ibm.com/asb/uabskillproxy\"}],\"security\":[{\"IBM-WO-JWT\":[]}],\"paths\":{\"/invoke/skill/composite_skill__1.0.0__75ae816c1ab548458b3d587db99586b9\":{\"post\":{\"summary\":\"Initiate Replenishment\",\"description\":\"\",\"operationId\":\"75ae816c1ab548458b3d587db99586b9\",\"parameters\":[{\"name\":\"accountName\",\"in\":\"query\",\"description\":\"Account name\",\"required\":true,\"style\":\"form\",\"explode\":false,\"schema\":{\"type\":\"string\"},\"x-ibm-label\":\"Account name\"},{\"name\":\"next_page_token\",\"in\":\"query\",\"description\":\"token to obtain next set of records\",\"required\":false,\"style\":\"form\",\"explode\":true,\"schema\":{\"type\":\"string\",\"x-ibm-pagination\":{\"jmesPath\":\"next.next_page_token\",\"pagination\":true,\"isNextPageToken\":true}},\"x-ibm-show\":false,\"x-ibm-label\":\"Next page token\",\"x-ibm-display-name\":\"Next page token\"},{\"name\":\"filter\",\"in\":\"query\",\"description\":\"The [`filter`](https://loopback.io/doc/en/lb4/Where-filter.html) is a type of filter clause that consists of one or more logical conditions to match, it is a way of achieving subsetting of data based on the specified conditions\",\"required\":false,\"style\":\"form\",\"explode\":true,\"schema\":{\"type\":\"string\"},\"x-ibm-label\":\"filter\",\"x-ibm-queryable-fields\":{\"type\":\"object\",\"properties\":{\"Id\":{\"name\":\"Product ID\",\"type\":\"string\",\"title\":\"Product ID\",\"description\":\"Product ID\",\"x-ibm-label\":\"Product ID\",\"x-ibm-display-name\":\"Product ID\",\"x-ibm-supported-operators\":{\"and\":[\"eq\"]}},\"Name\":{\"name\":\"Product name\",\"type\":\"string\",\"title\":\"Product name\",\"description\":\"Product name\",\"x-ibm-label\":\"Product name\",\"x-ibm-display-name\":\"Product name\",\"x-ibm-supported-operators\":{\"and\":[\"contains\",\"notcontains\",\"endswith\",\"startswith\",\"eq\"]}},\"Type\":{\"name\":\"Product Type\",\"type\":\"string\",\"title\":\"Product Type\",\"description\":\"Product Type\",\"x-ibm-label\":\"Product Type\",\"x-ibm-display-name\":\"Product Type\",\"x-ibm-supported-operators\":{\"and\":[\"contains\",\"notcontains\",\"endswith\",\"startswith\",\"eq\"]}},\"Family\":{\"name\":\"Product family\",\"type\":\"string\",\"title\":\"Product family\",\"description\":\"Product family\",\"x-ibm-label\":\"Product family\",\"x-ibm-display-name\":\"Product family\",\"x-ibm-supported-operators\":{\"and\":[\"contains\",\"notcontains\",\"endswith\",\"startswith\",\"eq\"]}},\"IsActive\":{\"name\":\"Active\",\"type\":\"boolean\",\"title\":\"Active\",\"description\":\"Active\",\"x-ibm-label\":\"Active\",\"x-ibm-display-name\":\"Active\",\"x-ibm-supported-operators\":{\"or\":[\"eq\",\"gt\",\"lt\",\"gte\",\"lte\",\"contains\",\"notcontains\",\"endswith\",\"startswith\"],\"and\":[\"eq\",\"gt\",\"lt\",\"gte\",\"lte\",\"contains\",\"notcontains\",\"endswith\",\"startswith\"]}},\"IsDeleted\":{\"name\":\"Deleted\",\"type\":\"boolean\",\"title\":\"Deleted\",\"description\":\"Deleted\",\"x-ibm-label\":\"Deleted\",\"x-ibm-display-name\":\"Deleted\",\"x-ibm-supported-operators\":{\"or\":[\"eq\",\"gt\",\"lt\",\"gte\",\"lte\",\"contains\",\"notcontains\",\"endswith\",\"startswith\"],\"and\":[\"eq\",\"gt\",\"lt\",\"gte\",\"lte\",\"contains\",\"notcontains\",\"endswith\",\"startswith\"]}},\"DisplayUrl\":{\"name\":\"Display URL\",\"type\":\"string\",\"title\":\"Display URL\",\"description\":\"Display URL\",\"x-ibm-label\":\"Display URL\",\"x-ibm-display-name\":\"Display URL\",\"x-ibm-supported-operators\":{\"and\":[\"contains\",\"notcontains\",\"endswith\",\"startswith\",\"eq\"]}},\"ExternalId\":{\"name\":\"External ID\",\"type\":\"string\",\"title\":\"External ID\",\"description\":\"External ID\",\"x-ibm-label\":\"External ID\",\"x-ibm-display-name\":\"External ID\",\"x-ibm-supported-operators\":{\"and\":[\"eq\"]}},\"IsArchived\":{\"name\":\"Archived\",\"type\":\"boolean\",\"title\":\"Archived\",\"description\":\"Archived\",\"x-ibm-label\":\"Archived\",\"x-ibm-display-name\":\"Archived\",\"x-ibm-supported-operators\":{\"or\":[\"eq\",\"gt\",\"lt\",\"gte\",\"lte\",\"contains\",\"notcontains\",\"endswith\",\"startswith\"],\"and\":[\"eq\",\"gt\",\"lt\",\"gte\",\"lte\",\"contains\",\"notcontains\",\"endswith\",\"startswith\"]}},\"CreatedById\":{\"name\":\"Created by ID\",\"type\":\"string\",\"title\":\"Created by ID\",\"description\":\"Created by ID\",\"x-ibm-label\":\"Created by ID\",\"x-ibm-display-name\":\"Created by ID\",\"x-ibm-supported-operators\":{\"and\":[\"eq\"]}},\"CreatedDate\":{\"name\":\"Created date\",\"type\":\"string\",\"title\":\"Created date\",\"format\":\"date-time\",\"description\":\"Created date\",\"x-ibm-label\":\"Created date\",\"x-ibm-display-name\":\"Created date\",\"x-ibm-supported-operators\":{\"and\":[\"eq\",\"gt\",\"lt\",\"gte\",\"lte\"]}},\"Description\":{\"name\":\"Product description\",\"type\":\"string\",\"title\":\"Product description\",\"description\":\"Product description\",\"x-ibm-label\":\"Product description\",\"x-ibm-display-name\":\"Product description\",\"x-ibm-supported-operators\":{\"and\":[\"contains\",\"notcontains\",\"endswith\",\"startswith\",\"eq\"]}},\"ProductCode\":{\"name\":\"Product code\",\"type\":\"string\",\"title\":\"Product code\",\"description\":\"Product code\",\"x-ibm-label\":\"Product code\",\"x-ibm-display-name\":\"Product code\",\"x-ibm-supported-operators\":{\"and\":[\"contains\",\"notcontains\",\"endswith\",\"startswith\",\"eq\"]}},\"ProductClass\":{\"name\":\"Product Class\",\"type\":\"string\",\"title\":\"Product Class\",\"description\":\"Product Class\",\"x-ibm-label\":\"Product Class\",\"x-ibm-display-name\":\"Product Class\",\"x-ibm-supported-operators\":{\"and\":[\"contains\",\"notcontains\",\"endswith\",\"startswith\",\"eq\"]}},\"LastViewedDate\":{\"name\":\"Last viewed date\",\"type\":\"string\",\"title\":\"Last viewed date\",\"format\":\"date-time\",\"description\":\"Last viewed date\",\"x-ibm-label\":\"Last viewed date\",\"x-ibm-display-name\":\"Last viewed date\",\"x-ibm-supported-operators\":{\"and\":[\"eq\",\"gt\",\"lt\",\"gte\",\"lte\"]}},\"SystemModstamp\":{\"name\":\"System modstamp\",\"type\":\"string\",\"title\":\"System modstamp\",\"format\":\"date-time\",\"description\":\"System modstamp\",\"x-ibm-label\":\"System modstamp\",\"x-ibm-display-name\":\"System modstamp\",\"x-ibm-supported-operators\":{\"and\":[\"eq\",\"gt\",\"lt\",\"gte\",\"lte\"]}},\"LastModifiedById\":{\"name\":\"Last modified by ID\",\"type\":\"string\",\"title\":\"Last modified by ID\",\"description\":\"Last modified by ID\",\"x-ibm-label\":\"Last modified by ID\",\"x-ibm-display-name\":\"Last modified by ID\",\"x-ibm-supported-operators\":{\"and\":[\"eq\"]}},\"LastModifiedDate\":{\"name\":\"Last modified date\",\"type\":\"string\",\"title\":\"Last modified date\",\"format\":\"date-time\",\"description\":\"Last modified date\",\"x-ibm-label\":\"Last modified date\",\"x-ibm-display-name\":\"Last modified date\",\"x-ibm-supported-operators\":{\"and\":[\"eq\",\"gt\",\"lt\",\"gte\",\"lte\"]}},\"StockKeepingUnit\":{\"name\":\"Product SKU\",\"type\":\"string\",\"title\":\"Product SKU\",\"description\":\"Product SKU\",\"x-ibm-label\":\"Product SKU\",\"x-ibm-display-name\":\"Product SKU\",\"x-ibm-supported-operators\":{\"and\":[\"contains\",\"notcontains\",\"endswith\",\"startswith\",\"eq\"]}},\"Product_Amount__c\":{\"name\":\"Product Amount\",\"type\":\"number\",\"title\":\"Product Amount\",\"description\":\"Product Amount\",\"x-ibm-label\":\"Product Amount\",\"x-ibm-display-name\":\"Product Amount\",\"x-ibm-supported-operators\":{\"and\":[\"eq\",\"gt\",\"lt\",\"gte\",\"lte\"]}},\"LastReferencedDate\":{\"name\":\"Last referenced date\",\"type\":\"string\",\"title\":\"Last referenced date\",\"format\":\"date-time\",\"description\":\"Last referenced date\",\"x-ibm-label\":\"Last referenced date\",\"x-ibm-display-name\":\"Last referenced date\",\"x-ibm-supported-operators\":{\"and\":[\"eq\",\"gt\",\"lt\",\"gte\",\"lte\"]}},\"ExternalDataSourceId\":{\"name\":\"External Data Source ID\",\"type\":\"string\",\"title\":\"External Data Source ID\",\"description\":\"External Data Source ID\",\"x-ibm-label\":\"External Data Source ID\",\"x-ibm-display-name\":\"External Data Source ID\",\"x-ibm-supported-operators\":{\"and\":[\"eq\"]}},\"QuantityUnitOfMeasure\":{\"name\":\"Quantity Unit Of Measure\",\"type\":\"string\",\"title\":\"Quantity Unit Of Measure\",\"description\":\"Quantity Unit Of Measure\",\"x-ibm-label\":\"Quantity Unit Of Measure\",\"x-ibm-display-name\":\"Quantity Unit Of Measure\",\"x-ibm-supported-operators\":{\"and\":[\"contains\",\"notcontains\",\"endswith\",\"startswith\",\"eq\"]}}}}}],\"responses\":{\"200\":{\"description\":\"Successful execution\",\"content\":{\"application/json\":{\"schema\":{\"required\":[\"reasoning\",\"reorder_quantity\"],\"type\":\"object\",\"properties\":{\"reasoning\":{\"type\":\"string\",\"x-ibm-order\":2},\"reorder_quantity\":{\"type\":\"integer\",\"x-ibm-order\":3}}}}}},\"500\":{\"description\":\"Internal server error\",\"content\":{\"application/json\":{\"schema\":{\"type\":\"object\",\"properties\":{\"detail\":{\"type\":\"string\",\"description\":\"Error message.\"}}}}}}},\"x-ibm-components\":{\"componentUids\":[\"1aa585bd-42b6-4835-9397-1203f5caad25\",\"e4af2238-286d-4cbb-9d01-caff20709e5c\",\"3f19e365-86c5-4489-b045-f4db42158c0f\",\"2622385a-a536-412d-9a43-94925a7120d7\"],\"auxiliarySkills\":{},\"componentSkills\":[\"Salesforce-Product2__7.0.0__retrievewithwhere_Product2\",\"Get-Historic-Sales__1.0.0__processQuery\",\"Time-Series-Forecast-Auto-AI__1.0.0__predict\",\"Calculate-Reorder-Quantity__1.0.0__reorderQuantity\"],\"uidSkillMapping\":{\"1aa585bd-42b6-4835-9397-1203f5caad25\":\"Salesforce-Product2__7.0.0__retrievewithwhere_Product2\",\"2622385a-a536-412d-9a43-94925a7120d7\":\"Calculate-Reorder-Quantity__1.0.0__reorderQuantity\",\"3f19e365-86c5-4489-b045-f4db42158c0f\":\"Time-Series-Forecast-Auto-AI__1.0.0__predict\",\"e4af2238-286d-4cbb-9d01-caff20709e5c\":\"Get-Historic-Sales__1.0.0__processQuery\"}},\"x-ibm-nl-intent-examples\":[\"Initiate Replenishment\"],\"x-ibm-parameter-configurations\":{\"mappings\":[{\"mapping\":{\"sourceSkill\":\"___literal___\",\"targetSkill\":\"Get-Historic-Sales__1.0.0__processQuery\",\"fieldMapping\":[{\"option\":\"singleLine\",\"sourceSkill\":\"What was the quantity figure last month for Xtralife ?\",\"targetSkill\":\"query\",\"field_mapping_id\":\"f5b92be9-6711-44ec-88e3-3cf45b9fd29f\"}]},\"sourceSkillId\":\"___literal___\",\"targetSkillId\":\"e4af2238-286d-4cbb-9d01-caff20709e5c\"},{\"mapping\":{\"sourceSkill\":\"___literal___\",\"targetSkill\":\"Time-Series-Forecast-Auto-AI__1.0.0__predict\",\"fieldMapping\":[{\"option\":\"singleLine\",\"sourceSkill\":\"1\",\"targetSkill\":\"forecast_window\",\"field_mapping_id\":\"d92bb7d7-33a7-4937-8072-f33a2863f720\"}]},\"sourceSkillId\":\"___literal___\",\"targetSkillId\":\"3f19e365-86c5-4489-b045-f4db42158c0f\"},{\"mapping\":{\"sourceSkill\":\"Time-Series-Forecast-Auto-AI__1.0.0__predict\",\"targetSkill\":\"Calculate-Reorder-Quantity__1.0.0__reorderQuantity\",\"fieldMapping\":[{\"option\":\"singleLine\",\"displayName\":\"predictions.items.properties.quantity\",\"sourceSkill\":\"predictions.items.properties.quantity\",\"targetSkill\":\"forecast\",\"field_mapping_id\":\"1d7c5dda-07b5-4790-a6c3-a1ad324b5851\"}]},\"sourceSkillId\":\"3f19e365-86c5-4489-b045-f4db42158c0f\",\"targetSkillId\":\"2622385a-a536-412d-9a43-94925a7120d7\"},{\"mapping\":{\"sourceSkill\":\"Get-Historic-Sales__1.0.0__processQuery\",\"targetSkill\":\"Calculate-Reorder-Quantity__1.0.0__reorderQuantity\",\"fieldMapping\":[{\"option\":\"singleLine\",\"displayName\":\"result.items.properties.total_figure\",\"sourceSkill\":\"result.items.properties.total_figure\",\"targetSkill\":\"historic_data\",\"field_mapping_id\":\"c28f591f-aee9-43ec-b161-e64bd8661234\"}]},\"sourceSkillId\":\"e4af2238-286d-4cbb-9d01-caff20709e5c\",\"targetSkillId\":\"2622385a-a536-412d-9a43-94925a7120d7\"},{\"mapping\":{\"sourceSkill\":\"Salesforce-Product2__7.0.0__retrievewithwhere_Product2\",\"targetSkill\":\"Calculate-Reorder-Quantity__1.0.0__reorderQuantity\",\"fieldMapping\":[{\"option\":\"singleLine\",\"displayName\":\"instances.items.properties.Product_Amount__c\",\"sourceSkill\":\"instances.items.properties.Product_Amount__c\",\"targetSkill\":\"current_inventory\",\"field_mapping_id\":\"305ad283-6817-4f1a-ae38-1a091b1761fc\"}]},\"sourceSkillId\":\"1aa585bd-42b6-4835-9397-1203f5caad25\",\"targetSkillId\":\"2622385a-a536-412d-9a43-94925a7120d7\"}],\"flowMappings\":[{\"sourceSkillUid\":\"\",\"targetSkillUid\":\"1aa585bd-42b6-4835-9397-1203f5caad25\"},{\"sourceSkillUid\":\"1aa585bd-42b6-4835-9397-1203f5caad25\",\"targetSkillUid\":\"e4af2238-286d-4cbb-9d01-caff20709e5c\"},{\"sourceSkillUid\":\"e4af2238-286d-4cbb-9d01-caff20709e5c\",\"targetSkillUid\":\"3f19e365-86c5-4489-b045-f4db42158c0f\"},{\"sourceSkillUid\":\"3f19e365-86c5-4489-b045-f4db42158c0f\",\"targetSkillUid\":\"2622385a-a536-412d-9a43-94925a7120d7\"},{\"sourceSkillUid\":\"2622385a-a536-412d-9a43-94925a7120d7\",\"targetSkillUid\":\"\"}],\"branchConfigs\":[],\"filterMapping\":[{\"mapping\":[{\"condition\":\"eq\",\"filter_field\":\"Name\",\"value_reference\":\"Xtralife\",\"source_reference\":\"__literal__\",\"filter_display_name\":\"Product name\"}],\"skillId\":\"1aa585bd-42b6-4835-9397-1203f5caad25\"}],\"componentConfig\":{\"6596831f-dca8-46b6-9d72-e96adc9a1a8b\":{\"hideInput\":false,\"hideOutput\":true},\"e59fa086-57a2-4860-93f4-01ad3e286f9c\":{\"hideInput\":true,\"hideOutput\":false}},\"transformations\":{}}}}},\"components\":{\"securitySchemes\":{\"IBM-WO-JWT\":{\"type\":\"http\",\"scheme\":\"bearer\",\"bearerFormat\":\"IBM-Watsonx-Orchestrate-JWT\"}}}}",
  "poId" : "6023.bedcc00b-d97f-404c-b167-7b467ca64e51"
}