{
  "WSDL_DATA" : {
    "repoUrl" : "repo://6023.dca6374b-3622-45ff-a015-3c84b542f2f8/486b82bc57d0.xsd",
    "uid" : "6023.dca6374b-3622-45ff-a015-3c84b542f2f8",
    "referenceLocation" : [ ],
    "data" : "<?xml version=\"1.0\" encoding=\"UTF-8\"?><xsd:schema xmlns:xsd=\"http://www.w3.org/2001/XMLSchema\" xmlns=\"http://www.ibm.com/xmlns/prod/bpm/bpmn/ext/externalservice/swagger/xsd/04fdbd4d-384f-4136-a5f7-486b82bc57d0.xsd\" xmlns:ibmbpm=\"http://lombardi.ibm.com/schema/\" targetNamespace=\"http://www.ibm.com/xmlns/prod/bpm/bpmn/ext/externalservice/swagger/xsd/04fdbd4d-384f-4136-a5f7-486b82bc57d0.xsd\">\n  <xsd:element name=\"_5ae816c1ab548458b3d587db99586b9Request\" type=\"_5ae816c1ab548458b3d587db99586b9Request\"/>\n  <xsd:element name=\"_5ae816c1ab548458b3d587db99586b9Response\" type=\"_5ae816c1ab548458b3d587db99586b9Response\"/>\n  <xsd:complexType name=\"_5ae816c1ab548458b3d587db99586b9Request\">\n    <xsd:sequence>\n      <xsd:element name=\"accountName\" type=\"xsd:string\">\n        <xsd:annotation>\n          <xsd:documentation>Account name</xsd:documentation>\n        </xsd:annotation>\n      </xsd:element>\n      <xsd:element minOccurs=\"0\" name=\"next_page_token\" type=\"xsd:string\">\n        <xsd:annotation optional=\"true\">\n          <xsd:documentation>token to obtain next set of records</xsd:documentation>\n        </xsd:annotation>\n      </xsd:element>\n      <xsd:element minOccurs=\"0\" name=\"filter\" type=\"xsd:string\">\n        <xsd:annotation optional=\"true\">\n          <xsd:documentation>The [`filter`](https://loopback.io/doc/en/lb4/Where-filter.html) is a type of filter clause that consists of one or more logical conditions to match, it is a way of achieving subsetting of data based on the specified conditions</xsd:documentation>\n        </xsd:annotation>\n      </xsd:element>\n    </xsd:sequence>\n  </xsd:complexType>\n  <xsd:complexType name=\"_5ae816c1ab548458b3d587db99586b9Response\">\n    <xsd:sequence>\n      <xsd:element minOccurs=\"0\" name=\"_5ae816c1ab548458b3d587db99586b9\" type=\"_5ae816c1ab548458b3d587db99586b9_200Type\" xpathBeforeFlattening=\"/xsd:schema/xsd:complexType[@name='_5ae816c1ab548458b3d587db99586b9Response']/xsd:sequence/xsd:element[@name='_5ae816c1ab548458b3d587db99586b9']\">\n        <xsd:annotation alternateOldName=\"_5ae816c1ab548458b3d587db99586b9_200\" optional=\"true\" responseCode=\"200\">\n          <xsd:documentation>Successful execution</xsd:documentation>\n        </xsd:annotation>\n      </xsd:element>\n    </xsd:sequence>\n  </xsd:complexType>\n  <xsd:complexType name=\"_5ae816c1ab548458b3d587db99586b9_200Type\">\n    <xsd:sequence>\n      <xsd:element name=\"reasoning\" type=\"xsd:string\"/>\n      <xsd:element name=\"reorder_quantity\" type=\"xsd:int\">\n        <xsd:annotation format=\"int32\"/>\n      </xsd:element>\n    </xsd:sequence>\n  </xsd:complexType>\n</xsd:schema>\n",
    "namespace" : "http://www.ibm.com/xmlns/prod/bpm/bpmn/ext/externalservice/swagger/xsd/04fdbd4d-384f-4136-a5f7-486b82bc57d0.xsd",
    "type" : "xsd",
    "url" : "http://www.ibm.com/xmlns/prod/bpm/bpmn/ext/externalservice/swagger/xsd/04fdbd4d-384f-4136-a5f7-486b82bc57d0.xsd"
  },
  "type" : "BPMService",
  "definitions" : "<?xml version=\"1.0\" encoding=\"UTF-8\"?><xsd:schema xmlns:xsd=\"http://www.w3.org/2001/XMLSchema\" xmlns=\"http://www.ibm.com/xmlns/prod/bpm/bpmn/ext/externalservice/swagger/xsd/04fdbd4d-384f-4136-a5f7-486b82bc57d0.xsd\" xmlns:ibmbpm=\"http://lombardi.ibm.com/schema/\" targetNamespace=\"http://www.ibm.com/xmlns/prod/bpm/bpmn/ext/externalservice/swagger/xsd/04fdbd4d-384f-4136-a5f7-486b82bc57d0.xsd\">\n  <xsd:element name=\"_5ae816c1ab548458b3d587db99586b9Request\" type=\"_5ae816c1ab548458b3d587db99586b9Request\"/>\n  <xsd:element name=\"_5ae816c1ab548458b3d587db99586b9Response\" type=\"_5ae816c1ab548458b3d587db99586b9Response\"/>\n  <xsd:complexType name=\"_5ae816c1ab548458b3d587db99586b9Request\">\n    <xsd:sequence>\n      <xsd:element name=\"accountName\" type=\"xsd:string\">\n        <xsd:annotation>\n          <xsd:documentation>Account name</xsd:documentation>\n        </xsd:annotation>\n      </xsd:element>\n      <xsd:element minOccurs=\"0\" name=\"next_page_token\" type=\"xsd:string\">\n        <xsd:annotation optional=\"true\">\n          <xsd:documentation>token to obtain next set of records</xsd:documentation>\n        </xsd:annotation>\n      </xsd:element>\n      <xsd:element minOccurs=\"0\" name=\"filter\" type=\"xsd:string\">\n        <xsd:annotation optional=\"true\">\n          <xsd:documentation>The [`filter`](https://loopback.io/doc/en/lb4/Where-filter.html) is a type of filter clause that consists of one or more logical conditions to match, it is a way of achieving subsetting of data based on the specified conditions</xsd:documentation>\n        </xsd:annotation>\n      </xsd:element>\n    </xsd:sequence>\n  </xsd:complexType>\n  <xsd:complexType name=\"_5ae816c1ab548458b3d587db99586b9Response\">\n    <xsd:sequence>\n      <xsd:element minOccurs=\"0\" name=\"_5ae816c1ab548458b3d587db99586b9\" type=\"_5ae816c1ab548458b3d587db99586b9_200Type\" xpathBeforeFlattening=\"/xsd:schema/xsd:complexType[@name='_5ae816c1ab548458b3d587db99586b9Response']/xsd:sequence/xsd:element[@name='_5ae816c1ab548458b3d587db99586b9']\">\n        <xsd:annotation alternateOldName=\"_5ae816c1ab548458b3d587db99586b9_200\" optional=\"true\" responseCode=\"200\">\n          <xsd:documentation>Successful execution</xsd:documentation>\n        </xsd:annotation>\n      </xsd:element>\n    </xsd:sequence>\n  </xsd:complexType>\n  <xsd:complexType name=\"_5ae816c1ab548458b3d587db99586b9_200Type\">\n    <xsd:sequence>\n      <xsd:element name=\"reasoning\" type=\"xsd:string\"/>\n      <xsd:element name=\"reorder_quantity\" type=\"xsd:int\">\n        <xsd:annotation format=\"int32\"/>\n      </xsd:element>\n    </xsd:sequence>\n  </xsd:complexType>\n</xsd:schema>\n",
  "poId" : "6023.dca6374b-3622-45ff-a015-3c84b542f2f8"
}