{
    "modelType": "CFE",
    "model": {
        "targetNamespace": "",
        "typeLanguage": "http://www.w3.org/2001/XMLSchema",
        "expressionLanguage": "http://www.ibm.com/xmlns/prod/bpm/expression-lang/javascript",
        "id": "2f69344d-eb51-4fed-b234-62118161d86b",
        "rootElement": [
            {
                "extensionElements": {
                    "displayNameExpression": "To node",
                    "userTaskImplementation": [
                        {
                            "flowElement": [
                                {
                                    "parallelMultiple": false,
                                    "outgoing": [
                                        "_59556e6b-87c9-41f2-aaa1-0ac9619f3241"
                                    ],
                                    "isInterrupting": true,
                                    "extensionElements": {
                                        "default": [
                                            "_59556e6b-87c9-41f2-aaa1-0ac9619f3241"
                                        ],
                                        "nodeVisualInfo": [
                                            {
                                                "color": "#F8F8F8",
                                                "width": 24,
                                                "x": 50,
                                                "y": 200,
                                                "declaredType": "TNodeVisualInfo",
                                                "height": 24
                                            }
                                        ]
                                    },
                                    "name": "Start",
                                    "declaredType": "startEvent",
                                    "id": "_905089dc-6fc9-4e92-891d-12217ce1742a"
                                },
                                {
                                    "targetRef": "2025.36845910-cc53-4851-8757-e5607f4c976b",
                                    "extensionElements": {
                                        "linkVisualInfo": [
                                            {
                                                "sourcePortLocation": "rightCenter",
                                                "showCoachControlLabel": false,
                                                "labelPosition": 0,
                                                "targetPortLocation": "leftCenter",
                                                "declaredType": "TLinkVisualInfo",
                                                "saveExecutionContext": false,
                                                "showLabel": false
                                            }
                                        ]
                                    },
                                    "name": "To Page",
                                    "declaredType": "sequenceFlow",
                                    "id": "_59556e6b-87c9-41f2-aaa1-0ac9619f3241",
                                    "sourceRef": "_905089dc-6fc9-4e92-891d-12217ce1742a"
                                },
                                {
                                    "startQuantity": 1,
                                    "incoming": [
                                        "_59556e6b-87c9-41f2-aaa1-0ac9619f3241"
                                    ],
                                    "outgoing": [
                                        "_56367c03-815c-4409-a401-3d065aca9a45",
                                        "_1a16804c-e570-4a85-afba-77597f5bbbe1"
                                    ],
                                    "formDefinition": {
                                        "coachDefinition": {
                                            "layout": {},
                                            "declaredType": "com.ibm.bpmsdk.model.coach.TCoachDefinition"
                                        }
                                    },
                                    "commonLayoutArea": 0,
                                    "extensionElements": {
                                        "nodeVisualInfo": [
                                            {
                                                "width": 95,
                                                "x": 296,
                                                "y": 174,
                                                "declaredType": "TNodeVisualInfo",
                                                "height": 70
                                            }
                                        ],
                                        "validationStayOnPagePaths": [
                                            "SUBMIT_BUTTON"
                                        ]
                                    },
                                    "name": "To node",
                                    "isForCompensation": false,
                                    "completionQuantity": 1,
                                    "declaredType": "com.ibm.bpmsdk.model.bpmn20.ibmext.TFormTask",
                                    "isHeritageCoach": false,
                                    "id": "2025.36845910-cc53-4851-8757-e5607f4c976b",
                                    "cachePage": true
                                },
                                {
                                    "incoming": [
                                        "_56367c03-815c-4409-a401-3d065aca9a45"
                                    ],
                                    "extensionElements": {
                                        "nodeVisualInfo": [
                                            {
                                                "color": "#F8F8F8",
                                                "width": 24,
                                                "x": 700,
                                                "y": 200,
                                                "declaredType": "TNodeVisualInfo",
                                                "height": 24
                                            }
                                        ],
                                        "navigationInstructions": [
                                            {
                                                "targetType": "Default",
                                                "declaredType": "com.ibm.bpmsdk.model.bpmn20.ibmext.TNavigationInstructions"
                                            }
                                        ]
                                    },
                                    "name": "End",
                                    "declaredType": "endEvent",
                                    "id": "_2bfbbf77-32f5-4f62-98f2-7d4ab4304fd9"
                                },
                                {
                                    "targetRef": "_2bfbbf77-32f5-4f62-98f2-7d4ab4304fd9",
                                    "extensionElements": {
                                        "coachEventBinding": [
                                            {
                                                "declaredType": "com.ibm.bpmsdk.model.bpmn20.ibmext.TCoachEventBinding",
                                                "id": "11651899-1335-4c46-8f4c-3301ea5cd58b",
                                                "coachEventPath": "SUBMIT_BUTTON"
                                            }
                                        ],
                                        "sequenceFlowImplementation": [
                                            {
                                                "fireValidation": "Never",
                                                "sboSyncEnabled": true,
                                                "declaredType": "com.ibm.bpmsdk.model.bpmn20.ibmext.TSequenceFlowImplementation"
                                            }
                                        ],
                                        "linkVisualInfo": [
                                            {
                                                "sourcePortLocation": "rightCenter",
                                                "showCoachControlLabel": true,
                                                "labelPosition": 0,
                                                "targetPortLocation": "leftCenter",
                                                "declaredType": "TLinkVisualInfo",
                                                "saveExecutionContext": true,
                                                "showLabel": false
                                            }
                                        ]
                                    },
                                    "name": "To end",
                                    "declaredType": "sequenceFlow",
                                    "id": "_56367c03-815c-4409-a401-3d065aca9a45",
                                    "sourceRef": "2025.36845910-cc53-4851-8757-e5607f4c976b"
                                },
                                {
                                    "outgoing": [
                                        "_ffeb3ea6-5f57-4ee5-bf4e-2be6dd64dcb0"
                                    ],
                                    "incoming": [
                                        "_1a16804c-e570-4a85-afba-77597f5bbbe1"
                                    ],
                                    "eventDefinition": [
                                        {
                                            "declaredType": "com.ibm.bpmsdk.model.bpmn20.ibmext.TPostponeTaskEventDefinition"
                                        }
                                    ],
                                    "extensionElements": {
                                        "default": [
                                            "_ffeb3ea6-5f57-4ee5-bf4e-2be6dd64dcb0"
                                        ],
                                        "nodeVisualInfo": [
                                            {
                                                "width": 24,
                                                "x": 479,
                                                "y": 350,
                                                "declaredType": "TNodeVisualInfo",
                                                "height": 24
                                            }
                                        ],
                                        "navigationInstructions": [
                                            {
                                                "targetType": "Default",
                                                "declaredType": "com.ibm.bpmsdk.model.bpmn20.ibmext.TNavigationInstructions"
                                            }
                                        ]
                                    },
                                    "name": "Postpone",
                                    "declaredType": "intermediateThrowEvent",
                                    "id": "_e18cbf30-16fc-4d6f-b97f-b29da93cfed7"
                                },
                                {
                                    "incoming": [
                                        "_ffeb3ea6-5f57-4ee5-bf4e-2be6dd64dcb0"
                                    ],
                                    "eventDefinition": [
                                        {
                                            "declaredType": "com.ibm.bpmsdk.model.bpmn20.ibmext.TStayOnPageEventDefinition"
                                        }
                                    ],
                                    "extensionElements": {
                                        "nodeVisualInfo": [
                                            {
                                                "width": 79,
                                                "x": 561,
                                                "y": 320,
                                                "declaredType": "TNodeVisualInfo",
                                                "height": 42
                                            }
                                        ],
                                        "navigationInstructions": [
                                            {
                                                "targetType": "Default",
                                                "declaredType": "com.ibm.bpmsdk.model.bpmn20.ibmext.TNavigationInstructions"
                                            }
                                        ]
                                    },
                                    "name": "Stay on page 1",
                                    "declaredType": "intermediateThrowEvent",
                                    "id": "_a3e0d90e-0fa7-4645-9a0e-57b8eb04aa40"
                                },
                                {
                                    "targetRef": "_e18cbf30-16fc-4d6f-b97f-b29da93cfed7",
                                    "extensionElements": {
                                        "coachEventBinding": [
                                            {
                                                "declaredType": "com.ibm.bpmsdk.model.bpmn20.ibmext.TCoachEventBinding",
                                                "id": "4cd94319-41fd-4455-8e7a-9326573e1111",
                                                "coachEventPath": "SAVE_BUTTON"
                                            }
                                        ],
                                        "sequenceFlowImplementation": [
                                            {
                                                "fireValidation": "Never",
                                                "sboSyncEnabled": false,
                                                "declaredType": "com.ibm.bpmsdk.model.bpmn20.ibmext.TSequenceFlowImplementation"
                                            }
                                        ],
                                        "linkVisualInfo": [
                                            {
                                                "sourcePortLocation": "rightCenter",
                                                "showCoachControlLabel": true,
                                                "labelPosition": 0,
                                                "targetPortLocation": "leftCenter",
                                                "declaredType": "TLinkVisualInfo",
                                                "saveExecutionContext": true,
                                                "showLabel": false
                                            }
                                        ]
                                    },
                                    "name": "To Stay on page 1",
                                    "declaredType": "sequenceFlow",
                                    "id": "_1a16804c-e570-4a85-afba-77597f5bbbe1",
                                    "sourceRef": "2025.36845910-cc53-4851-8757-e5607f4c976b"
                                },
                                {
                                    "targetRef": "_a3e0d90e-0fa7-4645-9a0e-57b8eb04aa40",
                                    "extensionElements": {
                                        "linkVisualInfo": [
                                            {
                                                "sourcePortLocation": "rightCenter",
                                                "showCoachControlLabel": false,
                                                "labelPosition": 0,
                                                "targetPortLocation": "leftCenter",
                                                "declaredType": "TLinkVisualInfo",
                                                "saveExecutionContext": false,
                                                "showLabel": false
                                            }
                                        ]
                                    },
                                    "name": "To Stay on page 1",
                                    "declaredType": "sequenceFlow",
                                    "id": "_ffeb3ea6-5f57-4ee5-bf4e-2be6dd64dcb0",
                                    "sourceRef": "_e18cbf30-16fc-4d6f-b97f-b29da93cfed7"
                                }
                            ],
                            "htmlHeaderTag": [
                                {
                                    "declaredType": "com.ibm.bpmsdk.model.bpmn20.ibmext.THtmlHeaderTag",
                                    "id": "6d5cb9b6-b5cb-4ada-9bfe-b66659dc5057",
                                    "tagName": "viewport",
                                    "content": "width=device-width,initial-scale=1.0",
                                    "enabled": true
                                }
                            ],
                            "isClosed": false,
                            "id": "0d22d2e6-f38e-4c48-a974-19f770e2dd55",
                            "declaredType": "com.ibm.bpmsdk.model.bpmn20.ibmext.TUserTaskImplementation"
                        }
                    ],
                    "exposedAs": [
                        "TaskUIApplication"
                    ],
                    "coachBODefaults": [
                        "{\"I\":null,\"D\":null}"
                    ]
                },
                "implementation": "##unspecified",
                "documentation": [
                    {
                        "content": [
                            ""
                        ],
                        "textFormat": "text/plain"
                    }
                ],
                "name": "To node",
                "declaredType": "globalUserTask",
                "id": "1.f38dfdc6-0776-4f53-ae7f-0e9bb5c5dada",
                "ioSpecification": {
                    "inputSet": [
                        {
                            "id": "_71dbf5c3-c0ae-4a99-9a31-8465f320701d"
                        }
                    ],
                    "outputSet": [
                        {
                            "id": "_08681a10-3e2e-488b-b505-6427d9bafe87"
                        }
                    ]
                },
                "runtimeIdentifier": "uab~Reorder_automation~Reorder Decision Flow/app_1.f38dfdc6-0776-4f53-ae7f-0e9bb5c5dada"
            }
        ]
    }
}