{
  "WSDL_DATA" : {
    "repoUrl" : "repo://6023.a3af82cb-331e-4910-9db7-9053677a69af/.wsdl",
    "uid" : "6023.a3af82cb-331e-4910-9db7-9053677a69af",
    "referenceLocation" : [ {
      "absoluteLocation" : "repo://6023.834e8ed5-3d7d-45d9-bfc6-771d35e21121/f126bd8ff3d9.xsd",
      "relativeLocation" : "/cd81575f-e764-4118-97dd-f126bd8ff3d9.xsd"
    } ],
    "data" : "{\"openapi\":\"3.0.1\",\"info\":{\"title\":\"646000EUAI/uab/Reorder_automation_demo/Reorder_automation_demo/Get Supplier Name/master/d140ee3b0c\",\"description\":\"646000EUAI/uab/Reorder_automation_demo/Reorder_automation_demo/Get Supplier Name/master/d140ee3b0c\",\"version\":\"head\",\"x-ibm-ads-decision-id\":\"646000EUAI/uab/Reorder_automation_demo/Reorder_automation_demo/Get Supplier Name/master/d140ee3b0c\"},\"servers\":[{\"url\":\"https://dl.watson-orchestrate.ibm.com/asb/ads/rest-api/api/wo/automation/uab/Reorder_automation_demo/master/Reorder_automation_demo/Reorder_automation_demo%2FGet%20Supplier%20Name/deploymentSpaces/preview/decisions/646000EUAI%2Fuab%2FReorder_automation_demo%2FReorder_automation_demo%2FGet%20Supplier%20Name%2Fmaster%2Fd140ee3b0c/operations\"}],\"security\":[{\"IBM-WO-JWT\":[]}],\"paths\":{\"/GetSupplierName-getSupplierName/execute\":{\"post\":{\"tags\":[\"646000EUAI/uab/Reorder_automation_demo/Reorder_automation_demo/Get Supplier Name/master/d140ee3b0c\"],\"summary\":\"GetSupplierName-getSupplierName\",\"description\":\"Execute GetSupplierName-getSupplierName\",\"operationId\":\"GetSupplierName-getSupplierName\",\"requestBody\":{\"content\":{\"application/json\":{\"schema\":{\"$ref\":\"#/components/schemas/GetSupplierName-getSupplierName_input\"}}}},\"responses\":{\"200\":{\"description\":\"Decision execution success\",\"content\":{\"application/json\":{\"schema\":{\"$ref\":\"#/components/schemas/GetSupplierName-getSupplierName_output\"}}}},\"404\":{\"description\":\"A decision or decision operation was not found\",\"content\":{\"application/json\":{\"schema\":{\"$ref\":\"#/components/schemas/BaseError\"}}}},\"500\":{\"description\":\"A runtime exception occurred while executing a decision\",\"content\":{\"application/json\":{\"schema\":{\"$ref\":\"#/components/schemas/BaseError\"}}}}},\"x-ibm-uab-local-operation\":true}}},\"components\":{\"schemas\":{\"GetSupplierName-getSupplierName_input\":{\"type\":\"object\",\"properties\":{\"recommendation\":{\"type\":\"string\"}},\"x-ibm-parameter-wrapper\":true},\"BaseError\":{\"type\":\"object\",\"properties\":{\"output\":{\"type\":\"object\",\"description\":\"The output of the decision service archive.\",\"nullable\":true},\"incident\":{\"$ref\":\"#/components/schemas/Incident\"}},\"description\":\"The response when an error occurs\"},\"Incident\":{\"type\":\"object\",\"properties\":{\"incidentId\":{\"type\":\"string\",\"description\":\"A unique identifier for the incident\"},\"incidentCategory\":{\"type\":\"string\",\"description\":\"The category of the incident, for instance \\\"Decision not found\\\"\"},\"stackTrace\":{\"type\":\"string\",\"description\":\"An associated stack trace, if the decision runtime is configured to provide it. By default, the stack trace is null\"}},\"description\":\"The description of the failure\"},\"GetSupplierName-getSupplierName_output\":{\"type\":\"object\",\"properties\":{\"generated_text\":{\"type\":\"string\"},\"generated_token_count\":{\"type\":\"integer\",\"format\":\"int32\"},\"input_token_count\":{\"type\":\"integer\",\"format\":\"int32\"},\"stop_reason\":{\"type\":\"string\"},\"error_code\":{\"type\":\"string\"},\"error_message\":{\"type\":\"string\"}},\"nullable\":true,\"x-ibm-parameter-wrapper\":true}},\"securitySchemes\":{\"IBM-WO-JWT\":{\"type\":\"http\",\"scheme\":\"bearer\",\"bearerFormat\":\"IBM-Watsonx-Orchestrate-JWT\"}}}}",
    "namespace" : "http://www.ibm.com/xmlns/prod/bpm/bpmn/ext/externalservice/swagger/cd81575f-e764-4118-97dd-f126bd8ff3d9Service",
    "type" : "swagger",
    "url" : "file:/opt/ibm/wlp/output/defaultServer/temp/automationServiceDiscovery6901189294549487102.json"
  },
  "type" : "BPMService",
  "definitions" : "{\"openapi\":\"3.0.1\",\"info\":{\"title\":\"646000EUAI/uab/Reorder_automation_demo/Reorder_automation_demo/Get Supplier Name/master/d140ee3b0c\",\"description\":\"646000EUAI/uab/Reorder_automation_demo/Reorder_automation_demo/Get Supplier Name/master/d140ee3b0c\",\"version\":\"head\",\"x-ibm-ads-decision-id\":\"646000EUAI/uab/Reorder_automation_demo/Reorder_automation_demo/Get Supplier Name/master/d140ee3b0c\"},\"servers\":[{\"url\":\"https://dl.watson-orchestrate.ibm.com/asb/ads/rest-api/api/wo/automation/uab/Reorder_automation_demo/master/Reorder_automation_demo/Reorder_automation_demo%2FGet%20Supplier%20Name/deploymentSpaces/preview/decisions/646000EUAI%2Fuab%2FReorder_automation_demo%2FReorder_automation_demo%2FGet%20Supplier%20Name%2Fmaster%2Fd140ee3b0c/operations\"}],\"security\":[{\"IBM-WO-JWT\":[]}],\"paths\":{\"/GetSupplierName-getSupplierName/execute\":{\"post\":{\"tags\":[\"646000EUAI/uab/Reorder_automation_demo/Reorder_automation_demo/Get Supplier Name/master/d140ee3b0c\"],\"summary\":\"GetSupplierName-getSupplierName\",\"description\":\"Execute GetSupplierName-getSupplierName\",\"operationId\":\"GetSupplierName-getSupplierName\",\"requestBody\":{\"content\":{\"application/json\":{\"schema\":{\"$ref\":\"#/components/schemas/GetSupplierName-getSupplierName_input\"}}}},\"responses\":{\"200\":{\"description\":\"Decision execution success\",\"content\":{\"application/json\":{\"schema\":{\"$ref\":\"#/components/schemas/GetSupplierName-getSupplierName_output\"}}}},\"404\":{\"description\":\"A decision or decision operation was not found\",\"content\":{\"application/json\":{\"schema\":{\"$ref\":\"#/components/schemas/BaseError\"}}}},\"500\":{\"description\":\"A runtime exception occurred while executing a decision\",\"content\":{\"application/json\":{\"schema\":{\"$ref\":\"#/components/schemas/BaseError\"}}}}},\"x-ibm-uab-local-operation\":true}}},\"components\":{\"schemas\":{\"GetSupplierName-getSupplierName_input\":{\"type\":\"object\",\"properties\":{\"recommendation\":{\"type\":\"string\"}},\"x-ibm-parameter-wrapper\":true},\"BaseError\":{\"type\":\"object\",\"properties\":{\"output\":{\"type\":\"object\",\"description\":\"The output of the decision service archive.\",\"nullable\":true},\"incident\":{\"$ref\":\"#/components/schemas/Incident\"}},\"description\":\"The response when an error occurs\"},\"Incident\":{\"type\":\"object\",\"properties\":{\"incidentId\":{\"type\":\"string\",\"description\":\"A unique identifier for the incident\"},\"incidentCategory\":{\"type\":\"string\",\"description\":\"The category of the incident, for instance \\\"Decision not found\\\"\"},\"stackTrace\":{\"type\":\"string\",\"description\":\"An associated stack trace, if the decision runtime is configured to provide it. By default, the stack trace is null\"}},\"description\":\"The description of the failure\"},\"GetSupplierName-getSupplierName_output\":{\"type\":\"object\",\"properties\":{\"generated_text\":{\"type\":\"string\"},\"generated_token_count\":{\"type\":\"integer\",\"format\":\"int32\"},\"input_token_count\":{\"type\":\"integer\",\"format\":\"int32\"},\"stop_reason\":{\"type\":\"string\"},\"error_code\":{\"type\":\"string\"},\"error_message\":{\"type\":\"string\"}},\"nullable\":true,\"x-ibm-parameter-wrapper\":true}},\"securitySchemes\":{\"IBM-WO-JWT\":{\"type\":\"http\",\"scheme\":\"bearer\",\"bearerFormat\":\"IBM-Watsonx-Orchestrate-JWT\"}}}}",
  "poId" : "6023.a3af82cb-331e-4910-9db7-9053677a69af"
}