{
  "WSDL_DATA" : {
    "repoUrl" : "repo://6023.7dcc0651-177f-4b4b-9524-7950137f12ae/0df56f992a2f.xsd",
    "uid" : "6023.7dcc0651-177f-4b4b-9524-7950137f12ae",
    "referenceLocation" : [ ],
    "data" : "<?xml version=\"1.0\" encoding=\"UTF-8\"?><xsd:schema xmlns:xsd=\"http://www.w3.org/2001/XMLSchema\" xmlns=\"http://www.ibm.com/xmlns/prod/bpm/bpmn/ext/externalservice/swagger/xsd/c755d578-9673-4658-948d-0df56f992a2f.xsd\" xmlns:ibmbpm=\"http://lombardi.ibm.com/schema/\" targetNamespace=\"http://www.ibm.com/xmlns/prod/bpm/bpmn/ext/externalservice/swagger/xsd/c755d578-9673-4658-948d-0df56f992a2f.xsd\">\n  <xsd:element name=\"create_OrderRequest\" type=\"create_OrderRequest\"/>\n  <xsd:element name=\"create_OrderResponse\" type=\"create_OrderResponse\"/>\n  <xsd:complexType name=\"create_OrderRequest\">\n    <xsd:sequence>\n      <xsd:element minOccurs=\"0\" name=\"Name\" type=\"xsd:string\">\n        <xsd:annotation optional=\"true\" title=\"Order name\">\n          <xsd:documentation>Order name</xsd:documentation>\n        </xsd:annotation>\n      </xsd:element>\n      <xsd:element minOccurs=\"0\" name=\"Type\" type=\"xsd:string\">\n        <xsd:annotation optional=\"true\" title=\"Order type\">\n          <xsd:documentation>The type of the order</xsd:documentation>\n        </xsd:annotation>\n      </xsd:element>\n      <xsd:element minOccurs=\"0\" name=\"PoDate\" type=\"xsd:time\">\n        <xsd:annotation format=\"date-time\" optional=\"true\" title=\"PO date\">\n          <xsd:documentation>PO date</xsd:documentation>\n        </xsd:annotation>\n      </xsd:element>\n      <xsd:element minOccurs=\"0\" name=\"Status\" type=\"StatusType\" xpathBeforeFlattening=\"/xsd:schema/xsd:complexType[@name='create_OrderRequest']/xsd:sequence/xsd:element[@name='Status']\">\n        <xsd:annotation optional=\"true\" title=\"Status\">\n          <xsd:documentation>Status</xsd:documentation>\n        </xsd:annotation>\n      </xsd:element>\n      <xsd:element minOccurs=\"0\" name=\"EndDate\" type=\"xsd:time\">\n        <xsd:annotation format=\"date-time\" optional=\"true\" title=\"Order end date\">\n          <xsd:documentation>The date the order was fulfilled</xsd:documentation>\n        </xsd:annotation>\n      </xsd:element>\n      <xsd:element minOccurs=\"0\" name=\"OwnerId\" type=\"xsd:string\">\n        <xsd:annotation optional=\"true\" title=\"Owner’s ID\">\n          <xsd:documentation>The unique identifier of the owner</xsd:documentation>\n        </xsd:annotation>\n      </xsd:element>\n      <xsd:element minOccurs=\"0\" name=\"PoNumber\" type=\"xsd:string\">\n        <xsd:annotation optional=\"true\" title=\"PO number\">\n          <xsd:documentation>PO number</xsd:documentation>\n        </xsd:annotation>\n      </xsd:element>\n      <xsd:element minOccurs=\"0\" name=\"AccountId\" type=\"xsd:string\">\n        <xsd:annotation optional=\"true\" title=\"Account ID\">\n          <xsd:documentation>The unique identifier of the account</xsd:documentation>\n        </xsd:annotation>\n      </xsd:element>\n      <xsd:element minOccurs=\"0\" name=\"ContractId\" type=\"xsd:string\">\n        <xsd:annotation optional=\"true\" title=\"Contract ID\">\n          <xsd:documentation>The unique identifier of the contract</xsd:documentation>\n        </xsd:annotation>\n      </xsd:element>\n      <xsd:element minOccurs=\"0\" name=\"BillingCity\" type=\"xsd:string\">\n        <xsd:annotation optional=\"true\" title=\"Billing city\">\n          <xsd:documentation>The city for the billing address of this account</xsd:documentation>\n        </xsd:annotation>\n      </xsd:element>\n      <xsd:element minOccurs=\"0\" name=\"Description\" type=\"xsd:string\">\n        <xsd:annotation optional=\"true\" title=\"Internal comments\">\n          <xsd:documentation>Comments posted from users in the organization</xsd:documentation>\n        </xsd:annotation>\n      </xsd:element>\n      <xsd:element minOccurs=\"0\" name=\"BillingState\" type=\"xsd:string\">\n        <xsd:annotation optional=\"true\" title=\"Billing state or province\">\n          <xsd:documentation>The state or province for the billing address of this account</xsd:documentation>\n        </xsd:annotation>\n      </xsd:element>\n      <xsd:element minOccurs=\"0\" name=\"Pricebook2Id\" type=\"xsd:string\">\n        <xsd:annotation optional=\"true\" title=\"Price Book ID\">\n          <xsd:documentation>The unique identifier of the price book</xsd:documentation>\n        </xsd:annotation>\n      </xsd:element>\n      <xsd:element minOccurs=\"0\" name=\"ShippingCity\" type=\"xsd:string\">\n        <xsd:annotation optional=\"true\" title=\"Shipping city\">\n          <xsd:documentation>The city of the shipping address for this account</xsd:documentation>\n        </xsd:annotation>\n      </xsd:element>\n      <xsd:element minOccurs=\"0\" name=\"BillingStreet\" type=\"xsd:string\">\n        <xsd:annotation optional=\"true\" title=\"Billing street\">\n          <xsd:documentation>The street address for the billing address of this account</xsd:documentation>\n        </xsd:annotation>\n      </xsd:element>\n      <xsd:element minOccurs=\"0\" name=\"EffectiveDate\" type=\"xsd:time\">\n        <xsd:annotation format=\"date-time\" optional=\"true\" title=\"Order start date\">\n          <xsd:documentation>The date the order was placed</xsd:documentation>\n        </xsd:annotation>\n      </xsd:element>\n      <xsd:element minOccurs=\"0\" name=\"ShippingState\" type=\"xsd:string\">\n        <xsd:annotation optional=\"true\" title=\"Shipping state or province\">\n          <xsd:documentation>The state or province of the shipping address for this account</xsd:documentation>\n        </xsd:annotation>\n      </xsd:element>\n      <xsd:element minOccurs=\"0\" name=\"BillingCountry\" type=\"xsd:string\">\n        <xsd:annotation optional=\"true\" title=\"Billing country\">\n          <xsd:documentation>The country for the billing address of this account</xsd:documentation>\n        </xsd:annotation>\n      </xsd:element>\n      <xsd:element minOccurs=\"0\" name=\"ShippingStreet\" type=\"xsd:string\">\n        <xsd:annotation optional=\"true\" title=\"Shipping street\">\n          <xsd:documentation>The street address of the shipping address for this account</xsd:documentation>\n        </xsd:annotation>\n      </xsd:element>\n      <xsd:element minOccurs=\"0\" name=\"BillToContactId\" type=\"xsd:string\">\n        <xsd:annotation optional=\"true\" title=\"Bill to contact ID\">\n          <xsd:documentation>Bill to contact ID</xsd:documentation>\n        </xsd:annotation>\n      </xsd:element>\n      <xsd:element minOccurs=\"0\" name=\"BillingLatitude\" type=\"xsd:double\">\n        <xsd:annotation format=\"double\" optional=\"true\" title=\"Billing latitude\">\n          <xsd:documentation>Used with billing longitude to specify the precise geolocation of a billing address. Acceptable values are numbers between –90 and 90 with up to 15 decimal places.</xsd:documentation>\n        </xsd:annotation>\n      </xsd:element>\n      <xsd:element minOccurs=\"0\" name=\"OriginalOrderId\" type=\"xsd:string\">\n        <xsd:annotation optional=\"true\" title=\"Original order ID\">\n          <xsd:documentation>The original unique identifier of the order</xsd:documentation>\n        </xsd:annotation>\n      </xsd:element>\n      <xsd:element minOccurs=\"0\" name=\"ShipToContactId\" type=\"xsd:string\">\n        <xsd:annotation optional=\"true\" title=\"Ship to contact ID\">\n          <xsd:documentation>Ship to contact ID</xsd:documentation>\n        </xsd:annotation>\n      </xsd:element>\n      <xsd:element minOccurs=\"0\" name=\"ShippingCountry\" type=\"xsd:string\">\n        <xsd:annotation optional=\"true\" title=\"Shipping country\">\n          <xsd:documentation>The country of the shipping address for this account</xsd:documentation>\n        </xsd:annotation>\n      </xsd:element>\n      <xsd:element minOccurs=\"0\" name=\"BillingLongitude\" type=\"xsd:double\">\n        <xsd:annotation format=\"double\" optional=\"true\" title=\"Billing longitude\">\n          <xsd:documentation>Used with billing latitude to specify the precise geolocation of a billing address. Acceptable values are numbers between –180 and 180 with up to 15 decimal places.</xsd:documentation>\n        </xsd:annotation>\n      </xsd:element>\n      <xsd:element minOccurs=\"0\" name=\"IsReductionOrder\" type=\"xsd:boolean\">\n        <xsd:annotation optional=\"true\" title=\"Reduction order\">\n          <xsd:documentation>Reduction order</xsd:documentation>\n        </xsd:annotation>\n      </xsd:element>\n      <xsd:element minOccurs=\"0\" name=\"ShippingLatitude\" type=\"xsd:double\">\n        <xsd:annotation format=\"double\" optional=\"true\" title=\"Shipping latitude\">\n          <xsd:documentation>Used with shipping longitude to specify the precise geolocation of a shipping address. Acceptable values are numbers between –90 and 90 with up to 15 decimal places.</xsd:documentation>\n        </xsd:annotation>\n      </xsd:element>\n      <xsd:element minOccurs=\"0\" name=\"BillingPostalCode\" type=\"xsd:string\">\n        <xsd:annotation optional=\"true\" title=\"Billing ZIP or postal code\">\n          <xsd:documentation>The ZIP or postal code for the billing address of this account</xsd:documentation>\n        </xsd:annotation>\n      </xsd:element>\n      <xsd:element minOccurs=\"0\" name=\"ShippingLongitude\" type=\"xsd:double\">\n        <xsd:annotation format=\"double\" optional=\"true\" title=\"Shipping longitude\">\n          <xsd:documentation>Used with shipping latitude to specify the precise geolocation of an address. Acceptable values are numbers between –180 and 180 with up to 15 decimal places.</xsd:documentation>\n        </xsd:annotation>\n      </xsd:element>\n      <xsd:element minOccurs=\"0\" name=\"ShippingPostalCode\" type=\"xsd:string\">\n        <xsd:annotation optional=\"true\" title=\"Shipping zip or postal code\">\n          <xsd:documentation>The zip or post code of the shipping address for this account</xsd:documentation>\n        </xsd:annotation>\n      </xsd:element>\n      <xsd:element minOccurs=\"0\" name=\"OrderReferenceNumber\" type=\"xsd:string\">\n        <xsd:annotation optional=\"true\" title=\"Order reference number\">\n          <xsd:documentation>Order reference number</xsd:documentation>\n        </xsd:annotation>\n      </xsd:element>\n      <xsd:element minOccurs=\"0\" name=\"CompanyAuthorizedById\" type=\"xsd:string\">\n        <xsd:annotation optional=\"true\" title=\"Company authorized by ID\">\n          <xsd:documentation>The unique identifier of the person who authorized this company</xsd:documentation>\n        </xsd:annotation>\n      </xsd:element>\n      <xsd:element minOccurs=\"0\" name=\"CompanyAuthorizedDate\" type=\"xsd:time\">\n        <xsd:annotation format=\"date-time\" optional=\"true\" title=\"Company authorized date\">\n          <xsd:documentation>Company authorized date</xsd:documentation>\n        </xsd:annotation>\n      </xsd:element>\n      <xsd:element minOccurs=\"0\" name=\"BillingGeocodeAccuracy\" type=\"BillingGeocodeAccuracyType\" xpathBeforeFlattening=\"/xsd:schema/xsd:complexType[@name='create_OrderRequest']/xsd:sequence/xsd:element[@name='BillingGeocodeAccuracy']\">\n        <xsd:annotation optional=\"true\" title=\"Billing geocode accuracy\">\n          <xsd:documentation>Billing geocode accuracy</xsd:documentation>\n        </xsd:annotation>\n      </xsd:element>\n      <xsd:element minOccurs=\"0\" name=\"CustomerAuthorizedById\" type=\"xsd:string\">\n        <xsd:annotation optional=\"true\" title=\"Customer authorized by ID\">\n          <xsd:documentation>The unique identifier of the person who authorized this customer</xsd:documentation>\n        </xsd:annotation>\n      </xsd:element>\n      <xsd:element minOccurs=\"0\" name=\"CustomerAuthorizedDate\" type=\"xsd:time\">\n        <xsd:annotation format=\"date-time\" optional=\"true\" title=\"Customer authorized date\">\n          <xsd:documentation>Customer authorized date</xsd:documentation>\n        </xsd:annotation>\n      </xsd:element>\n      <xsd:element minOccurs=\"0\" name=\"ShippingGeocodeAccuracy\" type=\"BillingGeocodeAccuracyType\" xpathBeforeFlattening=\"/xsd:schema/xsd:complexType[@name='create_OrderRequest']/xsd:sequence/xsd:element[@name='ShippingGeocodeAccuracy']\">\n        <xsd:annotation optional=\"true\" title=\"Shipping geocode accuracy\">\n          <xsd:documentation>Shipping geocode accuracy</xsd:documentation>\n        </xsd:annotation>\n      </xsd:element>\n    </xsd:sequence>\n  </xsd:complexType>\n  <xsd:complexType name=\"create_OrderResponse\">\n    <xsd:sequence>\n      <xsd:element minOccurs=\"0\" name=\"Id\" type=\"xsd:string\">\n        <xsd:annotation optional=\"true\" title=\"Order ID\">\n          <xsd:documentation>The unique identifier of the order</xsd:documentation>\n        </xsd:annotation>\n      </xsd:element>\n    </xsd:sequence>\n  </xsd:complexType>\n  <xsd:simpleType name=\"StatusType\">\n    <xsd:restriction base=\"xsd:string\">\n      <xsd:enumeration value=\"Draft\"/>\n      <xsd:enumeration value=\"Activated\"/>\n    </xsd:restriction>\n  </xsd:simpleType>\n  <xsd:simpleType name=\"BillingGeocodeAccuracyType\">\n    <xsd:restriction base=\"xsd:string\">\n      <xsd:enumeration value=\"Address\"/>\n      <xsd:enumeration value=\"NearAddress\"/>\n      <xsd:enumeration value=\"Block\"/>\n      <xsd:enumeration value=\"Street\"/>\n      <xsd:enumeration value=\"ExtendedZip\"/>\n      <xsd:enumeration value=\"Zip\"/>\n      <xsd:enumeration value=\"Neighborhood\"/>\n      <xsd:enumeration value=\"City\"/>\n      <xsd:enumeration value=\"County\"/>\n      <xsd:enumeration value=\"State\"/>\n      <xsd:enumeration value=\"Unknown\"/>\n    </xsd:restriction>\n  </xsd:simpleType>\n</xsd:schema>\n",
    "namespace" : "http://www.ibm.com/xmlns/prod/bpm/bpmn/ext/externalservice/swagger/xsd/c755d578-9673-4658-948d-0df56f992a2f.xsd",
    "type" : "xsd",
    "url" : "http://www.ibm.com/xmlns/prod/bpm/bpmn/ext/externalservice/swagger/xsd/c755d578-9673-4658-948d-0df56f992a2f.xsd"
  },
  "type" : "BPMService",
  "definitions" : "<?xml version=\"1.0\" encoding=\"UTF-8\"?><xsd:schema xmlns:xsd=\"http://www.w3.org/2001/XMLSchema\" xmlns=\"http://www.ibm.com/xmlns/prod/bpm/bpmn/ext/externalservice/swagger/xsd/c755d578-9673-4658-948d-0df56f992a2f.xsd\" xmlns:ibmbpm=\"http://lombardi.ibm.com/schema/\" targetNamespace=\"http://www.ibm.com/xmlns/prod/bpm/bpmn/ext/externalservice/swagger/xsd/c755d578-9673-4658-948d-0df56f992a2f.xsd\">\n  <xsd:element name=\"create_OrderRequest\" type=\"create_OrderRequest\"/>\n  <xsd:element name=\"create_OrderResponse\" type=\"create_OrderResponse\"/>\n  <xsd:complexType name=\"create_OrderRequest\">\n    <xsd:sequence>\n      <xsd:element minOccurs=\"0\" name=\"Name\" type=\"xsd:string\">\n        <xsd:annotation optional=\"true\" title=\"Order name\">\n          <xsd:documentation>Order name</xsd:documentation>\n        </xsd:annotation>\n      </xsd:element>\n      <xsd:element minOccurs=\"0\" name=\"Type\" type=\"xsd:string\">\n        <xsd:annotation optional=\"true\" title=\"Order type\">\n          <xsd:documentation>The type of the order</xsd:documentation>\n        </xsd:annotation>\n      </xsd:element>\n      <xsd:element minOccurs=\"0\" name=\"PoDate\" type=\"xsd:time\">\n        <xsd:annotation format=\"date-time\" optional=\"true\" title=\"PO date\">\n          <xsd:documentation>PO date</xsd:documentation>\n        </xsd:annotation>\n      </xsd:element>\n      <xsd:element minOccurs=\"0\" name=\"Status\" type=\"StatusType\" xpathBeforeFlattening=\"/xsd:schema/xsd:complexType[@name='create_OrderRequest']/xsd:sequence/xsd:element[@name='Status']\">\n        <xsd:annotation optional=\"true\" title=\"Status\">\n          <xsd:documentation>Status</xsd:documentation>\n        </xsd:annotation>\n      </xsd:element>\n      <xsd:element minOccurs=\"0\" name=\"EndDate\" type=\"xsd:time\">\n        <xsd:annotation format=\"date-time\" optional=\"true\" title=\"Order end date\">\n          <xsd:documentation>The date the order was fulfilled</xsd:documentation>\n        </xsd:annotation>\n      </xsd:element>\n      <xsd:element minOccurs=\"0\" name=\"OwnerId\" type=\"xsd:string\">\n        <xsd:annotation optional=\"true\" title=\"Owner’s ID\">\n          <xsd:documentation>The unique identifier of the owner</xsd:documentation>\n        </xsd:annotation>\n      </xsd:element>\n      <xsd:element minOccurs=\"0\" name=\"PoNumber\" type=\"xsd:string\">\n        <xsd:annotation optional=\"true\" title=\"PO number\">\n          <xsd:documentation>PO number</xsd:documentation>\n        </xsd:annotation>\n      </xsd:element>\n      <xsd:element minOccurs=\"0\" name=\"AccountId\" type=\"xsd:string\">\n        <xsd:annotation optional=\"true\" title=\"Account ID\">\n          <xsd:documentation>The unique identifier of the account</xsd:documentation>\n        </xsd:annotation>\n      </xsd:element>\n      <xsd:element minOccurs=\"0\" name=\"ContractId\" type=\"xsd:string\">\n        <xsd:annotation optional=\"true\" title=\"Contract ID\">\n          <xsd:documentation>The unique identifier of the contract</xsd:documentation>\n        </xsd:annotation>\n      </xsd:element>\n      <xsd:element minOccurs=\"0\" name=\"BillingCity\" type=\"xsd:string\">\n        <xsd:annotation optional=\"true\" title=\"Billing city\">\n          <xsd:documentation>The city for the billing address of this account</xsd:documentation>\n        </xsd:annotation>\n      </xsd:element>\n      <xsd:element minOccurs=\"0\" name=\"Description\" type=\"xsd:string\">\n        <xsd:annotation optional=\"true\" title=\"Internal comments\">\n          <xsd:documentation>Comments posted from users in the organization</xsd:documentation>\n        </xsd:annotation>\n      </xsd:element>\n      <xsd:element minOccurs=\"0\" name=\"BillingState\" type=\"xsd:string\">\n        <xsd:annotation optional=\"true\" title=\"Billing state or province\">\n          <xsd:documentation>The state or province for the billing address of this account</xsd:documentation>\n        </xsd:annotation>\n      </xsd:element>\n      <xsd:element minOccurs=\"0\" name=\"Pricebook2Id\" type=\"xsd:string\">\n        <xsd:annotation optional=\"true\" title=\"Price Book ID\">\n          <xsd:documentation>The unique identifier of the price book</xsd:documentation>\n        </xsd:annotation>\n      </xsd:element>\n      <xsd:element minOccurs=\"0\" name=\"ShippingCity\" type=\"xsd:string\">\n        <xsd:annotation optional=\"true\" title=\"Shipping city\">\n          <xsd:documentation>The city of the shipping address for this account</xsd:documentation>\n        </xsd:annotation>\n      </xsd:element>\n      <xsd:element minOccurs=\"0\" name=\"BillingStreet\" type=\"xsd:string\">\n        <xsd:annotation optional=\"true\" title=\"Billing street\">\n          <xsd:documentation>The street address for the billing address of this account</xsd:documentation>\n        </xsd:annotation>\n      </xsd:element>\n      <xsd:element minOccurs=\"0\" name=\"EffectiveDate\" type=\"xsd:time\">\n        <xsd:annotation format=\"date-time\" optional=\"true\" title=\"Order start date\">\n          <xsd:documentation>The date the order was placed</xsd:documentation>\n        </xsd:annotation>\n      </xsd:element>\n      <xsd:element minOccurs=\"0\" name=\"ShippingState\" type=\"xsd:string\">\n        <xsd:annotation optional=\"true\" title=\"Shipping state or province\">\n          <xsd:documentation>The state or province of the shipping address for this account</xsd:documentation>\n        </xsd:annotation>\n      </xsd:element>\n      <xsd:element minOccurs=\"0\" name=\"BillingCountry\" type=\"xsd:string\">\n        <xsd:annotation optional=\"true\" title=\"Billing country\">\n          <xsd:documentation>The country for the billing address of this account</xsd:documentation>\n        </xsd:annotation>\n      </xsd:element>\n      <xsd:element minOccurs=\"0\" name=\"ShippingStreet\" type=\"xsd:string\">\n        <xsd:annotation optional=\"true\" title=\"Shipping street\">\n          <xsd:documentation>The street address of the shipping address for this account</xsd:documentation>\n        </xsd:annotation>\n      </xsd:element>\n      <xsd:element minOccurs=\"0\" name=\"BillToContactId\" type=\"xsd:string\">\n        <xsd:annotation optional=\"true\" title=\"Bill to contact ID\">\n          <xsd:documentation>Bill to contact ID</xsd:documentation>\n        </xsd:annotation>\n      </xsd:element>\n      <xsd:element minOccurs=\"0\" name=\"BillingLatitude\" type=\"xsd:double\">\n        <xsd:annotation format=\"double\" optional=\"true\" title=\"Billing latitude\">\n          <xsd:documentation>Used with billing longitude to specify the precise geolocation of a billing address. Acceptable values are numbers between –90 and 90 with up to 15 decimal places.</xsd:documentation>\n        </xsd:annotation>\n      </xsd:element>\n      <xsd:element minOccurs=\"0\" name=\"OriginalOrderId\" type=\"xsd:string\">\n        <xsd:annotation optional=\"true\" title=\"Original order ID\">\n          <xsd:documentation>The original unique identifier of the order</xsd:documentation>\n        </xsd:annotation>\n      </xsd:element>\n      <xsd:element minOccurs=\"0\" name=\"ShipToContactId\" type=\"xsd:string\">\n        <xsd:annotation optional=\"true\" title=\"Ship to contact ID\">\n          <xsd:documentation>Ship to contact ID</xsd:documentation>\n        </xsd:annotation>\n      </xsd:element>\n      <xsd:element minOccurs=\"0\" name=\"ShippingCountry\" type=\"xsd:string\">\n        <xsd:annotation optional=\"true\" title=\"Shipping country\">\n          <xsd:documentation>The country of the shipping address for this account</xsd:documentation>\n        </xsd:annotation>\n      </xsd:element>\n      <xsd:element minOccurs=\"0\" name=\"BillingLongitude\" type=\"xsd:double\">\n        <xsd:annotation format=\"double\" optional=\"true\" title=\"Billing longitude\">\n          <xsd:documentation>Used with billing latitude to specify the precise geolocation of a billing address. Acceptable values are numbers between –180 and 180 with up to 15 decimal places.</xsd:documentation>\n        </xsd:annotation>\n      </xsd:element>\n      <xsd:element minOccurs=\"0\" name=\"IsReductionOrder\" type=\"xsd:boolean\">\n        <xsd:annotation optional=\"true\" title=\"Reduction order\">\n          <xsd:documentation>Reduction order</xsd:documentation>\n        </xsd:annotation>\n      </xsd:element>\n      <xsd:element minOccurs=\"0\" name=\"ShippingLatitude\" type=\"xsd:double\">\n        <xsd:annotation format=\"double\" optional=\"true\" title=\"Shipping latitude\">\n          <xsd:documentation>Used with shipping longitude to specify the precise geolocation of a shipping address. Acceptable values are numbers between –90 and 90 with up to 15 decimal places.</xsd:documentation>\n        </xsd:annotation>\n      </xsd:element>\n      <xsd:element minOccurs=\"0\" name=\"BillingPostalCode\" type=\"xsd:string\">\n        <xsd:annotation optional=\"true\" title=\"Billing ZIP or postal code\">\n          <xsd:documentation>The ZIP or postal code for the billing address of this account</xsd:documentation>\n        </xsd:annotation>\n      </xsd:element>\n      <xsd:element minOccurs=\"0\" name=\"ShippingLongitude\" type=\"xsd:double\">\n        <xsd:annotation format=\"double\" optional=\"true\" title=\"Shipping longitude\">\n          <xsd:documentation>Used with shipping latitude to specify the precise geolocation of an address. Acceptable values are numbers between –180 and 180 with up to 15 decimal places.</xsd:documentation>\n        </xsd:annotation>\n      </xsd:element>\n      <xsd:element minOccurs=\"0\" name=\"ShippingPostalCode\" type=\"xsd:string\">\n        <xsd:annotation optional=\"true\" title=\"Shipping zip or postal code\">\n          <xsd:documentation>The zip or post code of the shipping address for this account</xsd:documentation>\n        </xsd:annotation>\n      </xsd:element>\n      <xsd:element minOccurs=\"0\" name=\"OrderReferenceNumber\" type=\"xsd:string\">\n        <xsd:annotation optional=\"true\" title=\"Order reference number\">\n          <xsd:documentation>Order reference number</xsd:documentation>\n        </xsd:annotation>\n      </xsd:element>\n      <xsd:element minOccurs=\"0\" name=\"CompanyAuthorizedById\" type=\"xsd:string\">\n        <xsd:annotation optional=\"true\" title=\"Company authorized by ID\">\n          <xsd:documentation>The unique identifier of the person who authorized this company</xsd:documentation>\n        </xsd:annotation>\n      </xsd:element>\n      <xsd:element minOccurs=\"0\" name=\"CompanyAuthorizedDate\" type=\"xsd:time\">\n        <xsd:annotation format=\"date-time\" optional=\"true\" title=\"Company authorized date\">\n          <xsd:documentation>Company authorized date</xsd:documentation>\n        </xsd:annotation>\n      </xsd:element>\n      <xsd:element minOccurs=\"0\" name=\"BillingGeocodeAccuracy\" type=\"BillingGeocodeAccuracyType\" xpathBeforeFlattening=\"/xsd:schema/xsd:complexType[@name='create_OrderRequest']/xsd:sequence/xsd:element[@name='BillingGeocodeAccuracy']\">\n        <xsd:annotation optional=\"true\" title=\"Billing geocode accuracy\">\n          <xsd:documentation>Billing geocode accuracy</xsd:documentation>\n        </xsd:annotation>\n      </xsd:element>\n      <xsd:element minOccurs=\"0\" name=\"CustomerAuthorizedById\" type=\"xsd:string\">\n        <xsd:annotation optional=\"true\" title=\"Customer authorized by ID\">\n          <xsd:documentation>The unique identifier of the person who authorized this customer</xsd:documentation>\n        </xsd:annotation>\n      </xsd:element>\n      <xsd:element minOccurs=\"0\" name=\"CustomerAuthorizedDate\" type=\"xsd:time\">\n        <xsd:annotation format=\"date-time\" optional=\"true\" title=\"Customer authorized date\">\n          <xsd:documentation>Customer authorized date</xsd:documentation>\n        </xsd:annotation>\n      </xsd:element>\n      <xsd:element minOccurs=\"0\" name=\"ShippingGeocodeAccuracy\" type=\"BillingGeocodeAccuracyType\" xpathBeforeFlattening=\"/xsd:schema/xsd:complexType[@name='create_OrderRequest']/xsd:sequence/xsd:element[@name='ShippingGeocodeAccuracy']\">\n        <xsd:annotation optional=\"true\" title=\"Shipping geocode accuracy\">\n          <xsd:documentation>Shipping geocode accuracy</xsd:documentation>\n        </xsd:annotation>\n      </xsd:element>\n    </xsd:sequence>\n  </xsd:complexType>\n  <xsd:complexType name=\"create_OrderResponse\">\n    <xsd:sequence>\n      <xsd:element minOccurs=\"0\" name=\"Id\" type=\"xsd:string\">\n        <xsd:annotation optional=\"true\" title=\"Order ID\">\n          <xsd:documentation>The unique identifier of the order</xsd:documentation>\n        </xsd:annotation>\n      </xsd:element>\n    </xsd:sequence>\n  </xsd:complexType>\n  <xsd:simpleType name=\"StatusType\">\n    <xsd:restriction base=\"xsd:string\">\n      <xsd:enumeration value=\"Draft\"/>\n      <xsd:enumeration value=\"Activated\"/>\n    </xsd:restriction>\n  </xsd:simpleType>\n  <xsd:simpleType name=\"BillingGeocodeAccuracyType\">\n    <xsd:restriction base=\"xsd:string\">\n      <xsd:enumeration value=\"Address\"/>\n      <xsd:enumeration value=\"NearAddress\"/>\n      <xsd:enumeration value=\"Block\"/>\n      <xsd:enumeration value=\"Street\"/>\n      <xsd:enumeration value=\"ExtendedZip\"/>\n      <xsd:enumeration value=\"Zip\"/>\n      <xsd:enumeration value=\"Neighborhood\"/>\n      <xsd:enumeration value=\"City\"/>\n      <xsd:enumeration value=\"County\"/>\n      <xsd:enumeration value=\"State\"/>\n      <xsd:enumeration value=\"Unknown\"/>\n    </xsd:restriction>\n  </xsd:simpleType>\n</xsd:schema>\n",
  "poId" : "6023.7dcc0651-177f-4b4b-9524-7950137f12ae"
}