{
  "META_AUTOMATION_SERVICE_REST_BINDING_VALUES_REF_ID" : "62.392a1f40-eefe-4396-8693-9407f778186f",
  "META_AUTOMATION_SERVICE_REST_BINDING_VALUES" : {
    "consumeDefaultVersion" : true
  },
  "type" : "BPMService",
  "definitions" : {
    "rootElement" : [ {
      "documentation" : [ {
        "content" : [ "This OpenAPI document describes the operations that the salesforce Account runtime APIs support." ],
        "textFormat" : "text/plain"
      } ],
      "name" : "IFace.f6154185-8385-4844-b73a-8079a033e8e6",
      "declaredType" : "interface",
      "id" : "_f13c8707-cd5f-4d0c-8e02-311df7585302",
      "operation" : [ {
        "extensionElements" : {
          "sfPOId" : [ "1.41c31267-6a26-442f-b58b-af4f8346807e" ],
          "businessSignature" : [ {
            "output" : [ {
              "path" : "next",
              "name" : "next",
              "isCollection" : false,
              "declaredType" : "com.ibm.bpmsdk.model.bpmn20.ibmextauth.TParameter",
              "id" : "_65974239-1383-4dc7-980d-774c669b312c",
              "isOptional" : false,
              "typeRefPO" : "http://ibm.com/dba/projects/reorder_automation:dataModel/com/ibm/wo/application/salesforce/nextType.schema.json",
              "typeRef" : "{http://www.ibm.com/xmlns/prod/bpm/bpmn/ext/externalservice/swagger/xsd/3731d10a-bce7-4e3c-99ce-15b56e1ab8a1.xsd}nextType"
            }, {
              "path" : "instances",
              "name" : "instances",
              "isCollection" : true,
              "declaredType" : "com.ibm.bpmsdk.model.bpmn20.ibmextauth.TParameter",
              "id" : "_671d9b88-f3cb-4c65-87e6-6352e7e28282",
              "isOptional" : false,
              "typeRefPO" : "http://ibm.com/dba/projects/reorder_automation:dataModel/com/ibm/wo/application/salesforce/instancesType.schema.json",
              "typeRef" : "{http://www.ibm.com/xmlns/prod/bpm/bpmn/ext/externalservice/swagger/xsd/3731d10a-bce7-4e3c-99ce-15b56e1ab8a1.xsd}instancesType"
            } ],
            "input" : [ {
              "path" : "next_page_token",
              "name" : "next_page_token",
              "isCollection" : false,
              "description" : "token to obtain next set of records",
              "declaredType" : "com.ibm.bpmsdk.model.bpmn20.ibmextauth.TParameter",
              "id" : "_cc792fca-5151-4fd4-860b-3807f4d38345",
              "isOptional" : false,
              "typeRefPO" : "string",
              "typeRef" : "{http://www.w3.org/2001/XMLSchema}string"
            }, {
              "path" : "filter",
              "name" : "filter",
              "isCollection" : false,
              "description" : "The [`filter`](https://loopback.io/doc/en/lb4/Where-filter.html) is a type of filter clause that consists of one or more logical conditions to match, it is a way of achieving subsetting of data based on the specified conditions",
              "declaredType" : "com.ibm.bpmsdk.model.bpmn20.ibmextauth.TParameter",
              "id" : "_5b5a9270-5159-4299-bcbf-3cc03d8151a7",
              "isOptional" : false,
              "typeRefPO" : "string",
              "typeRef" : "{http://www.w3.org/2001/XMLSchema}string"
            } ],
            "declaredType" : "com.ibm.bpmsdk.model.bpmn20.ibmextauth.TSignature"
          } ]
        },
        "documentation" : [ {
          "content" : [ "from Salesforce" ],
          "textFormat" : "text/plain"
        } ],
        "name" : "retrievewithwhere_Account",
        "id" : "_be8050a3-2607-45ba-87c0-2d57abf8802f"
      } ]
    }, {
      "extensionElements" : {
        "externalService" : [ {
          "automationServiceRestBinding" : {
            "skillId" : "Salesforce-Account__5.0.0__retrievewithwhere_Account",
            "invocationType" : "SKILL",
            "org" : "uab",
            "bindingEnvVarSetRef" : "62.392a1f40-eefe-4396-8693-9407f778186f",
            "displayVersion" : "head",
            "name" : "Salesforce Account",
            "project" : "Salesforce-Account__5.0.0__retrievewithwhere_Account",
            "applicationId" : "salesforce",
            "canUseDefaultVersion" : true,
            "type" : "workflow",
            "version" : "head",
            "restBinding" : {
              "swaggerRef" : "{http://www.ibm.com/xmlns/prod/bpm/bpmn/ext/externalservice/swagger/3731d10a-bce7-4e3c-99ce-15b56e1ab8a1Service}6023.485ce214-2e3d-4907-86f4-15e0acf20330",
              "openAPIVersion" : "v3"
            }
          },
          "cachingType" : false,
          "name" : "Salesforce Account",
          "interfaceRef" : "_f13c8707-cd5f-4d0c-8e02-311df7585302",
          "declaredType" : "com.ibm.bpmsdk.model.bpmn20.ibmextservice.TExternalService",
          "id" : "_1eae8c3a-2d3b-45f0-a88d-00b41cf8fac6"
        } ]
      },
      "declaredType" : "endPoint"
    } ],
    "targetNamespace" : "http://www.ibm.com/xmlns/prod/bpm/bpmn/ext/externalservice/swagger/3731d10a-bce7-4e3c-99ce-15b56e1ab8a1Service",
    "typeLanguage" : "http://www.w3.org/2001/XMLSchema",
    "expressionLanguage" : "http://www.ibm.com/xmlns/prod/bpm/expression-lang/javascript",
    "id" : "_76065ab6-33c9-4827-a219-2d4860c18695"
  },
  "poId" : "1.773c9f84-1004-474c-9ca1-4b68a96aaefc",
  "REFERENCES" : [ "file:/opt/ibm/wlp/output/defaultServer/temp/automationServiceDiscovery6447643650029794425.json", "http://www.ibm.com/xmlns/prod/bpm/bpmn/ext/externalservice/swagger/xsd/3731d10a-bce7-4e3c-99ce-15b56e1ab8a1.xsd", "{http://www.ibm.com/xmlns/prod/bpm/bpmn/ext/externalservice/swagger/3731d10a-bce7-4e3c-99ce-15b56e1ab8a1Service}retrievewithwhere_AccountRequestMsg", "{http://www.ibm.com/xmlns/prod/bpm/bpmn/ext/externalservice/swagger/3731d10a-bce7-4e3c-99ce-15b56e1ab8a1Service}retrievewithwhere_AccountResponseMsg" ]
}