{
  "WSDL_DATA" : {
    "repoUrl" : "repo://6023.a23267e2-9922-4bb9-b687-108b1d59d16a/15b56e1ab8a1.xsd",
    "uid" : "6023.a23267e2-9922-4bb9-b687-108b1d59d16a",
    "referenceLocation" : [ ],
    "data" : "<?xml version=\"1.0\" encoding=\"UTF-8\"?><xsd:schema xmlns:xsd=\"http://www.w3.org/2001/XMLSchema\" xmlns=\"http://www.ibm.com/xmlns/prod/bpm/bpmn/ext/externalservice/swagger/xsd/3731d10a-bce7-4e3c-99ce-15b56e1ab8a1.xsd\" xmlns:ibmbpm=\"http://lombardi.ibm.com/schema/\" targetNamespace=\"http://www.ibm.com/xmlns/prod/bpm/bpmn/ext/externalservice/swagger/xsd/3731d10a-bce7-4e3c-99ce-15b56e1ab8a1.xsd\">\n  <xsd:element name=\"retrievewithwhere_AccountRequest\" type=\"retrievewithwhere_AccountRequest\"/>\n  <xsd:element name=\"retrievewithwhere_AccountResponse\" type=\"retrievewithwhere_AccountResponse\"/>\n  <xsd:complexType name=\"retrievewithwhere_AccountRequest\">\n    <xsd:sequence>\n      <xsd:element minOccurs=\"0\" name=\"next_page_token\" type=\"xsd:string\">\n        <xsd:annotation optional=\"true\">\n          <xsd:documentation>token to obtain next set of records</xsd:documentation>\n        </xsd:annotation>\n      </xsd:element>\n      <xsd:element minOccurs=\"0\" name=\"filter\" type=\"xsd:string\">\n        <xsd:annotation optional=\"true\">\n          <xsd:documentation>The [`filter`](https://loopback.io/doc/en/lb4/Where-filter.html) is a type of filter clause that consists of one or more logical conditions to match, it is a way of achieving subsetting of data based on the specified conditions</xsd:documentation>\n        </xsd:annotation>\n      </xsd:element>\n    </xsd:sequence>\n  </xsd:complexType>\n  <xsd:complexType name=\"retrievewithwhere_AccountResponse\">\n    <xsd:sequence>\n      <xsd:element minOccurs=\"0\" name=\"next\" type=\"nextType\" xpathBeforeFlattening=\"/xsd:schema/xsd:complexType[@name='retrievewithwhere_AccountResponse']/xsd:sequence/xsd:element[@name='next']\">\n        <xsd:annotation optional=\"true\"/>\n      </xsd:element>\n      <xsd:element maxOccurs=\"unbounded\" minOccurs=\"0\" name=\"instances\" type=\"instancesType\" xpathBeforeFlattening=\"/xsd:schema/xsd:complexType[@name='retrievewithwhere_AccountResponse']/xsd:sequence/xsd:element[@name='instances']\">\n        <xsd:annotation optional=\"true\"/>\n      </xsd:element>\n    </xsd:sequence>\n  </xsd:complexType>\n  <xsd:complexType name=\"nextType\">\n    <xsd:sequence>\n      <xsd:element minOccurs=\"0\" name=\"next_page_token\" type=\"xsd:string\">\n        <xsd:annotation optional=\"true\">\n          <xsd:documentation>For token-based pagination, the token to retrieve the next page</xsd:documentation>\n        </xsd:annotation>\n      </xsd:element>\n    </xsd:sequence>\n  </xsd:complexType>\n  <xsd:complexType name=\"instancesType\">\n    <xsd:sequence>\n      <xsd:element minOccurs=\"0\" name=\"Id\" type=\"xsd:string\">\n        <xsd:annotation optional=\"true\" title=\"Account ID\">\n          <xsd:documentation>The system-generated ID assigned when the account is created</xsd:documentation>\n        </xsd:annotation>\n      </xsd:element>\n      <xsd:element minOccurs=\"0\" name=\"Fax\" type=\"xsd:string\">\n        <xsd:annotation optional=\"true\" title=\"Account fax\">\n          <xsd:documentation>The fax number for the account. Maximum length is 40 digits.</xsd:documentation>\n        </xsd:annotation>\n      </xsd:element>\n      <xsd:element minOccurs=\"0\" name=\"Sic\" type=\"xsd:string\">\n        <xsd:annotation optional=\"true\" title=\"SIC Code\">\n          <xsd:documentation>SIC Code</xsd:documentation>\n        </xsd:annotation>\n      </xsd:element>\n      <xsd:element minOccurs=\"0\" name=\"Name\" type=\"xsd:string\">\n        <xsd:annotation optional=\"true\" title=\"Account name\">\n          <xsd:documentation>Name of the account. A name can’t be longer than 255 characters.</xsd:documentation>\n        </xsd:annotation>\n      </xsd:element>\n      <xsd:element minOccurs=\"0\" name=\"Site\" type=\"xsd:string\">\n        <xsd:annotation optional=\"true\" title=\"Account site\">\n          <xsd:documentation>Account site</xsd:documentation>\n        </xsd:annotation>\n      </xsd:element>\n      <xsd:element minOccurs=\"0\" name=\"Type\" type=\"TypeType\" xpathBeforeFlattening=\"/xsd:schema/xsd:complexType[@name='retrievewithwhere_AccountResponse']/xsd:sequence/xsd:element[@name='instances']/xsd:complexType/xsd:sequence/xsd:element[@name='Type']\">\n        <xsd:annotation optional=\"true\" title=\"Account type\">\n          <xsd:documentation>The type of account, for example Customer, Competitor, or Partner</xsd:documentation>\n        </xsd:annotation>\n      </xsd:element>\n      <xsd:element minOccurs=\"0\" name=\"Phone\" type=\"xsd:string\">\n        <xsd:annotation optional=\"true\" title=\"Account phone\">\n          <xsd:documentation>The phone number for this account. Maximum length is 40 digits.</xsd:documentation>\n        </xsd:annotation>\n      </xsd:element>\n      <xsd:element minOccurs=\"0\" name=\"Jigsaw\" type=\"xsd:string\">\n        <xsd:annotation optional=\"true\" title=\"Data.com key\">\n          <xsd:documentation>The company ID in Data.com</xsd:documentation>\n        </xsd:annotation>\n      </xsd:element>\n      <xsd:element minOccurs=\"0\" name=\"Rating\" type=\"RatingType\" xpathBeforeFlattening=\"/xsd:schema/xsd:complexType[@name='retrievewithwhere_AccountResponse']/xsd:sequence/xsd:element[@name='instances']/xsd:complexType/xsd:sequence/xsd:element[@name='Rating']\">\n        <xsd:annotation optional=\"true\" title=\"Account rating\">\n          <xsd:documentation>Account rating</xsd:documentation>\n        </xsd:annotation>\n      </xsd:element>\n      <xsd:element minOccurs=\"0\" name=\"SLA__c\" type=\"SLA__cType\" xpathBeforeFlattening=\"/xsd:schema/xsd:complexType[@name='retrievewithwhere_AccountResponse']/xsd:sequence/xsd:element[@name='instances']/xsd:complexType/xsd:sequence/xsd:element[@name='SLA__c']\">\n        <xsd:annotation optional=\"true\" title=\"SLA\">\n          <xsd:documentation>SLA</xsd:documentation>\n        </xsd:annotation>\n      </xsd:element>\n      <xsd:element minOccurs=\"0\" name=\"OwnerId\" type=\"xsd:string\">\n        <xsd:annotation optional=\"true\" title=\"Owner ID\">\n          <xsd:documentation>The unique identifier of the user who currently owns this account</xsd:documentation>\n        </xsd:annotation>\n      </xsd:element>\n      <xsd:element minOccurs=\"0\" name=\"SicDesc\" type=\"xsd:string\">\n        <xsd:annotation optional=\"true\" title=\"SIC description\">\n          <xsd:documentation>A brief description of an organization’s line of business, based on its Standard Industrial Classification (SIC) code. Maximum length is 80 characters.</xsd:documentation>\n        </xsd:annotation>\n      </xsd:element>\n      <xsd:element minOccurs=\"0\" name=\"Website\" type=\"xsd:string\">\n        <xsd:annotation optional=\"true\" title=\"Website\">\n          <xsd:documentation>The website of this account. Maximum length is 255 characters.</xsd:documentation>\n        </xsd:annotation>\n      </xsd:element>\n      <xsd:element minOccurs=\"0\" name=\"Industry\" type=\"IndustryType\" xpathBeforeFlattening=\"/xsd:schema/xsd:complexType[@name='retrievewithwhere_AccountResponse']/xsd:sequence/xsd:element[@name='instances']/xsd:complexType/xsd:sequence/xsd:element[@name='Industry']\">\n        <xsd:annotation optional=\"true\" title=\"Industry\">\n          <xsd:documentation>The industry associated with this account. Maximum length is 40 characters.</xsd:documentation>\n        </xsd:annotation>\n      </xsd:element>\n      <xsd:element minOccurs=\"0\" name=\"ParentId\" type=\"xsd:string\">\n        <xsd:annotation optional=\"true\" title=\"Parent account ID\">\n          <xsd:documentation>ID of the parent object</xsd:documentation>\n        </xsd:annotation>\n      </xsd:element>\n      <xsd:element minOccurs=\"0\" name=\"PhotoUrl\" type=\"xsd:string\">\n        <xsd:annotation optional=\"true\" title=\"Photo URL\">\n          <xsd:documentation>The URL to request the social network profile image associated with the account</xsd:documentation>\n        </xsd:annotation>\n      </xsd:element>\n      <xsd:element minOccurs=\"0\" name=\"Active__c\" type=\"Active__cType\" xpathBeforeFlattening=\"/xsd:schema/xsd:complexType[@name='retrievewithwhere_AccountResponse']/xsd:sequence/xsd:element[@name='instances']/xsd:complexType/xsd:sequence/xsd:element[@name='Active__c']\">\n        <xsd:annotation optional=\"true\" title=\"Active\">\n          <xsd:documentation>Active</xsd:documentation>\n        </xsd:annotation>\n      </xsd:element>\n      <xsd:element minOccurs=\"0\" name=\"IsDeleted\" type=\"xsd:boolean\">\n        <xsd:annotation optional=\"true\" title=\"Deleted\">\n          <xsd:documentation>Indicates whether the account has been moved to the recycle bin</xsd:documentation>\n        </xsd:annotation>\n      </xsd:element>\n      <xsd:element minOccurs=\"0\" name=\"NaicsCode\" type=\"xsd:string\">\n        <xsd:annotation optional=\"true\" title=\"NAICS Code\">\n          <xsd:documentation>NAICS Code</xsd:documentation>\n        </xsd:annotation>\n      </xsd:element>\n      <xsd:element minOccurs=\"0\" name=\"NaicsDesc\" type=\"xsd:string\">\n        <xsd:annotation optional=\"true\" title=\"NAICS Description\">\n          <xsd:documentation>NAICS Description</xsd:documentation>\n        </xsd:annotation>\n      </xsd:element>\n      <xsd:element minOccurs=\"0\" name=\"Ownership\" type=\"OwnershipType\" xpathBeforeFlattening=\"/xsd:schema/xsd:complexType[@name='retrievewithwhere_AccountResponse']/xsd:sequence/xsd:element[@name='instances']/xsd:complexType/xsd:sequence/xsd:element[@name='Ownership']\">\n        <xsd:annotation optional=\"true\" title=\"Ownership\">\n          <xsd:documentation>Ownership</xsd:documentation>\n        </xsd:annotation>\n      </xsd:element>\n      <xsd:element minOccurs=\"0\" name=\"DunsNumber\" type=\"xsd:string\">\n        <xsd:annotation optional=\"true\" title=\"D-U-N-S Number\">\n          <xsd:documentation>D-U-N-S Number</xsd:documentation>\n        </xsd:annotation>\n      </xsd:element>\n      <xsd:element minOccurs=\"0\" name=\"Tradestyle\" type=\"xsd:string\">\n        <xsd:annotation optional=\"true\" title=\"Tradestyle\">\n          <xsd:documentation>Tradestyle</xsd:documentation>\n        </xsd:annotation>\n      </xsd:element>\n      <xsd:element minOccurs=\"0\" name=\"attributes\" type=\"attributesType\" xpathBeforeFlattening=\"/xsd:schema/xsd:complexType[@name='retrievewithwhere_AccountResponse']/xsd:sequence/xsd:element[@name='instances']/xsd:complexType/xsd:sequence/xsd:element[@name='attributes']\">\n        <xsd:annotation optional=\"true\" title=\"Attributes\">\n          <xsd:documentation>Attributes</xsd:documentation>\n        </xsd:annotation>\n      </xsd:element>\n      <xsd:element minOccurs=\"0\" name=\"BillingCity\" type=\"xsd:string\">\n        <xsd:annotation optional=\"true\" title=\"Billing city\">\n          <xsd:documentation>The city for the billing address of this account. Maximum length is 40 characters.</xsd:documentation>\n        </xsd:annotation>\n      </xsd:element>\n      <xsd:element minOccurs=\"0\" name=\"CleanStatus\" type=\"CleanStatusType\" xpathBeforeFlattening=\"/xsd:schema/xsd:complexType[@name='retrievewithwhere_AccountResponse']/xsd:sequence/xsd:element[@name='instances']/xsd:complexType/xsd:sequence/xsd:element[@name='CleanStatus']\">\n        <xsd:annotation optional=\"true\" title=\"Clean Status\">\n          <xsd:documentation>Clean Status</xsd:documentation>\n        </xsd:annotation>\n      </xsd:element>\n      <xsd:element minOccurs=\"0\" name=\"CreatedById\" type=\"xsd:string\">\n        <xsd:annotation optional=\"true\" title=\"Created by ID\">\n          <xsd:documentation>The ID of the user who created the account</xsd:documentation>\n        </xsd:annotation>\n      </xsd:element>\n      <xsd:element minOccurs=\"0\" name=\"CreatedDate\" type=\"xsd:time\">\n        <xsd:annotation format=\"date-time\" optional=\"true\" title=\"Created date\">\n          <xsd:documentation>The date the account was created</xsd:documentation>\n        </xsd:annotation>\n      </xsd:element>\n      <xsd:element minOccurs=\"0\" name=\"Description\" type=\"xsd:string\">\n        <xsd:annotation optional=\"true\" title=\"Account description\">\n          <xsd:documentation>Textual description of the account. Limited to 32,000 KB.</xsd:documentation>\n        </xsd:annotation>\n      </xsd:element>\n      <xsd:element minOccurs=\"0\" name=\"YearStarted\" type=\"xsd:string\">\n        <xsd:annotation optional=\"true\" title=\"Year Started\">\n          <xsd:documentation>Year Started</xsd:documentation>\n        </xsd:annotation>\n      </xsd:element>\n      <xsd:element minOccurs=\"0\" name=\"BillingState\" type=\"xsd:string\">\n        <xsd:annotation optional=\"true\" title=\"Billing State or province\">\n          <xsd:documentation>The state or province for the billing address of this account. Maximum length is 80 characters.</xsd:documentation>\n        </xsd:annotation>\n      </xsd:element>\n      <xsd:element minOccurs=\"0\" name=\"ShippingCity\" type=\"xsd:string\">\n        <xsd:annotation optional=\"true\" title=\"Shipping city\">\n          <xsd:documentation>The city of the shipping address for this account. Maximum length is 40 characters.</xsd:documentation>\n        </xsd:annotation>\n      </xsd:element>\n      <xsd:element minOccurs=\"0\" name=\"TickerSymbol\" type=\"xsd:string\">\n        <xsd:annotation optional=\"true\" title=\"Ticker symbol\">\n          <xsd:documentation>Ticker symbol</xsd:documentation>\n        </xsd:annotation>\n      </xsd:element>\n      <xsd:element minOccurs=\"0\" name=\"AccountNumber\" type=\"xsd:string\">\n        <xsd:annotation optional=\"true\" title=\"Account Number\">\n          <xsd:documentation>Account Number</xsd:documentation>\n        </xsd:annotation>\n      </xsd:element>\n      <xsd:element minOccurs=\"0\" name=\"AccountSource\" type=\"AccountSourceType\" xpathBeforeFlattening=\"/xsd:schema/xsd:complexType[@name='retrievewithwhere_AccountResponse']/xsd:sequence/xsd:element[@name='instances']/xsd:complexType/xsd:sequence/xsd:element[@name='AccountSource']\">\n        <xsd:annotation optional=\"true\" title=\"Account source\">\n          <xsd:documentation>The source of the account record, for example Advertisement, Data.com, or Trade Show.</xsd:documentation>\n        </xsd:annotation>\n      </xsd:element>\n      <xsd:element minOccurs=\"0\" name=\"AnnualRevenue\" type=\"xsd:double\">\n        <xsd:annotation format=\"double\" optional=\"true\" title=\"Annual revenue\">\n          <xsd:documentation>Estimated annual revenue of the account</xsd:documentation>\n        </xsd:annotation>\n      </xsd:element>\n      <xsd:element minOccurs=\"0\" name=\"BillingStreet\" type=\"xsd:string\">\n        <xsd:annotation optional=\"true\" title=\"Billing street\">\n          <xsd:documentation>The street address for the billing address of this account</xsd:documentation>\n        </xsd:annotation>\n      </xsd:element>\n      <xsd:element minOccurs=\"0\" name=\"ShippingState\" type=\"xsd:string\">\n        <xsd:annotation optional=\"true\" title=\"Shipping state or province\">\n          <xsd:documentation>The state or province of the shipping address for this account. Maximum length is 80 characters.</xsd:documentation>\n        </xsd:annotation>\n      </xsd:element>\n      <xsd:element minOccurs=\"0\" name=\"BillingCountry\" type=\"xsd:string\">\n        <xsd:annotation optional=\"true\" title=\"Billing country\">\n          <xsd:documentation>The country for the billing address of this account. Maximum length is 80 characters.</xsd:documentation>\n        </xsd:annotation>\n      </xsd:element>\n      <xsd:element minOccurs=\"0\" name=\"DandbCompanyId\" type=\"xsd:string\">\n        <xsd:annotation optional=\"true\" title=\"D&amp;B Company ID\">\n          <xsd:documentation>D&amp;B Company ID</xsd:documentation>\n        </xsd:annotation>\n      </xsd:element>\n      <xsd:element minOccurs=\"0\" name=\"LastViewedDate\" type=\"xsd:time\">\n        <xsd:annotation format=\"date-time\" optional=\"true\" title=\"Last-viewed date\">\n          <xsd:documentation>The timestamp for when the current user last viewed this record</xsd:documentation>\n        </xsd:annotation>\n      </xsd:element>\n      <xsd:element minOccurs=\"0\" name=\"MasterRecordId\" type=\"xsd:string\">\n        <xsd:annotation optional=\"true\" title=\"Primary record ID\">\n          <xsd:documentation>The ID of the record that was kept if the account was deleted as the result of a merge. If the account was deleted for another reason, or hasn’t been deleted, the primary record ID is null.</xsd:documentation>\n        </xsd:annotation>\n      </xsd:element>\n      <xsd:element minOccurs=\"0\" name=\"ShippingStreet\" type=\"xsd:string\">\n        <xsd:annotation optional=\"true\" title=\"Shipping street\">\n          <xsd:documentation>The street address of the shipping address for this account. Maximum length is 255 characters.</xsd:documentation>\n        </xsd:annotation>\n      </xsd:element>\n      <xsd:element minOccurs=\"0\" name=\"SystemModstamp\" type=\"xsd:time\">\n        <xsd:annotation format=\"date-time\" optional=\"true\" title=\"System modstamp\">\n          <xsd:documentation>System modstamp</xsd:documentation>\n        </xsd:annotation>\n      </xsd:element>\n      <xsd:element minOccurs=\"0\" name=\"BillingLatitude\" type=\"xsd:double\">\n        <xsd:annotation format=\"double\" optional=\"true\" title=\"Billing latitude\">\n          <xsd:documentation>Used with billing longitude to specify the precise geolocation of a billing address. Acceptable values are numbers between –90 and 90 with up to 15 decimal places.</xsd:documentation>\n        </xsd:annotation>\n      </xsd:element>\n      <xsd:element minOccurs=\"0\" name=\"JigsawCompanyId\" type=\"xsd:string\">\n        <xsd:annotation optional=\"true\" title=\"Jigsaw company ID\">\n          <xsd:documentation>The Jigsaw company ID</xsd:documentation>\n        </xsd:annotation>\n      </xsd:element>\n      <xsd:element minOccurs=\"0\" name=\"ShippingCountry\" type=\"xsd:string\">\n        <xsd:annotation optional=\"true\" title=\"Shipping country\">\n          <xsd:documentation>The country of the shipping address for this account. Maximum length is 80 characters.</xsd:documentation>\n        </xsd:annotation>\n      </xsd:element>\n      <xsd:element minOccurs=\"0\" name=\"BillingLongitude\" type=\"xsd:double\">\n        <xsd:annotation format=\"double\" optional=\"true\" title=\"Billing longitude\">\n          <xsd:documentation>Used with billing latitude to specify the precise geolocation of a billing address. Acceptable values are numbers between –180 and 180 with up to 15 decimal places.</xsd:documentation>\n        </xsd:annotation>\n      </xsd:element>\n      <xsd:element minOccurs=\"0\" name=\"LastActivityDate\" type=\"xsd:date\">\n        <xsd:annotation format=\"date\" optional=\"true\" title=\"Last activity\">\n          <xsd:documentation>Due date of the most recent event logged against the record or the due date of the most recently closed task associated with the record, whichever is the most recent date</xsd:documentation>\n        </xsd:annotation>\n      </xsd:element>\n      <xsd:element minOccurs=\"0\" name=\"LastModifiedById\" type=\"xsd:string\">\n        <xsd:annotation optional=\"true\" title=\"Last-modified ID\">\n          <xsd:documentation>The ID of the user who last modified the account</xsd:documentation>\n        </xsd:annotation>\n      </xsd:element>\n      <xsd:element minOccurs=\"0\" name=\"LastModifiedDate\" type=\"xsd:time\">\n        <xsd:annotation format=\"date-time\" optional=\"true\" title=\"Last-modified date\">\n          <xsd:documentation>The date when the account was last modified</xsd:documentation>\n        </xsd:annotation>\n      </xsd:element>\n      <xsd:element minOccurs=\"0\" name=\"OperatingHoursId\" type=\"xsd:string\">\n        <xsd:annotation optional=\"true\" title=\"Operating Hour ID\">\n          <xsd:documentation>Operating Hour ID</xsd:documentation>\n        </xsd:annotation>\n      </xsd:element>\n      <xsd:element minOccurs=\"0\" name=\"ShippingLatitude\" type=\"xsd:double\">\n        <xsd:annotation format=\"double\" optional=\"true\" title=\"Shipping latitude\">\n          <xsd:documentation>Used with shipping longitude to specify the precise geolocation of a shipping address. Acceptable values are numbers between –90 and 90 with up to 15 decimal places.</xsd:documentation>\n        </xsd:annotation>\n      </xsd:element>\n      <xsd:element minOccurs=\"0\" name=\"BillingPostalCode\" type=\"xsd:string\">\n        <xsd:annotation optional=\"true\" title=\"Billing zip or postal code\">\n          <xsd:documentation>The zip or postal code for the billing address of this account. Maximum length is 20 characters.</xsd:documentation>\n        </xsd:annotation>\n      </xsd:element>\n      <xsd:element minOccurs=\"0\" name=\"NumberOfEmployees\" type=\"xsd:double\">\n        <xsd:annotation format=\"double\" optional=\"true\" title=\"Employees\">\n          <xsd:documentation>Number of employees working at the company represented by this account. Maximum length is 8 digits. '</xsd:documentation>\n        </xsd:annotation>\n      </xsd:element>\n      <xsd:element minOccurs=\"0\" name=\"ShippingLongitude\" type=\"xsd:double\">\n        <xsd:annotation format=\"double\" optional=\"true\" title=\"Shipping longitude\">\n          <xsd:documentation>Used with shipping latitude to specify the precise geolocation of an address. Acceptable values are numbers between –180 and 180 with up to 15 decimal places.</xsd:documentation>\n        </xsd:annotation>\n      </xsd:element>\n      <xsd:element minOccurs=\"0\" name=\"LastReferencedDate\" type=\"xsd:time\">\n        <xsd:annotation format=\"date-time\" optional=\"true\" title=\"Last-referenced date\">\n          <xsd:documentation>The timestamp for when the current user last viewed a record related to this record.</xsd:documentation>\n        </xsd:annotation>\n      </xsd:element>\n      <xsd:element minOccurs=\"0\" name=\"SLASerialNumber__c\" type=\"xsd:string\">\n        <xsd:annotation optional=\"true\" title=\"SLA Serial Number\">\n          <xsd:documentation>SLA Serial Number</xsd:documentation>\n        </xsd:annotation>\n      </xsd:element>\n      <xsd:element minOccurs=\"0\" name=\"ShippingPostalCode\" type=\"xsd:string\">\n        <xsd:annotation optional=\"true\" title=\"Shipping zip or postal Code\">\n          <xsd:documentation>The zip or post code of the shipping address for this account. Maximum length is 20 characters.</xsd:documentation>\n        </xsd:annotation>\n      </xsd:element>\n      <xsd:element minOccurs=\"0\" name=\"CustomerPriority__c\" type=\"CustomerPriority__cType\" xpathBeforeFlattening=\"/xsd:schema/xsd:complexType[@name='retrievewithwhere_AccountResponse']/xsd:sequence/xsd:element[@name='instances']/xsd:complexType/xsd:sequence/xsd:element[@name='CustomerPriority__c']\">\n        <xsd:annotation optional=\"true\" title=\"Customer Priority\">\n          <xsd:documentation>Customer Priority</xsd:documentation>\n        </xsd:annotation>\n      </xsd:element>\n      <xsd:element minOccurs=\"0\" name=\"NumberofLocations__c\" type=\"xsd:double\">\n        <xsd:annotation format=\"double\" optional=\"true\" title=\"Number of Locations\">\n          <xsd:documentation>Number of Locations</xsd:documentation>\n        </xsd:annotation>\n      </xsd:element>\n      <xsd:element minOccurs=\"0\" name=\"SLAExpirationDate__c\" type=\"xsd:date\">\n        <xsd:annotation format=\"date\" optional=\"true\" title=\"SLA Expiration Date\">\n          <xsd:documentation>SLA Expiration Date</xsd:documentation>\n        </xsd:annotation>\n      </xsd:element>\n      <xsd:element minOccurs=\"0\" name=\"UpsellOpportunity__c\" type=\"UpsellOpportunity__cType\" xpathBeforeFlattening=\"/xsd:schema/xsd:complexType[@name='retrievewithwhere_AccountResponse']/xsd:sequence/xsd:element[@name='instances']/xsd:complexType/xsd:sequence/xsd:element[@name='UpsellOpportunity__c']\">\n        <xsd:annotation optional=\"true\" title=\"Upsell Opportunity\">\n          <xsd:documentation>Upsell Opportunity</xsd:documentation>\n        </xsd:annotation>\n      </xsd:element>\n      <xsd:element minOccurs=\"0\" name=\"BillingGeocodeAccuracy\" type=\"BillingGeocodeAccuracyType\" xpathBeforeFlattening=\"/xsd:schema/xsd:complexType[@name='retrievewithwhere_AccountResponse']/xsd:sequence/xsd:element[@name='instances']/xsd:complexType/xsd:sequence/xsd:element[@name='BillingGeocodeAccuracy']\">\n        <xsd:annotation optional=\"true\" title=\"Billing geocode accuracy\">\n          <xsd:documentation>Billing geocode accuracy</xsd:documentation>\n        </xsd:annotation>\n      </xsd:element>\n      <xsd:element minOccurs=\"0\" name=\"ShippingGeocodeAccuracy\" type=\"BillingGeocodeAccuracyType\" xpathBeforeFlattening=\"/xsd:schema/xsd:complexType[@name='retrievewithwhere_AccountResponse']/xsd:sequence/xsd:element[@name='instances']/xsd:complexType/xsd:sequence/xsd:element[@name='ShippingGeocodeAccuracy']\">\n        <xsd:annotation optional=\"true\" title=\"Shipping geocode accuracy\">\n          <xsd:documentation>Shipping geocode accuracy</xsd:documentation>\n        </xsd:annotation>\n      </xsd:element>\n    </xsd:sequence>\n  </xsd:complexType>\n  <xsd:simpleType name=\"TypeType\">\n    <xsd:restriction base=\"xsd:string\">\n      <xsd:enumeration value=\"Prospect\"/>\n      <xsd:enumeration value=\"Customer - Direct\"/>\n      <xsd:enumeration value=\"Customer - Channel\"/>\n      <xsd:enumeration value=\"Channel Partner / Reseller\"/>\n      <xsd:enumeration value=\"Installation Partner\"/>\n      <xsd:enumeration value=\"Technology Partner\"/>\n      <xsd:enumeration value=\"Other\"/>\n    </xsd:restriction>\n  </xsd:simpleType>\n  <xsd:simpleType name=\"RatingType\">\n    <xsd:restriction base=\"xsd:string\">\n      <xsd:enumeration value=\"Gold\"/>\n      <xsd:enumeration value=\"Silver\"/>\n      <xsd:enumeration value=\"Bronze\"/>\n    </xsd:restriction>\n  </xsd:simpleType>\n  <xsd:simpleType name=\"SLA__cType\">\n    <xsd:restriction base=\"xsd:string\">\n      <xsd:enumeration value=\"Gold\"/>\n      <xsd:enumeration value=\"Silver\"/>\n      <xsd:enumeration value=\"Platinum\"/>\n      <xsd:enumeration value=\"Bronze\"/>\n    </xsd:restriction>\n  </xsd:simpleType>\n  <xsd:simpleType name=\"IndustryType\">\n    <xsd:restriction base=\"xsd:string\">\n      <xsd:enumeration value=\"Agriculture\"/>\n      <xsd:enumeration value=\"Apparel\"/>\n      <xsd:enumeration value=\"Banking\"/>\n      <xsd:enumeration value=\"Biotechnology\"/>\n      <xsd:enumeration value=\"Chemicals\"/>\n      <xsd:enumeration value=\"Communications\"/>\n      <xsd:enumeration value=\"Construction\"/>\n      <xsd:enumeration value=\"Consulting\"/>\n      <xsd:enumeration value=\"Education\"/>\n      <xsd:enumeration value=\"Electronics\"/>\n      <xsd:enumeration value=\"Energy\"/>\n      <xsd:enumeration value=\"Engineering\"/>\n      <xsd:enumeration value=\"Entertainment\"/>\n      <xsd:enumeration value=\"Environmental\"/>\n      <xsd:enumeration value=\"Finance\"/>\n      <xsd:enumeration value=\"Food &amp; Beverage\"/>\n      <xsd:enumeration value=\"Government\"/>\n      <xsd:enumeration value=\"Healthcare\"/>\n      <xsd:enumeration value=\"Hospitality\"/>\n      <xsd:enumeration value=\"Insurance\"/>\n      <xsd:enumeration value=\"Machinery\"/>\n      <xsd:enumeration value=\"Manufacturing\"/>\n      <xsd:enumeration value=\"Media\"/>\n      <xsd:enumeration value=\"Not For Profit\"/>\n      <xsd:enumeration value=\"Recreation\"/>\n      <xsd:enumeration value=\"Retail\"/>\n      <xsd:enumeration value=\"Shipping\"/>\n      <xsd:enumeration value=\"Technology\"/>\n      <xsd:enumeration value=\"Telecommunications\"/>\n      <xsd:enumeration value=\"Transportation\"/>\n      <xsd:enumeration value=\"Utilities\"/>\n      <xsd:enumeration value=\"Other\"/>\n    </xsd:restriction>\n  </xsd:simpleType>\n  <xsd:simpleType name=\"Active__cType\">\n    <xsd:restriction base=\"xsd:string\">\n      <xsd:enumeration value=\"No\"/>\n      <xsd:enumeration value=\"Yes\"/>\n    </xsd:restriction>\n  </xsd:simpleType>\n  <xsd:simpleType name=\"OwnershipType\">\n    <xsd:restriction base=\"xsd:string\">\n      <xsd:enumeration value=\"Public\"/>\n      <xsd:enumeration value=\"Private\"/>\n      <xsd:enumeration value=\"Subsidiary\"/>\n      <xsd:enumeration value=\"Other\"/>\n    </xsd:restriction>\n  </xsd:simpleType>\n  <xsd:complexType name=\"attributesType\">\n    <xsd:sequence>\n      <xsd:element minOccurs=\"0\" name=\"url\" type=\"xsd:string\">\n        <xsd:annotation optional=\"true\" title=\"Url\">\n          <xsd:documentation>Url</xsd:documentation>\n        </xsd:annotation>\n      </xsd:element>\n      <xsd:element minOccurs=\"0\" name=\"type\" type=\"xsd:string\">\n        <xsd:annotation optional=\"true\" title=\"Type\">\n          <xsd:documentation>Type</xsd:documentation>\n        </xsd:annotation>\n      </xsd:element>\n    </xsd:sequence>\n  </xsd:complexType>\n  <xsd:simpleType name=\"CleanStatusType\">\n    <xsd:restriction base=\"xsd:string\">\n      <xsd:enumeration value=\"Matched\"/>\n      <xsd:enumeration value=\"Different\"/>\n      <xsd:enumeration value=\"Acknowledged\"/>\n      <xsd:enumeration value=\"NotFound\"/>\n      <xsd:enumeration value=\"Inactive\"/>\n      <xsd:enumeration value=\"Pending\"/>\n      <xsd:enumeration value=\"SelectMatch\"/>\n      <xsd:enumeration value=\"Skipped\"/>\n    </xsd:restriction>\n  </xsd:simpleType>\n  <xsd:simpleType name=\"AccountSourceType\">\n    <xsd:restriction base=\"xsd:string\">\n      <xsd:enumeration value=\"Web\"/>\n      <xsd:enumeration value=\"Phone Inquiry\"/>\n      <xsd:enumeration value=\"Partner Referral\"/>\n      <xsd:enumeration value=\"Purchased List\"/>\n      <xsd:enumeration value=\"Other\"/>\n    </xsd:restriction>\n  </xsd:simpleType>\n  <xsd:simpleType name=\"CustomerPriority__cType\">\n    <xsd:restriction base=\"xsd:string\">\n      <xsd:enumeration value=\"High\"/>\n      <xsd:enumeration value=\"Low\"/>\n      <xsd:enumeration value=\"Medium\"/>\n    </xsd:restriction>\n  </xsd:simpleType>\n  <xsd:simpleType name=\"UpsellOpportunity__cType\">\n    <xsd:restriction base=\"xsd:string\">\n      <xsd:enumeration value=\"Maybe\"/>\n      <xsd:enumeration value=\"No\"/>\n      <xsd:enumeration value=\"Yes\"/>\n    </xsd:restriction>\n  </xsd:simpleType>\n  <xsd:simpleType name=\"BillingGeocodeAccuracyType\">\n    <xsd:restriction base=\"xsd:string\">\n      <xsd:enumeration value=\"Address\"/>\n      <xsd:enumeration value=\"NearAddress\"/>\n      <xsd:enumeration value=\"Block\"/>\n      <xsd:enumeration value=\"Street\"/>\n      <xsd:enumeration value=\"ExtendedZip\"/>\n      <xsd:enumeration value=\"Zip\"/>\n      <xsd:enumeration value=\"Neighborhood\"/>\n      <xsd:enumeration value=\"City\"/>\n      <xsd:enumeration value=\"County\"/>\n      <xsd:enumeration value=\"State\"/>\n      <xsd:enumeration value=\"Unknown\"/>\n    </xsd:restriction>\n  </xsd:simpleType>\n</xsd:schema>\n",
    "namespace" : "http://www.ibm.com/xmlns/prod/bpm/bpmn/ext/externalservice/swagger/xsd/3731d10a-bce7-4e3c-99ce-15b56e1ab8a1.xsd",
    "type" : "xsd",
    "url" : "http://www.ibm.com/xmlns/prod/bpm/bpmn/ext/externalservice/swagger/xsd/3731d10a-bce7-4e3c-99ce-15b56e1ab8a1.xsd"
  },
  "type" : "BPMService",
  "definitions" : "<?xml version=\"1.0\" encoding=\"UTF-8\"?><xsd:schema xmlns:xsd=\"http://www.w3.org/2001/XMLSchema\" xmlns=\"http://www.ibm.com/xmlns/prod/bpm/bpmn/ext/externalservice/swagger/xsd/3731d10a-bce7-4e3c-99ce-15b56e1ab8a1.xsd\" xmlns:ibmbpm=\"http://lombardi.ibm.com/schema/\" targetNamespace=\"http://www.ibm.com/xmlns/prod/bpm/bpmn/ext/externalservice/swagger/xsd/3731d10a-bce7-4e3c-99ce-15b56e1ab8a1.xsd\">\n  <xsd:element name=\"retrievewithwhere_AccountRequest\" type=\"retrievewithwhere_AccountRequest\"/>\n  <xsd:element name=\"retrievewithwhere_AccountResponse\" type=\"retrievewithwhere_AccountResponse\"/>\n  <xsd:complexType name=\"retrievewithwhere_AccountRequest\">\n    <xsd:sequence>\n      <xsd:element minOccurs=\"0\" name=\"next_page_token\" type=\"xsd:string\">\n        <xsd:annotation optional=\"true\">\n          <xsd:documentation>token to obtain next set of records</xsd:documentation>\n        </xsd:annotation>\n      </xsd:element>\n      <xsd:element minOccurs=\"0\" name=\"filter\" type=\"xsd:string\">\n        <xsd:annotation optional=\"true\">\n          <xsd:documentation>The [`filter`](https://loopback.io/doc/en/lb4/Where-filter.html) is a type of filter clause that consists of one or more logical conditions to match, it is a way of achieving subsetting of data based on the specified conditions</xsd:documentation>\n        </xsd:annotation>\n      </xsd:element>\n    </xsd:sequence>\n  </xsd:complexType>\n  <xsd:complexType name=\"retrievewithwhere_AccountResponse\">\n    <xsd:sequence>\n      <xsd:element minOccurs=\"0\" name=\"next\" type=\"nextType\" xpathBeforeFlattening=\"/xsd:schema/xsd:complexType[@name='retrievewithwhere_AccountResponse']/xsd:sequence/xsd:element[@name='next']\">\n        <xsd:annotation optional=\"true\"/>\n      </xsd:element>\n      <xsd:element maxOccurs=\"unbounded\" minOccurs=\"0\" name=\"instances\" type=\"instancesType\" xpathBeforeFlattening=\"/xsd:schema/xsd:complexType[@name='retrievewithwhere_AccountResponse']/xsd:sequence/xsd:element[@name='instances']\">\n        <xsd:annotation optional=\"true\"/>\n      </xsd:element>\n    </xsd:sequence>\n  </xsd:complexType>\n  <xsd:complexType name=\"nextType\">\n    <xsd:sequence>\n      <xsd:element minOccurs=\"0\" name=\"next_page_token\" type=\"xsd:string\">\n        <xsd:annotation optional=\"true\">\n          <xsd:documentation>For token-based pagination, the token to retrieve the next page</xsd:documentation>\n        </xsd:annotation>\n      </xsd:element>\n    </xsd:sequence>\n  </xsd:complexType>\n  <xsd:complexType name=\"instancesType\">\n    <xsd:sequence>\n      <xsd:element minOccurs=\"0\" name=\"Id\" type=\"xsd:string\">\n        <xsd:annotation optional=\"true\" title=\"Account ID\">\n          <xsd:documentation>The system-generated ID assigned when the account is created</xsd:documentation>\n        </xsd:annotation>\n      </xsd:element>\n      <xsd:element minOccurs=\"0\" name=\"Fax\" type=\"xsd:string\">\n        <xsd:annotation optional=\"true\" title=\"Account fax\">\n          <xsd:documentation>The fax number for the account. Maximum length is 40 digits.</xsd:documentation>\n        </xsd:annotation>\n      </xsd:element>\n      <xsd:element minOccurs=\"0\" name=\"Sic\" type=\"xsd:string\">\n        <xsd:annotation optional=\"true\" title=\"SIC Code\">\n          <xsd:documentation>SIC Code</xsd:documentation>\n        </xsd:annotation>\n      </xsd:element>\n      <xsd:element minOccurs=\"0\" name=\"Name\" type=\"xsd:string\">\n        <xsd:annotation optional=\"true\" title=\"Account name\">\n          <xsd:documentation>Name of the account. A name can’t be longer than 255 characters.</xsd:documentation>\n        </xsd:annotation>\n      </xsd:element>\n      <xsd:element minOccurs=\"0\" name=\"Site\" type=\"xsd:string\">\n        <xsd:annotation optional=\"true\" title=\"Account site\">\n          <xsd:documentation>Account site</xsd:documentation>\n        </xsd:annotation>\n      </xsd:element>\n      <xsd:element minOccurs=\"0\" name=\"Type\" type=\"TypeType\" xpathBeforeFlattening=\"/xsd:schema/xsd:complexType[@name='retrievewithwhere_AccountResponse']/xsd:sequence/xsd:element[@name='instances']/xsd:complexType/xsd:sequence/xsd:element[@name='Type']\">\n        <xsd:annotation optional=\"true\" title=\"Account type\">\n          <xsd:documentation>The type of account, for example Customer, Competitor, or Partner</xsd:documentation>\n        </xsd:annotation>\n      </xsd:element>\n      <xsd:element minOccurs=\"0\" name=\"Phone\" type=\"xsd:string\">\n        <xsd:annotation optional=\"true\" title=\"Account phone\">\n          <xsd:documentation>The phone number for this account. Maximum length is 40 digits.</xsd:documentation>\n        </xsd:annotation>\n      </xsd:element>\n      <xsd:element minOccurs=\"0\" name=\"Jigsaw\" type=\"xsd:string\">\n        <xsd:annotation optional=\"true\" title=\"Data.com key\">\n          <xsd:documentation>The company ID in Data.com</xsd:documentation>\n        </xsd:annotation>\n      </xsd:element>\n      <xsd:element minOccurs=\"0\" name=\"Rating\" type=\"RatingType\" xpathBeforeFlattening=\"/xsd:schema/xsd:complexType[@name='retrievewithwhere_AccountResponse']/xsd:sequence/xsd:element[@name='instances']/xsd:complexType/xsd:sequence/xsd:element[@name='Rating']\">\n        <xsd:annotation optional=\"true\" title=\"Account rating\">\n          <xsd:documentation>Account rating</xsd:documentation>\n        </xsd:annotation>\n      </xsd:element>\n      <xsd:element minOccurs=\"0\" name=\"SLA__c\" type=\"SLA__cType\" xpathBeforeFlattening=\"/xsd:schema/xsd:complexType[@name='retrievewithwhere_AccountResponse']/xsd:sequence/xsd:element[@name='instances']/xsd:complexType/xsd:sequence/xsd:element[@name='SLA__c']\">\n        <xsd:annotation optional=\"true\" title=\"SLA\">\n          <xsd:documentation>SLA</xsd:documentation>\n        </xsd:annotation>\n      </xsd:element>\n      <xsd:element minOccurs=\"0\" name=\"OwnerId\" type=\"xsd:string\">\n        <xsd:annotation optional=\"true\" title=\"Owner ID\">\n          <xsd:documentation>The unique identifier of the user who currently owns this account</xsd:documentation>\n        </xsd:annotation>\n      </xsd:element>\n      <xsd:element minOccurs=\"0\" name=\"SicDesc\" type=\"xsd:string\">\n        <xsd:annotation optional=\"true\" title=\"SIC description\">\n          <xsd:documentation>A brief description of an organization’s line of business, based on its Standard Industrial Classification (SIC) code. Maximum length is 80 characters.</xsd:documentation>\n        </xsd:annotation>\n      </xsd:element>\n      <xsd:element minOccurs=\"0\" name=\"Website\" type=\"xsd:string\">\n        <xsd:annotation optional=\"true\" title=\"Website\">\n          <xsd:documentation>The website of this account. Maximum length is 255 characters.</xsd:documentation>\n        </xsd:annotation>\n      </xsd:element>\n      <xsd:element minOccurs=\"0\" name=\"Industry\" type=\"IndustryType\" xpathBeforeFlattening=\"/xsd:schema/xsd:complexType[@name='retrievewithwhere_AccountResponse']/xsd:sequence/xsd:element[@name='instances']/xsd:complexType/xsd:sequence/xsd:element[@name='Industry']\">\n        <xsd:annotation optional=\"true\" title=\"Industry\">\n          <xsd:documentation>The industry associated with this account. Maximum length is 40 characters.</xsd:documentation>\n        </xsd:annotation>\n      </xsd:element>\n      <xsd:element minOccurs=\"0\" name=\"ParentId\" type=\"xsd:string\">\n        <xsd:annotation optional=\"true\" title=\"Parent account ID\">\n          <xsd:documentation>ID of the parent object</xsd:documentation>\n        </xsd:annotation>\n      </xsd:element>\n      <xsd:element minOccurs=\"0\" name=\"PhotoUrl\" type=\"xsd:string\">\n        <xsd:annotation optional=\"true\" title=\"Photo URL\">\n          <xsd:documentation>The URL to request the social network profile image associated with the account</xsd:documentation>\n        </xsd:annotation>\n      </xsd:element>\n      <xsd:element minOccurs=\"0\" name=\"Active__c\" type=\"Active__cType\" xpathBeforeFlattening=\"/xsd:schema/xsd:complexType[@name='retrievewithwhere_AccountResponse']/xsd:sequence/xsd:element[@name='instances']/xsd:complexType/xsd:sequence/xsd:element[@name='Active__c']\">\n        <xsd:annotation optional=\"true\" title=\"Active\">\n          <xsd:documentation>Active</xsd:documentation>\n        </xsd:annotation>\n      </xsd:element>\n      <xsd:element minOccurs=\"0\" name=\"IsDeleted\" type=\"xsd:boolean\">\n        <xsd:annotation optional=\"true\" title=\"Deleted\">\n          <xsd:documentation>Indicates whether the account has been moved to the recycle bin</xsd:documentation>\n        </xsd:annotation>\n      </xsd:element>\n      <xsd:element minOccurs=\"0\" name=\"NaicsCode\" type=\"xsd:string\">\n        <xsd:annotation optional=\"true\" title=\"NAICS Code\">\n          <xsd:documentation>NAICS Code</xsd:documentation>\n        </xsd:annotation>\n      </xsd:element>\n      <xsd:element minOccurs=\"0\" name=\"NaicsDesc\" type=\"xsd:string\">\n        <xsd:annotation optional=\"true\" title=\"NAICS Description\">\n          <xsd:documentation>NAICS Description</xsd:documentation>\n        </xsd:annotation>\n      </xsd:element>\n      <xsd:element minOccurs=\"0\" name=\"Ownership\" type=\"OwnershipType\" xpathBeforeFlattening=\"/xsd:schema/xsd:complexType[@name='retrievewithwhere_AccountResponse']/xsd:sequence/xsd:element[@name='instances']/xsd:complexType/xsd:sequence/xsd:element[@name='Ownership']\">\n        <xsd:annotation optional=\"true\" title=\"Ownership\">\n          <xsd:documentation>Ownership</xsd:documentation>\n        </xsd:annotation>\n      </xsd:element>\n      <xsd:element minOccurs=\"0\" name=\"DunsNumber\" type=\"xsd:string\">\n        <xsd:annotation optional=\"true\" title=\"D-U-N-S Number\">\n          <xsd:documentation>D-U-N-S Number</xsd:documentation>\n        </xsd:annotation>\n      </xsd:element>\n      <xsd:element minOccurs=\"0\" name=\"Tradestyle\" type=\"xsd:string\">\n        <xsd:annotation optional=\"true\" title=\"Tradestyle\">\n          <xsd:documentation>Tradestyle</xsd:documentation>\n        </xsd:annotation>\n      </xsd:element>\n      <xsd:element minOccurs=\"0\" name=\"attributes\" type=\"attributesType\" xpathBeforeFlattening=\"/xsd:schema/xsd:complexType[@name='retrievewithwhere_AccountResponse']/xsd:sequence/xsd:element[@name='instances']/xsd:complexType/xsd:sequence/xsd:element[@name='attributes']\">\n        <xsd:annotation optional=\"true\" title=\"Attributes\">\n          <xsd:documentation>Attributes</xsd:documentation>\n        </xsd:annotation>\n      </xsd:element>\n      <xsd:element minOccurs=\"0\" name=\"BillingCity\" type=\"xsd:string\">\n        <xsd:annotation optional=\"true\" title=\"Billing city\">\n          <xsd:documentation>The city for the billing address of this account. Maximum length is 40 characters.</xsd:documentation>\n        </xsd:annotation>\n      </xsd:element>\n      <xsd:element minOccurs=\"0\" name=\"CleanStatus\" type=\"CleanStatusType\" xpathBeforeFlattening=\"/xsd:schema/xsd:complexType[@name='retrievewithwhere_AccountResponse']/xsd:sequence/xsd:element[@name='instances']/xsd:complexType/xsd:sequence/xsd:element[@name='CleanStatus']\">\n        <xsd:annotation optional=\"true\" title=\"Clean Status\">\n          <xsd:documentation>Clean Status</xsd:documentation>\n        </xsd:annotation>\n      </xsd:element>\n      <xsd:element minOccurs=\"0\" name=\"CreatedById\" type=\"xsd:string\">\n        <xsd:annotation optional=\"true\" title=\"Created by ID\">\n          <xsd:documentation>The ID of the user who created the account</xsd:documentation>\n        </xsd:annotation>\n      </xsd:element>\n      <xsd:element minOccurs=\"0\" name=\"CreatedDate\" type=\"xsd:time\">\n        <xsd:annotation format=\"date-time\" optional=\"true\" title=\"Created date\">\n          <xsd:documentation>The date the account was created</xsd:documentation>\n        </xsd:annotation>\n      </xsd:element>\n      <xsd:element minOccurs=\"0\" name=\"Description\" type=\"xsd:string\">\n        <xsd:annotation optional=\"true\" title=\"Account description\">\n          <xsd:documentation>Textual description of the account. Limited to 32,000 KB.</xsd:documentation>\n        </xsd:annotation>\n      </xsd:element>\n      <xsd:element minOccurs=\"0\" name=\"YearStarted\" type=\"xsd:string\">\n        <xsd:annotation optional=\"true\" title=\"Year Started\">\n          <xsd:documentation>Year Started</xsd:documentation>\n        </xsd:annotation>\n      </xsd:element>\n      <xsd:element minOccurs=\"0\" name=\"BillingState\" type=\"xsd:string\">\n        <xsd:annotation optional=\"true\" title=\"Billing State or province\">\n          <xsd:documentation>The state or province for the billing address of this account. Maximum length is 80 characters.</xsd:documentation>\n        </xsd:annotation>\n      </xsd:element>\n      <xsd:element minOccurs=\"0\" name=\"ShippingCity\" type=\"xsd:string\">\n        <xsd:annotation optional=\"true\" title=\"Shipping city\">\n          <xsd:documentation>The city of the shipping address for this account. Maximum length is 40 characters.</xsd:documentation>\n        </xsd:annotation>\n      </xsd:element>\n      <xsd:element minOccurs=\"0\" name=\"TickerSymbol\" type=\"xsd:string\">\n        <xsd:annotation optional=\"true\" title=\"Ticker symbol\">\n          <xsd:documentation>Ticker symbol</xsd:documentation>\n        </xsd:annotation>\n      </xsd:element>\n      <xsd:element minOccurs=\"0\" name=\"AccountNumber\" type=\"xsd:string\">\n        <xsd:annotation optional=\"true\" title=\"Account Number\">\n          <xsd:documentation>Account Number</xsd:documentation>\n        </xsd:annotation>\n      </xsd:element>\n      <xsd:element minOccurs=\"0\" name=\"AccountSource\" type=\"AccountSourceType\" xpathBeforeFlattening=\"/xsd:schema/xsd:complexType[@name='retrievewithwhere_AccountResponse']/xsd:sequence/xsd:element[@name='instances']/xsd:complexType/xsd:sequence/xsd:element[@name='AccountSource']\">\n        <xsd:annotation optional=\"true\" title=\"Account source\">\n          <xsd:documentation>The source of the account record, for example Advertisement, Data.com, or Trade Show.</xsd:documentation>\n        </xsd:annotation>\n      </xsd:element>\n      <xsd:element minOccurs=\"0\" name=\"AnnualRevenue\" type=\"xsd:double\">\n        <xsd:annotation format=\"double\" optional=\"true\" title=\"Annual revenue\">\n          <xsd:documentation>Estimated annual revenue of the account</xsd:documentation>\n        </xsd:annotation>\n      </xsd:element>\n      <xsd:element minOccurs=\"0\" name=\"BillingStreet\" type=\"xsd:string\">\n        <xsd:annotation optional=\"true\" title=\"Billing street\">\n          <xsd:documentation>The street address for the billing address of this account</xsd:documentation>\n        </xsd:annotation>\n      </xsd:element>\n      <xsd:element minOccurs=\"0\" name=\"ShippingState\" type=\"xsd:string\">\n        <xsd:annotation optional=\"true\" title=\"Shipping state or province\">\n          <xsd:documentation>The state or province of the shipping address for this account. Maximum length is 80 characters.</xsd:documentation>\n        </xsd:annotation>\n      </xsd:element>\n      <xsd:element minOccurs=\"0\" name=\"BillingCountry\" type=\"xsd:string\">\n        <xsd:annotation optional=\"true\" title=\"Billing country\">\n          <xsd:documentation>The country for the billing address of this account. Maximum length is 80 characters.</xsd:documentation>\n        </xsd:annotation>\n      </xsd:element>\n      <xsd:element minOccurs=\"0\" name=\"DandbCompanyId\" type=\"xsd:string\">\n        <xsd:annotation optional=\"true\" title=\"D&amp;B Company ID\">\n          <xsd:documentation>D&amp;B Company ID</xsd:documentation>\n        </xsd:annotation>\n      </xsd:element>\n      <xsd:element minOccurs=\"0\" name=\"LastViewedDate\" type=\"xsd:time\">\n        <xsd:annotation format=\"date-time\" optional=\"true\" title=\"Last-viewed date\">\n          <xsd:documentation>The timestamp for when the current user last viewed this record</xsd:documentation>\n        </xsd:annotation>\n      </xsd:element>\n      <xsd:element minOccurs=\"0\" name=\"MasterRecordId\" type=\"xsd:string\">\n        <xsd:annotation optional=\"true\" title=\"Primary record ID\">\n          <xsd:documentation>The ID of the record that was kept if the account was deleted as the result of a merge. If the account was deleted for another reason, or hasn’t been deleted, the primary record ID is null.</xsd:documentation>\n        </xsd:annotation>\n      </xsd:element>\n      <xsd:element minOccurs=\"0\" name=\"ShippingStreet\" type=\"xsd:string\">\n        <xsd:annotation optional=\"true\" title=\"Shipping street\">\n          <xsd:documentation>The street address of the shipping address for this account. Maximum length is 255 characters.</xsd:documentation>\n        </xsd:annotation>\n      </xsd:element>\n      <xsd:element minOccurs=\"0\" name=\"SystemModstamp\" type=\"xsd:time\">\n        <xsd:annotation format=\"date-time\" optional=\"true\" title=\"System modstamp\">\n          <xsd:documentation>System modstamp</xsd:documentation>\n        </xsd:annotation>\n      </xsd:element>\n      <xsd:element minOccurs=\"0\" name=\"BillingLatitude\" type=\"xsd:double\">\n        <xsd:annotation format=\"double\" optional=\"true\" title=\"Billing latitude\">\n          <xsd:documentation>Used with billing longitude to specify the precise geolocation of a billing address. Acceptable values are numbers between –90 and 90 with up to 15 decimal places.</xsd:documentation>\n        </xsd:annotation>\n      </xsd:element>\n      <xsd:element minOccurs=\"0\" name=\"JigsawCompanyId\" type=\"xsd:string\">\n        <xsd:annotation optional=\"true\" title=\"Jigsaw company ID\">\n          <xsd:documentation>The Jigsaw company ID</xsd:documentation>\n        </xsd:annotation>\n      </xsd:element>\n      <xsd:element minOccurs=\"0\" name=\"ShippingCountry\" type=\"xsd:string\">\n        <xsd:annotation optional=\"true\" title=\"Shipping country\">\n          <xsd:documentation>The country of the shipping address for this account. Maximum length is 80 characters.</xsd:documentation>\n        </xsd:annotation>\n      </xsd:element>\n      <xsd:element minOccurs=\"0\" name=\"BillingLongitude\" type=\"xsd:double\">\n        <xsd:annotation format=\"double\" optional=\"true\" title=\"Billing longitude\">\n          <xsd:documentation>Used with billing latitude to specify the precise geolocation of a billing address. Acceptable values are numbers between –180 and 180 with up to 15 decimal places.</xsd:documentation>\n        </xsd:annotation>\n      </xsd:element>\n      <xsd:element minOccurs=\"0\" name=\"LastActivityDate\" type=\"xsd:date\">\n        <xsd:annotation format=\"date\" optional=\"true\" title=\"Last activity\">\n          <xsd:documentation>Due date of the most recent event logged against the record or the due date of the most recently closed task associated with the record, whichever is the most recent date</xsd:documentation>\n        </xsd:annotation>\n      </xsd:element>\n      <xsd:element minOccurs=\"0\" name=\"LastModifiedById\" type=\"xsd:string\">\n        <xsd:annotation optional=\"true\" title=\"Last-modified ID\">\n          <xsd:documentation>The ID of the user who last modified the account</xsd:documentation>\n        </xsd:annotation>\n      </xsd:element>\n      <xsd:element minOccurs=\"0\" name=\"LastModifiedDate\" type=\"xsd:time\">\n        <xsd:annotation format=\"date-time\" optional=\"true\" title=\"Last-modified date\">\n          <xsd:documentation>The date when the account was last modified</xsd:documentation>\n        </xsd:annotation>\n      </xsd:element>\n      <xsd:element minOccurs=\"0\" name=\"OperatingHoursId\" type=\"xsd:string\">\n        <xsd:annotation optional=\"true\" title=\"Operating Hour ID\">\n          <xsd:documentation>Operating Hour ID</xsd:documentation>\n        </xsd:annotation>\n      </xsd:element>\n      <xsd:element minOccurs=\"0\" name=\"ShippingLatitude\" type=\"xsd:double\">\n        <xsd:annotation format=\"double\" optional=\"true\" title=\"Shipping latitude\">\n          <xsd:documentation>Used with shipping longitude to specify the precise geolocation of a shipping address. Acceptable values are numbers between –90 and 90 with up to 15 decimal places.</xsd:documentation>\n        </xsd:annotation>\n      </xsd:element>\n      <xsd:element minOccurs=\"0\" name=\"BillingPostalCode\" type=\"xsd:string\">\n        <xsd:annotation optional=\"true\" title=\"Billing zip or postal code\">\n          <xsd:documentation>The zip or postal code for the billing address of this account. Maximum length is 20 characters.</xsd:documentation>\n        </xsd:annotation>\n      </xsd:element>\n      <xsd:element minOccurs=\"0\" name=\"NumberOfEmployees\" type=\"xsd:double\">\n        <xsd:annotation format=\"double\" optional=\"true\" title=\"Employees\">\n          <xsd:documentation>Number of employees working at the company represented by this account. Maximum length is 8 digits. '</xsd:documentation>\n        </xsd:annotation>\n      </xsd:element>\n      <xsd:element minOccurs=\"0\" name=\"ShippingLongitude\" type=\"xsd:double\">\n        <xsd:annotation format=\"double\" optional=\"true\" title=\"Shipping longitude\">\n          <xsd:documentation>Used with shipping latitude to specify the precise geolocation of an address. Acceptable values are numbers between –180 and 180 with up to 15 decimal places.</xsd:documentation>\n        </xsd:annotation>\n      </xsd:element>\n      <xsd:element minOccurs=\"0\" name=\"LastReferencedDate\" type=\"xsd:time\">\n        <xsd:annotation format=\"date-time\" optional=\"true\" title=\"Last-referenced date\">\n          <xsd:documentation>The timestamp for when the current user last viewed a record related to this record.</xsd:documentation>\n        </xsd:annotation>\n      </xsd:element>\n      <xsd:element minOccurs=\"0\" name=\"SLASerialNumber__c\" type=\"xsd:string\">\n        <xsd:annotation optional=\"true\" title=\"SLA Serial Number\">\n          <xsd:documentation>SLA Serial Number</xsd:documentation>\n        </xsd:annotation>\n      </xsd:element>\n      <xsd:element minOccurs=\"0\" name=\"ShippingPostalCode\" type=\"xsd:string\">\n        <xsd:annotation optional=\"true\" title=\"Shipping zip or postal Code\">\n          <xsd:documentation>The zip or post code of the shipping address for this account. Maximum length is 20 characters.</xsd:documentation>\n        </xsd:annotation>\n      </xsd:element>\n      <xsd:element minOccurs=\"0\" name=\"CustomerPriority__c\" type=\"CustomerPriority__cType\" xpathBeforeFlattening=\"/xsd:schema/xsd:complexType[@name='retrievewithwhere_AccountResponse']/xsd:sequence/xsd:element[@name='instances']/xsd:complexType/xsd:sequence/xsd:element[@name='CustomerPriority__c']\">\n        <xsd:annotation optional=\"true\" title=\"Customer Priority\">\n          <xsd:documentation>Customer Priority</xsd:documentation>\n        </xsd:annotation>\n      </xsd:element>\n      <xsd:element minOccurs=\"0\" name=\"NumberofLocations__c\" type=\"xsd:double\">\n        <xsd:annotation format=\"double\" optional=\"true\" title=\"Number of Locations\">\n          <xsd:documentation>Number of Locations</xsd:documentation>\n        </xsd:annotation>\n      </xsd:element>\n      <xsd:element minOccurs=\"0\" name=\"SLAExpirationDate__c\" type=\"xsd:date\">\n        <xsd:annotation format=\"date\" optional=\"true\" title=\"SLA Expiration Date\">\n          <xsd:documentation>SLA Expiration Date</xsd:documentation>\n        </xsd:annotation>\n      </xsd:element>\n      <xsd:element minOccurs=\"0\" name=\"UpsellOpportunity__c\" type=\"UpsellOpportunity__cType\" xpathBeforeFlattening=\"/xsd:schema/xsd:complexType[@name='retrievewithwhere_AccountResponse']/xsd:sequence/xsd:element[@name='instances']/xsd:complexType/xsd:sequence/xsd:element[@name='UpsellOpportunity__c']\">\n        <xsd:annotation optional=\"true\" title=\"Upsell Opportunity\">\n          <xsd:documentation>Upsell Opportunity</xsd:documentation>\n        </xsd:annotation>\n      </xsd:element>\n      <xsd:element minOccurs=\"0\" name=\"BillingGeocodeAccuracy\" type=\"BillingGeocodeAccuracyType\" xpathBeforeFlattening=\"/xsd:schema/xsd:complexType[@name='retrievewithwhere_AccountResponse']/xsd:sequence/xsd:element[@name='instances']/xsd:complexType/xsd:sequence/xsd:element[@name='BillingGeocodeAccuracy']\">\n        <xsd:annotation optional=\"true\" title=\"Billing geocode accuracy\">\n          <xsd:documentation>Billing geocode accuracy</xsd:documentation>\n        </xsd:annotation>\n      </xsd:element>\n      <xsd:element minOccurs=\"0\" name=\"ShippingGeocodeAccuracy\" type=\"BillingGeocodeAccuracyType\" xpathBeforeFlattening=\"/xsd:schema/xsd:complexType[@name='retrievewithwhere_AccountResponse']/xsd:sequence/xsd:element[@name='instances']/xsd:complexType/xsd:sequence/xsd:element[@name='ShippingGeocodeAccuracy']\">\n        <xsd:annotation optional=\"true\" title=\"Shipping geocode accuracy\">\n          <xsd:documentation>Shipping geocode accuracy</xsd:documentation>\n        </xsd:annotation>\n      </xsd:element>\n    </xsd:sequence>\n  </xsd:complexType>\n  <xsd:simpleType name=\"TypeType\">\n    <xsd:restriction base=\"xsd:string\">\n      <xsd:enumeration value=\"Prospect\"/>\n      <xsd:enumeration value=\"Customer - Direct\"/>\n      <xsd:enumeration value=\"Customer - Channel\"/>\n      <xsd:enumeration value=\"Channel Partner / Reseller\"/>\n      <xsd:enumeration value=\"Installation Partner\"/>\n      <xsd:enumeration value=\"Technology Partner\"/>\n      <xsd:enumeration value=\"Other\"/>\n    </xsd:restriction>\n  </xsd:simpleType>\n  <xsd:simpleType name=\"RatingType\">\n    <xsd:restriction base=\"xsd:string\">\n      <xsd:enumeration value=\"Gold\"/>\n      <xsd:enumeration value=\"Silver\"/>\n      <xsd:enumeration value=\"Bronze\"/>\n    </xsd:restriction>\n  </xsd:simpleType>\n  <xsd:simpleType name=\"SLA__cType\">\n    <xsd:restriction base=\"xsd:string\">\n      <xsd:enumeration value=\"Gold\"/>\n      <xsd:enumeration value=\"Silver\"/>\n      <xsd:enumeration value=\"Platinum\"/>\n      <xsd:enumeration value=\"Bronze\"/>\n    </xsd:restriction>\n  </xsd:simpleType>\n  <xsd:simpleType name=\"IndustryType\">\n    <xsd:restriction base=\"xsd:string\">\n      <xsd:enumeration value=\"Agriculture\"/>\n      <xsd:enumeration value=\"Apparel\"/>\n      <xsd:enumeration value=\"Banking\"/>\n      <xsd:enumeration value=\"Biotechnology\"/>\n      <xsd:enumeration value=\"Chemicals\"/>\n      <xsd:enumeration value=\"Communications\"/>\n      <xsd:enumeration value=\"Construction\"/>\n      <xsd:enumeration value=\"Consulting\"/>\n      <xsd:enumeration value=\"Education\"/>\n      <xsd:enumeration value=\"Electronics\"/>\n      <xsd:enumeration value=\"Energy\"/>\n      <xsd:enumeration value=\"Engineering\"/>\n      <xsd:enumeration value=\"Entertainment\"/>\n      <xsd:enumeration value=\"Environmental\"/>\n      <xsd:enumeration value=\"Finance\"/>\n      <xsd:enumeration value=\"Food &amp; Beverage\"/>\n      <xsd:enumeration value=\"Government\"/>\n      <xsd:enumeration value=\"Healthcare\"/>\n      <xsd:enumeration value=\"Hospitality\"/>\n      <xsd:enumeration value=\"Insurance\"/>\n      <xsd:enumeration value=\"Machinery\"/>\n      <xsd:enumeration value=\"Manufacturing\"/>\n      <xsd:enumeration value=\"Media\"/>\n      <xsd:enumeration value=\"Not For Profit\"/>\n      <xsd:enumeration value=\"Recreation\"/>\n      <xsd:enumeration value=\"Retail\"/>\n      <xsd:enumeration value=\"Shipping\"/>\n      <xsd:enumeration value=\"Technology\"/>\n      <xsd:enumeration value=\"Telecommunications\"/>\n      <xsd:enumeration value=\"Transportation\"/>\n      <xsd:enumeration value=\"Utilities\"/>\n      <xsd:enumeration value=\"Other\"/>\n    </xsd:restriction>\n  </xsd:simpleType>\n  <xsd:simpleType name=\"Active__cType\">\n    <xsd:restriction base=\"xsd:string\">\n      <xsd:enumeration value=\"No\"/>\n      <xsd:enumeration value=\"Yes\"/>\n    </xsd:restriction>\n  </xsd:simpleType>\n  <xsd:simpleType name=\"OwnershipType\">\n    <xsd:restriction base=\"xsd:string\">\n      <xsd:enumeration value=\"Public\"/>\n      <xsd:enumeration value=\"Private\"/>\n      <xsd:enumeration value=\"Subsidiary\"/>\n      <xsd:enumeration value=\"Other\"/>\n    </xsd:restriction>\n  </xsd:simpleType>\n  <xsd:complexType name=\"attributesType\">\n    <xsd:sequence>\n      <xsd:element minOccurs=\"0\" name=\"url\" type=\"xsd:string\">\n        <xsd:annotation optional=\"true\" title=\"Url\">\n          <xsd:documentation>Url</xsd:documentation>\n        </xsd:annotation>\n      </xsd:element>\n      <xsd:element minOccurs=\"0\" name=\"type\" type=\"xsd:string\">\n        <xsd:annotation optional=\"true\" title=\"Type\">\n          <xsd:documentation>Type</xsd:documentation>\n        </xsd:annotation>\n      </xsd:element>\n    </xsd:sequence>\n  </xsd:complexType>\n  <xsd:simpleType name=\"CleanStatusType\">\n    <xsd:restriction base=\"xsd:string\">\n      <xsd:enumeration value=\"Matched\"/>\n      <xsd:enumeration value=\"Different\"/>\n      <xsd:enumeration value=\"Acknowledged\"/>\n      <xsd:enumeration value=\"NotFound\"/>\n      <xsd:enumeration value=\"Inactive\"/>\n      <xsd:enumeration value=\"Pending\"/>\n      <xsd:enumeration value=\"SelectMatch\"/>\n      <xsd:enumeration value=\"Skipped\"/>\n    </xsd:restriction>\n  </xsd:simpleType>\n  <xsd:simpleType name=\"AccountSourceType\">\n    <xsd:restriction base=\"xsd:string\">\n      <xsd:enumeration value=\"Web\"/>\n      <xsd:enumeration value=\"Phone Inquiry\"/>\n      <xsd:enumeration value=\"Partner Referral\"/>\n      <xsd:enumeration value=\"Purchased List\"/>\n      <xsd:enumeration value=\"Other\"/>\n    </xsd:restriction>\n  </xsd:simpleType>\n  <xsd:simpleType name=\"CustomerPriority__cType\">\n    <xsd:restriction base=\"xsd:string\">\n      <xsd:enumeration value=\"High\"/>\n      <xsd:enumeration value=\"Low\"/>\n      <xsd:enumeration value=\"Medium\"/>\n    </xsd:restriction>\n  </xsd:simpleType>\n  <xsd:simpleType name=\"UpsellOpportunity__cType\">\n    <xsd:restriction base=\"xsd:string\">\n      <xsd:enumeration value=\"Maybe\"/>\n      <xsd:enumeration value=\"No\"/>\n      <xsd:enumeration value=\"Yes\"/>\n    </xsd:restriction>\n  </xsd:simpleType>\n  <xsd:simpleType name=\"BillingGeocodeAccuracyType\">\n    <xsd:restriction base=\"xsd:string\">\n      <xsd:enumeration value=\"Address\"/>\n      <xsd:enumeration value=\"NearAddress\"/>\n      <xsd:enumeration value=\"Block\"/>\n      <xsd:enumeration value=\"Street\"/>\n      <xsd:enumeration value=\"ExtendedZip\"/>\n      <xsd:enumeration value=\"Zip\"/>\n      <xsd:enumeration value=\"Neighborhood\"/>\n      <xsd:enumeration value=\"City\"/>\n      <xsd:enumeration value=\"County\"/>\n      <xsd:enumeration value=\"State\"/>\n      <xsd:enumeration value=\"Unknown\"/>\n    </xsd:restriction>\n  </xsd:simpleType>\n</xsd:schema>\n",
  "poId" : "6023.a23267e2-9922-4bb9-b687-108b1d59d16a"
}