{
  "$schema" : "https://json-schema.org/draft/2019-09/schema",
  "$id" : "http://ibm.com/dba/projects/reorder_automation:dataModel/com/ibm/wo/application/HASHcf15979b8bf4be57c7709d6a7b1c8dd0_app_f6fb079701ce4728a716772189ef5364/createOrderItem_200Type.schema.json",
  "x-ibm-json-name" : "createOrderItem_200Type",
  "x-ibm-package-name" : "com.ibm.wo.application.HASHcf15979b8bf4be57c7709d6a7b1c8dd0_app_f6fb079701ce4728a716772189ef5364",
  "type" : "object",
  "title" : "createOrderItem_200Type",
  "x-ibm-original-json-name" : "createOrderItem.createOrderItem_200Type",
  "properties" : {
    "message" : {
      "title" : "message",
      "type" : [ "string", "null" ]
    }
  }
}