{
  "WSDL_DATA" : {
    "repoUrl" : "repo://6023.17137ddc-3bc4-4b55-892d-be708fbece17/.wsdl",
    "uid" : "6023.17137ddc-3bc4-4b55-892d-be708fbece17",
    "referenceLocation" : [ {
      "absoluteLocation" : "repo://6023.49c6d48d-c2ac-47f0-9bc2-09b7d3f35c85/47f9defe4c76.xsd",
      "relativeLocation" : "/529b51c9-7c3e-4e93-af78-47f9defe4c76.xsd"
    } ],
    "data" : "{\"openapi\":\"3.0.1\",\"info\":{\"title\":\"Salesforce Custom Skills Version2\",\"description\":\"Create a new order in Salesforce\",\"version\":\"1.0.0\",\"x-ibm-skill-type\":\"imported\",\"x-ibm-annotations\":\"true\",\"x-ibm-skill-subtype\":\"public\",\"x-ibm-application-id\":\"app-c73451bc04c84958aa4a049c338df912\",\"x-ibm-application-name\":\"Salesforce Custom Skills Version2\"},\"servers\":[{\"url\":\"https://dl.watson-orchestrate.ibm.com/asb/uabskillproxy\"}],\"security\":[{\"IBM-WO-JWT\":[]}],\"paths\":{\"/invoke/skill/Salesforce-Custom-Skills-Version2__1.0.0__createOrder\":{\"post\":{\"tags\":[\"Salesforce\"],\"summary\":\"Create a new order in Salesforce\",\"description\":\"Create a new order in Salesforce\",\"operationId\":\"createOrder\",\"parameters\":[{\"name\":\"account_id\",\"in\":\"query\",\"required\":true,\"style\":\"form\",\"explode\":true,\"schema\":{\"type\":\"string\",\"description\":\"Account ID associated with the order\"},\"x-ibm-order\":1,\"x-ibm-multiline\":\"false\"},{\"name\":\"date\",\"in\":\"query\",\"required\":true,\"style\":\"form\",\"explode\":true,\"schema\":{\"type\":\"string\",\"description\":\"Effective date of the order\",\"format\":\"date\"},\"x-ibm-order\":2,\"x-ibm-multiline\":\"false\"},{\"name\":\"status\",\"in\":\"query\",\"required\":false,\"style\":\"form\",\"explode\":true,\"schema\":{\"type\":\"string\",\"description\":\"Status of the order\",\"default\":\"Draft\"},\"x-ibm-order\":3,\"x-ibm-multiline\":\"false\"},{\"name\":\"Pricebook2Id\",\"in\":\"query\",\"required\":true,\"style\":\"form\",\"explode\":true,\"schema\":{\"type\":\"string\",\"description\":\"Pricebook ID associated with the account\"},\"x-ibm-order\":4,\"x-ibm-multiline\":\"false\"}],\"responses\":{\"200\":{\"description\":\"Order created successfully\",\"content\":{\"application/json\":{\"schema\":{\"type\":\"object\",\"properties\":{\"order_id\":{\"type\":\"string\",\"description\":\"ID of the newly created order\",\"x-ibm-order\":1}}}}}}},\"x-ibm-nl-entities\":{\"entities\":[]},\"x-ibm-next-actions\":[],\"x-ibm-nl-intent-examples\":[\"Create a new order in Salesforce\",\"Insert a new order\",\"Make a new order\"],\"x-ibm-conversational-skill\":true}}},\"components\":{\"schemas\":{\"OrdersResponse\":{\"type\":\"object\",\"properties\":{\"order_result\":{\"type\":\"array\",\"items\":{\"type\":\"object\",\"properties\":{\"Id\":{\"type\":\"string\"},\"OrderNumber\":{\"type\":\"string\"},\"TotalAmount\":{\"type\":\"number\"}}}}}},\"NewOrderResponse\":{\"type\":\"object\",\"properties\":{\"order_id\":{\"type\":\"string\",\"description\":\"ID of the newly created order\"}}},\"OrderItemResponse\":{\"type\":\"object\",\"properties\":{\"message\":{\"type\":\"string\",\"description\":\"Response message\"}}},\"PriceBooksResponse\":{\"type\":\"object\",\"properties\":{\"price_books\":{\"type\":\"array\",\"items\":{\"type\":\"object\",\"properties\":{\"uab_Product_Name\":{\"type\":\"string\",\"x-ibm-original-property-name\":\"Product Name\"},\"uab_Unit_Price\":{\"type\":\"number\",\"x-ibm-original-property-name\":\"Unit Price\"},\"uab_Pricebook_ID\":{\"type\":\"string\",\"x-ibm-original-property-name\":\"Pricebook ID\"},\"uab_Pricebook_Name\":{\"type\":\"string\",\"x-ibm-original-property-name\":\"Pricebook Name\"}}}}}}},\"securitySchemes\":{\"IBM-WO-JWT\":{\"type\":\"http\",\"scheme\":\"bearer\",\"bearerFormat\":\"IBM-Watsonx-Orchestrate-JWT\"}}}}",
    "namespace" : "http://www.ibm.com/xmlns/prod/bpm/bpmn/ext/externalservice/swagger/529b51c9-7c3e-4e93-af78-47f9defe4c76Service",
    "type" : "swagger",
    "url" : "file:/opt/ibm/wlp/output/defaultServer/temp/automationServiceDiscovery203706776416859322.json"
  },
  "type" : "BPMService",
  "definitions" : "{\"openapi\":\"3.0.1\",\"info\":{\"title\":\"Salesforce Custom Skills Version2\",\"description\":\"Create a new order in Salesforce\",\"version\":\"1.0.0\",\"x-ibm-skill-type\":\"imported\",\"x-ibm-annotations\":\"true\",\"x-ibm-skill-subtype\":\"public\",\"x-ibm-application-id\":\"app-c73451bc04c84958aa4a049c338df912\",\"x-ibm-application-name\":\"Salesforce Custom Skills Version2\"},\"servers\":[{\"url\":\"https://dl.watson-orchestrate.ibm.com/asb/uabskillproxy\"}],\"security\":[{\"IBM-WO-JWT\":[]}],\"paths\":{\"/invoke/skill/Salesforce-Custom-Skills-Version2__1.0.0__createOrder\":{\"post\":{\"tags\":[\"Salesforce\"],\"summary\":\"Create a new order in Salesforce\",\"description\":\"Create a new order in Salesforce\",\"operationId\":\"createOrder\",\"parameters\":[{\"name\":\"account_id\",\"in\":\"query\",\"required\":true,\"style\":\"form\",\"explode\":true,\"schema\":{\"type\":\"string\",\"description\":\"Account ID associated with the order\"},\"x-ibm-order\":1,\"x-ibm-multiline\":\"false\"},{\"name\":\"date\",\"in\":\"query\",\"required\":true,\"style\":\"form\",\"explode\":true,\"schema\":{\"type\":\"string\",\"description\":\"Effective date of the order\",\"format\":\"date\"},\"x-ibm-order\":2,\"x-ibm-multiline\":\"false\"},{\"name\":\"status\",\"in\":\"query\",\"required\":false,\"style\":\"form\",\"explode\":true,\"schema\":{\"type\":\"string\",\"description\":\"Status of the order\",\"default\":\"Draft\"},\"x-ibm-order\":3,\"x-ibm-multiline\":\"false\"},{\"name\":\"Pricebook2Id\",\"in\":\"query\",\"required\":true,\"style\":\"form\",\"explode\":true,\"schema\":{\"type\":\"string\",\"description\":\"Pricebook ID associated with the account\"},\"x-ibm-order\":4,\"x-ibm-multiline\":\"false\"}],\"responses\":{\"200\":{\"description\":\"Order created successfully\",\"content\":{\"application/json\":{\"schema\":{\"type\":\"object\",\"properties\":{\"order_id\":{\"type\":\"string\",\"description\":\"ID of the newly created order\",\"x-ibm-order\":1}}}}}}},\"x-ibm-nl-entities\":{\"entities\":[]},\"x-ibm-next-actions\":[],\"x-ibm-nl-intent-examples\":[\"Create a new order in Salesforce\",\"Insert a new order\",\"Make a new order\"],\"x-ibm-conversational-skill\":true}}},\"components\":{\"schemas\":{\"OrdersResponse\":{\"type\":\"object\",\"properties\":{\"order_result\":{\"type\":\"array\",\"items\":{\"type\":\"object\",\"properties\":{\"Id\":{\"type\":\"string\"},\"OrderNumber\":{\"type\":\"string\"},\"TotalAmount\":{\"type\":\"number\"}}}}}},\"NewOrderResponse\":{\"type\":\"object\",\"properties\":{\"order_id\":{\"type\":\"string\",\"description\":\"ID of the newly created order\"}}},\"OrderItemResponse\":{\"type\":\"object\",\"properties\":{\"message\":{\"type\":\"string\",\"description\":\"Response message\"}}},\"PriceBooksResponse\":{\"type\":\"object\",\"properties\":{\"price_books\":{\"type\":\"array\",\"items\":{\"type\":\"object\",\"properties\":{\"uab_Product_Name\":{\"type\":\"string\",\"x-ibm-original-property-name\":\"Product Name\"},\"uab_Unit_Price\":{\"type\":\"number\",\"x-ibm-original-property-name\":\"Unit Price\"},\"uab_Pricebook_ID\":{\"type\":\"string\",\"x-ibm-original-property-name\":\"Pricebook ID\"},\"uab_Pricebook_Name\":{\"type\":\"string\",\"x-ibm-original-property-name\":\"Pricebook Name\"}}}}}}},\"securitySchemes\":{\"IBM-WO-JWT\":{\"type\":\"http\",\"scheme\":\"bearer\",\"bearerFormat\":\"IBM-Watsonx-Orchestrate-JWT\"}}}}",
  "poId" : "6023.17137ddc-3bc4-4b55-892d-be708fbece17"
}