{
  "WSDL_DATA" : {
    "repoUrl" : "repo://6023.49c6d48d-c2ac-47f0-9bc2-09b7d3f35c85/47f9defe4c76.xsd",
    "uid" : "6023.49c6d48d-c2ac-47f0-9bc2-09b7d3f35c85",
    "referenceLocation" : [ ],
    "data" : "<?xml version=\"1.0\" encoding=\"UTF-8\"?><xsd:schema xmlns:xsd=\"http://www.w3.org/2001/XMLSchema\" xmlns=\"http://www.ibm.com/xmlns/prod/bpm/bpmn/ext/externalservice/swagger/xsd/529b51c9-7c3e-4e93-af78-47f9defe4c76.xsd\" xmlns:ibmbpm=\"http://lombardi.ibm.com/schema/\" targetNamespace=\"http://www.ibm.com/xmlns/prod/bpm/bpmn/ext/externalservice/swagger/xsd/529b51c9-7c3e-4e93-af78-47f9defe4c76.xsd\">\n  <xsd:element name=\"createOrderRequest\" type=\"createOrderRequest\"/>\n  <xsd:element name=\"createOrderResponse\" type=\"createOrderResponse\"/>\n  <xsd:complexType name=\"createOrderRequest\">\n    <xsd:sequence>\n      <xsd:element name=\"account_id\" type=\"xsd:string\"/>\n      <xsd:element name=\"date\" type=\"xsd:date\">\n        <xsd:annotation format=\"date\"/>\n      </xsd:element>\n      <xsd:element default=\"Draft\" minOccurs=\"0\" name=\"status\" type=\"xsd:string\">\n        <xsd:annotation optional=\"true\"/>\n      </xsd:element>\n      <xsd:element name=\"Pricebook2Id\" type=\"xsd:string\"/>\n    </xsd:sequence>\n  </xsd:complexType>\n  <xsd:complexType name=\"createOrderResponse\">\n    <xsd:sequence>\n      <xsd:element minOccurs=\"0\" name=\"createOrder\" type=\"createOrder_200Type\" xpathBeforeFlattening=\"/xsd:schema/xsd:complexType[@name='createOrderResponse']/xsd:sequence/xsd:element[@name='createOrder']\">\n        <xsd:annotation alternateOldName=\"createOrder_200\" optional=\"true\" responseCode=\"200\">\n          <xsd:documentation>Order created successfully</xsd:documentation>\n        </xsd:annotation>\n      </xsd:element>\n    </xsd:sequence>\n  </xsd:complexType>\n  <xsd:complexType name=\"createOrder_200Type\">\n    <xsd:sequence>\n      <xsd:element minOccurs=\"0\" name=\"order_id\" type=\"xsd:string\">\n        <xsd:annotation optional=\"true\">\n          <xsd:documentation>ID of the newly created order</xsd:documentation>\n        </xsd:annotation>\n      </xsd:element>\n    </xsd:sequence>\n  </xsd:complexType>\n</xsd:schema>\n",
    "namespace" : "http://www.ibm.com/xmlns/prod/bpm/bpmn/ext/externalservice/swagger/xsd/529b51c9-7c3e-4e93-af78-47f9defe4c76.xsd",
    "type" : "xsd",
    "url" : "http://www.ibm.com/xmlns/prod/bpm/bpmn/ext/externalservice/swagger/xsd/529b51c9-7c3e-4e93-af78-47f9defe4c76.xsd"
  },
  "type" : "BPMService",
  "definitions" : "<?xml version=\"1.0\" encoding=\"UTF-8\"?><xsd:schema xmlns:xsd=\"http://www.w3.org/2001/XMLSchema\" xmlns=\"http://www.ibm.com/xmlns/prod/bpm/bpmn/ext/externalservice/swagger/xsd/529b51c9-7c3e-4e93-af78-47f9defe4c76.xsd\" xmlns:ibmbpm=\"http://lombardi.ibm.com/schema/\" targetNamespace=\"http://www.ibm.com/xmlns/prod/bpm/bpmn/ext/externalservice/swagger/xsd/529b51c9-7c3e-4e93-af78-47f9defe4c76.xsd\">\n  <xsd:element name=\"createOrderRequest\" type=\"createOrderRequest\"/>\n  <xsd:element name=\"createOrderResponse\" type=\"createOrderResponse\"/>\n  <xsd:complexType name=\"createOrderRequest\">\n    <xsd:sequence>\n      <xsd:element name=\"account_id\" type=\"xsd:string\"/>\n      <xsd:element name=\"date\" type=\"xsd:date\">\n        <xsd:annotation format=\"date\"/>\n      </xsd:element>\n      <xsd:element default=\"Draft\" minOccurs=\"0\" name=\"status\" type=\"xsd:string\">\n        <xsd:annotation optional=\"true\"/>\n      </xsd:element>\n      <xsd:element name=\"Pricebook2Id\" type=\"xsd:string\"/>\n    </xsd:sequence>\n  </xsd:complexType>\n  <xsd:complexType name=\"createOrderResponse\">\n    <xsd:sequence>\n      <xsd:element minOccurs=\"0\" name=\"createOrder\" type=\"createOrder_200Type\" xpathBeforeFlattening=\"/xsd:schema/xsd:complexType[@name='createOrderResponse']/xsd:sequence/xsd:element[@name='createOrder']\">\n        <xsd:annotation alternateOldName=\"createOrder_200\" optional=\"true\" responseCode=\"200\">\n          <xsd:documentation>Order created successfully</xsd:documentation>\n        </xsd:annotation>\n      </xsd:element>\n    </xsd:sequence>\n  </xsd:complexType>\n  <xsd:complexType name=\"createOrder_200Type\">\n    <xsd:sequence>\n      <xsd:element minOccurs=\"0\" name=\"order_id\" type=\"xsd:string\">\n        <xsd:annotation optional=\"true\">\n          <xsd:documentation>ID of the newly created order</xsd:documentation>\n        </xsd:annotation>\n      </xsd:element>\n    </xsd:sequence>\n  </xsd:complexType>\n</xsd:schema>\n",
  "poId" : "6023.49c6d48d-c2ac-47f0-9bc2-09b7d3f35c85"
}