{
  "$schema" : "https://json-schema.org/draft/2019-09/schema",
  "$id" : "http://ibm.com/dba/projects/reorder_automation:dataModel/com/ibm/wo/application/HASHb17fbb5ed4e549bfdbf539b5a08fb44a_app_c73451bc04c84958aa4a049c338df912/createOrder_200Type_1.schema.json",
  "x-ibm-json-name" : "createOrder_200Type_1",
  "x-ibm-package-name" : "com.ibm.wo.application.HASHb17fbb5ed4e549bfdbf539b5a08fb44a_app_c73451bc04c84958aa4a049c338df912",
  "type" : "object",
  "title" : "createOrder_200Type_1",
  "x-ibm-original-json-name" : "createOrder.createOrder_200Type",
  "properties" : {
    "order_id" : {
      "title" : "order_id",
      "type" : [ "string", "null" ]
    }
  }
}