{
  "$schema" : "https://json-schema.org/draft/2019-09/schema",
  "$id" : "http://ibm.com/dba/projects/reorder_automation:dataModel/com/ibm/wo/application/HASHb17fbb5ed4e549bfdbf539b5a08fb44a_app_c73451bc04c84958aa4a049c338df912/fetchPriceBooks_200Type.schema.json",
  "x-ibm-json-name" : "fetchPriceBooks_200Type",
  "x-ibm-package-name" : "com.ibm.wo.application.HASHb17fbb5ed4e549bfdbf539b5a08fb44a_app_c73451bc04c84958aa4a049c338df912",
  "type" : "object",
  "title" : "fetchPriceBooks_200Type",
  "x-ibm-original-json-name" : "fetchPriceBooks.fetchPriceBooks_200Type",
  "properties" : {
    "price_books" : {
      "title" : "price_book",
      "type" : [ "array", "null" ],
      "items" : {
        "oneOf" : [ {
          "$ref" : "http://ibm.com/dba/projects/reorder_automation:dataModel/com/ibm/wo/application/HASHb17fbb5ed4e549bfdbf539b5a08fb44a_app_c73451bc04c84958aa4a049c338df912/price_booksType.schema.json"
        }, {
          "type" : "null"
        } ],
        "x-ibm-original-json-name" : "fetchPriceBooks.price_booksType"
      }
    }
  }
}