{
  "root_poid" : "1.e04e9aa0-c803-43a8-bbaa-92f392c9cca8",
  "artifacts" : [ {
    "META_AUTOMATION_SERVICE_REST_BINDING_VALUES_REF_ID" : "62.9a6e150e-29b4-4971-9a0b-c342331a92b7",
    "META_AUTOMATION_SERVICE_REST_BINDING_VALUES" : {
      "consumeDefaultVersion" : true
    },
    "type" : "BPMService",
    "definitions" : {
      "rootElement" : [ {
        "documentation" : [ {
          "content" : [ "646000EUAI/uab/Reorder_automation/Reorder_automation/No min order notification/master/e27f0e3b0c" ],
          "textFormat" : "text/plain"
        } ],
        "name" : "IFace.9b55d70e-1fb9-49a0-9231-8e447361b9c9",
        "declaredType" : "interface",
        "id" : "_fdd5d4e0-8e61-41a6-b398-529c54785c9c",
        "operation" : [ {
          "extensionElements" : {
            "sfPOId" : [ "1.06da9b8d-fd42-479b-a7cd-cca8ce8809bf" ],
            "businessSignature" : [ {
              "output" : [ {
                "path" : "generated_text",
                "name" : "generated_text",
                "isCollection" : false,
                "declaredType" : "com.ibm.bpmsdk.model.bpmn20.ibmextauth.TParameter",
                "id" : "_abc17cd1-88d2-49de-bd9f-63224ada50c8",
                "isOptional" : false,
                "typeRefPO" : "string",
                "typeRef" : "{http://www.w3.org/2001/XMLSchema}string"
              }, {
                "path" : "generated_token_count",
                "name" : "generated_token_count",
                "isCollection" : false,
                "declaredType" : "com.ibm.bpmsdk.model.bpmn20.ibmextauth.TParameter",
                "id" : "_e8ecc57b-39da-446c-8b4e-5774b157cd43",
                "isOptional" : false,
                "typeRefPO" : "integer",
                "typeRef" : "{http://www.w3.org/2001/XMLSchema}int"
              }, {
                "path" : "input_token_count",
                "name" : "input_token_count",
                "isCollection" : false,
                "declaredType" : "com.ibm.bpmsdk.model.bpmn20.ibmextauth.TParameter",
                "id" : "_04f923ee-29de-4b6b-9455-ff007fd03c1d",
                "isOptional" : false,
                "typeRefPO" : "integer",
                "typeRef" : "{http://www.w3.org/2001/XMLSchema}int"
              }, {
                "path" : "stop_reason",
                "name" : "stop_reason",
                "isCollection" : false,
                "declaredType" : "com.ibm.bpmsdk.model.bpmn20.ibmextauth.TParameter",
                "id" : "_ca1693b0-0c50-426e-9e6b-3a8d9d441724",
                "isOptional" : false,
                "typeRefPO" : "string",
                "typeRef" : "{http://www.w3.org/2001/XMLSchema}string"
              }, {
                "path" : "error_code",
                "name" : "error_code",
                "isCollection" : false,
                "declaredType" : "com.ibm.bpmsdk.model.bpmn20.ibmextauth.TParameter",
                "id" : "_ff18be7c-482b-4082-ae54-406df3f464ab",
                "isOptional" : false,
                "typeRefPO" : "string",
                "typeRef" : "{http://www.w3.org/2001/XMLSchema}string"
              }, {
                "path" : "error_message",
                "name" : "error_message",
                "isCollection" : false,
                "declaredType" : "com.ibm.bpmsdk.model.bpmn20.ibmextauth.TParameter",
                "id" : "_238a2ee1-9259-46cb-8775-7f4bf2f1a3ca",
                "isOptional" : false,
                "typeRefPO" : "string",
                "typeRef" : "{http://www.w3.org/2001/XMLSchema}string"
              } ],
              "input" : [ {
                "path" : "order_qty",
                "name" : "order_qty",
                "isCollection" : false,
                "declaredType" : "com.ibm.bpmsdk.model.bpmn20.ibmextauth.TParameter",
                "id" : "_a7418867-894f-4443-b109-4344ba35d87e",
                "isOptional" : false,
                "typeRefPO" : "string",
                "typeRef" : "{http://www.w3.org/2001/XMLSchema}string"
              } ],
              "declaredType" : "com.ibm.bpmsdk.model.bpmn20.ibmextauth.TSignature"
            } ]
          },
          "documentation" : [ {
            "content" : [ "Execute NoMinOrderNotification-noMinOrderNotification" ],
            "textFormat" : "text/plain"
          } ],
          "name" : "NoMinOrderNotification-noMinOrderNotification",
          "id" : "_af08c2a0-4fd7-4e7f-a021-34f8b68c00a5"
        } ]
      }, {
        "extensionElements" : {
          "externalService" : [ {
            "automationServiceRestBinding" : {
              "invocationType" : "LOCAL",
              "designProjectFolder" : "Reorder_automation",
              "org" : "uab",
              "bindingEnvVarSetRef" : "62.9a6e150e-29b4-4971-9a0b-c342331a92b7",
              "displayVersion" : "head",
              "name" : "local/NoMinOrderNotification-noMinOrderNotification",
              "project" : "Reorder_automation",
              "componentName" : "Reorder_automation",
              "canUseDefaultVersion" : true,
              "type" : "ADS",
              "version" : "head",
              "restBinding" : {
                "swaggerRef" : "{http://www.ibm.com/xmlns/prod/bpm/bpmn/ext/externalservice/swagger/8b23c2a7-5489-402a-8a07-0e1139d7e007Service}6023.1065d7d8-5504-4fc7-95d8-bc11b740fc24",
                "openAPIVersion" : "v3"
              }
            },
            "cachingType" : false,
            "name" : "/noMinOrderNotification",
            "interfaceRef" : "_fdd5d4e0-8e61-41a6-b398-529c54785c9c",
            "declaredType" : "com.ibm.bpmsdk.model.bpmn20.ibmextservice.TExternalService",
            "id" : "_b9dec63c-83b0-496d-a9c4-5f3d282941d2"
          } ]
        },
        "declaredType" : "endPoint"
      } ],
      "targetNamespace" : "http://www.ibm.com/xmlns/prod/bpm/bpmn/ext/externalservice/swagger/8b23c2a7-5489-402a-8a07-0e1139d7e007Service",
      "typeLanguage" : "http://www.w3.org/2001/XMLSchema",
      "expressionLanguage" : "http://www.ibm.com/xmlns/prod/bpm/expression-lang/javascript",
      "id" : "_f4f0d6ab-734a-4d80-a266-d30f5677b3de"
    },
    "poId" : "1.e04e9aa0-c803-43a8-bbaa-92f392c9cca8",
    "REFERENCES" : [ "file:/opt/ibm/wlp/output/defaultServer/temp/automationServiceDiscovery804621540554572761.json", "http://www.ibm.com/xmlns/prod/bpm/bpmn/ext/externalservice/swagger/xsd/8b23c2a7-5489-402a-8a07-0e1139d7e007.xsd", "{http://www.ibm.com/xmlns/prod/bpm/bpmn/ext/externalservice/swagger/8b23c2a7-5489-402a-8a07-0e1139d7e007Service}NoMinOrderNotification-noMinOrderNotificationRequestMsg", "{http://www.ibm.com/xmlns/prod/bpm/bpmn/ext/externalservice/swagger/8b23c2a7-5489-402a-8a07-0e1139d7e007Service}NoMinOrderNotification-noMinOrderNotificationResponseMsg" ]
  }, {
    "WSDL_DATA" : {
      "repoUrl" : "repo://6023.1065d7d8-5504-4fc7-95d8-bc11b740fc24/.wsdl",
      "uid" : "6023.1065d7d8-5504-4fc7-95d8-bc11b740fc24",
      "referenceLocation" : [ {
        "absoluteLocation" : "repo://6023.e1dbbb5b-584c-4acf-89e6-7c7256626409/0e1139d7e007.xsd",
        "relativeLocation" : "/8b23c2a7-5489-402a-8a07-0e1139d7e007.xsd"
      } ],
      "data" : "{\"openapi\":\"3.0.1\",\"info\":{\"title\":\"646000EUAI/uab/Reorder_automation/Reorder_automation/No min order notification/master/e27f0e3b0c\",\"description\":\"646000EUAI/uab/Reorder_automation/Reorder_automation/No min order notification/master/e27f0e3b0c\",\"version\":\"head\",\"x-ibm-ads-decision-id\":\"646000EUAI/uab/Reorder_automation/Reorder_automation/No min order notification/master/e27f0e3b0c\"},\"servers\":[{\"url\":\"https://dl.watson-orchestrate.ibm.com/asb/ads/rest-api/api/wo/automation/uab/Reorder_automation/master/Reorder_automation/Reorder_automation%2FNo%20min%20order%20notification/deploymentSpaces/preview/decisions/646000EUAI%2Fuab%2FReorder_automation%2FReorder_automation%2FNo%20min%20order%20notification%2Fmaster%2Fe27f0e3b0c/operations\"}],\"security\":[{\"IBM-WO-JWT\":[]}],\"paths\":{\"/NoMinOrderNotification-noMinOrderNotification/execute\":{\"post\":{\"tags\":[\"646000EUAI/uab/Reorder_automation/Reorder_automation/No min order notification/master/e27f0e3b0c\"],\"summary\":\"NoMinOrderNotification-noMinOrderNotification\",\"description\":\"Execute NoMinOrderNotification-noMinOrderNotification\",\"operationId\":\"NoMinOrderNotification-noMinOrderNotification\",\"requestBody\":{\"content\":{\"application/json\":{\"schema\":{\"$ref\":\"#/components/schemas/NoMinOrderNotification-noMinOrderNotification_input\"}}}},\"responses\":{\"200\":{\"description\":\"Decision execution success\",\"content\":{\"application/json\":{\"schema\":{\"$ref\":\"#/components/schemas/NoMinOrderNotification-noMinOrderNotification_output\"}}}},\"404\":{\"description\":\"A decision or decision operation was not found\",\"content\":{\"application/json\":{\"schema\":{\"$ref\":\"#/components/schemas/BaseError\"}}}},\"500\":{\"description\":\"A runtime exception occurred while executing a decision\",\"content\":{\"application/json\":{\"schema\":{\"$ref\":\"#/components/schemas/BaseError\"}}}}},\"x-ibm-uab-local-operation\":true}}},\"components\":{\"schemas\":{\"NoMinOrderNotification-noMinOrderNotification_input\":{\"type\":\"object\",\"properties\":{\"order_qty\":{\"type\":\"string\"}},\"x-ibm-parameter-wrapper\":true},\"NoMinOrderNotification-noMinOrderNotification_output\":{\"type\":\"object\",\"properties\":{\"generated_text\":{\"type\":\"string\"},\"generated_token_count\":{\"type\":\"integer\",\"format\":\"int32\"},\"input_token_count\":{\"type\":\"integer\",\"format\":\"int32\"},\"stop_reason\":{\"type\":\"string\"},\"error_code\":{\"type\":\"string\"},\"error_message\":{\"type\":\"string\"}},\"nullable\":true,\"x-ibm-parameter-wrapper\":true},\"BaseError\":{\"type\":\"object\",\"properties\":{\"output\":{\"type\":\"object\",\"description\":\"The output of the decision service archive.\",\"nullable\":true},\"incident\":{\"$ref\":\"#/components/schemas/Incident\"}},\"description\":\"The response when an error occurs\"},\"Incident\":{\"type\":\"object\",\"properties\":{\"incidentId\":{\"type\":\"string\",\"description\":\"A unique identifier for the incident\"},\"incidentCategory\":{\"type\":\"string\",\"description\":\"The category of the incident, for instance \\\"Decision not found\\\"\"},\"stackTrace\":{\"type\":\"string\",\"description\":\"An associated stack trace, if the decision runtime is configured to provide it. By default, the stack trace is null\"}},\"description\":\"The description of the failure\"}},\"securitySchemes\":{\"IBM-WO-JWT\":{\"type\":\"http\",\"scheme\":\"bearer\",\"bearerFormat\":\"IBM-Watsonx-Orchestrate-JWT\"}}}}",
      "namespace" : "http://www.ibm.com/xmlns/prod/bpm/bpmn/ext/externalservice/swagger/8b23c2a7-5489-402a-8a07-0e1139d7e007Service",
      "type" : "swagger",
      "url" : "file:/opt/ibm/wlp/output/defaultServer/temp/automationServiceDiscovery804621540554572761.json"
    },
    "type" : "BPMService",
    "definitions" : "{\"openapi\":\"3.0.1\",\"info\":{\"title\":\"646000EUAI/uab/Reorder_automation/Reorder_automation/No min order notification/master/e27f0e3b0c\",\"description\":\"646000EUAI/uab/Reorder_automation/Reorder_automation/No min order notification/master/e27f0e3b0c\",\"version\":\"head\",\"x-ibm-ads-decision-id\":\"646000EUAI/uab/Reorder_automation/Reorder_automation/No min order notification/master/e27f0e3b0c\"},\"servers\":[{\"url\":\"https://dl.watson-orchestrate.ibm.com/asb/ads/rest-api/api/wo/automation/uab/Reorder_automation/master/Reorder_automation/Reorder_automation%2FNo%20min%20order%20notification/deploymentSpaces/preview/decisions/646000EUAI%2Fuab%2FReorder_automation%2FReorder_automation%2FNo%20min%20order%20notification%2Fmaster%2Fe27f0e3b0c/operations\"}],\"security\":[{\"IBM-WO-JWT\":[]}],\"paths\":{\"/NoMinOrderNotification-noMinOrderNotification/execute\":{\"post\":{\"tags\":[\"646000EUAI/uab/Reorder_automation/Reorder_automation/No min order notification/master/e27f0e3b0c\"],\"summary\":\"NoMinOrderNotification-noMinOrderNotification\",\"description\":\"Execute NoMinOrderNotification-noMinOrderNotification\",\"operationId\":\"NoMinOrderNotification-noMinOrderNotification\",\"requestBody\":{\"content\":{\"application/json\":{\"schema\":{\"$ref\":\"#/components/schemas/NoMinOrderNotification-noMinOrderNotification_input\"}}}},\"responses\":{\"200\":{\"description\":\"Decision execution success\",\"content\":{\"application/json\":{\"schema\":{\"$ref\":\"#/components/schemas/NoMinOrderNotification-noMinOrderNotification_output\"}}}},\"404\":{\"description\":\"A decision or decision operation was not found\",\"content\":{\"application/json\":{\"schema\":{\"$ref\":\"#/components/schemas/BaseError\"}}}},\"500\":{\"description\":\"A runtime exception occurred while executing a decision\",\"content\":{\"application/json\":{\"schema\":{\"$ref\":\"#/components/schemas/BaseError\"}}}}},\"x-ibm-uab-local-operation\":true}}},\"components\":{\"schemas\":{\"NoMinOrderNotification-noMinOrderNotification_input\":{\"type\":\"object\",\"properties\":{\"order_qty\":{\"type\":\"string\"}},\"x-ibm-parameter-wrapper\":true},\"NoMinOrderNotification-noMinOrderNotification_output\":{\"type\":\"object\",\"properties\":{\"generated_text\":{\"type\":\"string\"},\"generated_token_count\":{\"type\":\"integer\",\"format\":\"int32\"},\"input_token_count\":{\"type\":\"integer\",\"format\":\"int32\"},\"stop_reason\":{\"type\":\"string\"},\"error_code\":{\"type\":\"string\"},\"error_message\":{\"type\":\"string\"}},\"nullable\":true,\"x-ibm-parameter-wrapper\":true},\"BaseError\":{\"type\":\"object\",\"properties\":{\"output\":{\"type\":\"object\",\"description\":\"The output of the decision service archive.\",\"nullable\":true},\"incident\":{\"$ref\":\"#/components/schemas/Incident\"}},\"description\":\"The response when an error occurs\"},\"Incident\":{\"type\":\"object\",\"properties\":{\"incidentId\":{\"type\":\"string\",\"description\":\"A unique identifier for the incident\"},\"incidentCategory\":{\"type\":\"string\",\"description\":\"The category of the incident, for instance \\\"Decision not found\\\"\"},\"stackTrace\":{\"type\":\"string\",\"description\":\"An associated stack trace, if the decision runtime is configured to provide it. By default, the stack trace is null\"}},\"description\":\"The description of the failure\"}},\"securitySchemes\":{\"IBM-WO-JWT\":{\"type\":\"http\",\"scheme\":\"bearer\",\"bearerFormat\":\"IBM-Watsonx-Orchestrate-JWT\"}}}}",
    "poId" : "6023.1065d7d8-5504-4fc7-95d8-bc11b740fc24"
  }, {
    "WSDL_DATA" : {
      "repoUrl" : "repo://6023.e1dbbb5b-584c-4acf-89e6-7c7256626409/0e1139d7e007.xsd",
      "uid" : "6023.e1dbbb5b-584c-4acf-89e6-7c7256626409",
      "referenceLocation" : [ ],
      "data" : "<?xml version=\"1.0\" encoding=\"UTF-8\"?><xsd:schema xmlns:xsd=\"http://www.w3.org/2001/XMLSchema\" xmlns=\"http://www.ibm.com/xmlns/prod/bpm/bpmn/ext/externalservice/swagger/xsd/8b23c2a7-5489-402a-8a07-0e1139d7e007.xsd\" xmlns:ibmbpm=\"http://lombardi.ibm.com/schema/\" targetNamespace=\"http://www.ibm.com/xmlns/prod/bpm/bpmn/ext/externalservice/swagger/xsd/8b23c2a7-5489-402a-8a07-0e1139d7e007.xsd\">\n  <xsd:element name=\"NoMinOrderNotification_noMinOrderNotificationRequest\" type=\"NoMinOrderNotification_noMinOrderNotificationRequest\"/>\n  <xsd:element name=\"NoMinOrderNotification_noMinOrderNotificationResponse\" type=\"NoMinOrderNotification_noMinOrderNotificationResponse\"/>\n  <xsd:complexType name=\"NoMinOrderNotification-noMinOrderNotification_input\">\n    <xsd:sequence>\n      <xsd:element minOccurs=\"0\" name=\"order_qty\" type=\"xsd:string\">\n        <xsd:annotation optional=\"true\"/>\n      </xsd:element>\n    </xsd:sequence>\n  </xsd:complexType>\n  <xsd:complexType name=\"NoMinOrderNotification-noMinOrderNotification_output\">\n    <xsd:sequence>\n      <xsd:element minOccurs=\"0\" name=\"generated_text\" type=\"xsd:string\">\n        <xsd:annotation optional=\"true\"/>\n      </xsd:element>\n      <xsd:element minOccurs=\"0\" name=\"generated_token_count\" type=\"xsd:int\">\n        <xsd:annotation format=\"int32\" optional=\"true\"/>\n      </xsd:element>\n      <xsd:element minOccurs=\"0\" name=\"input_token_count\" type=\"xsd:int\">\n        <xsd:annotation format=\"int32\" optional=\"true\"/>\n      </xsd:element>\n      <xsd:element minOccurs=\"0\" name=\"stop_reason\" type=\"xsd:string\">\n        <xsd:annotation optional=\"true\"/>\n      </xsd:element>\n      <xsd:element minOccurs=\"0\" name=\"error_code\" type=\"xsd:string\">\n        <xsd:annotation optional=\"true\"/>\n      </xsd:element>\n      <xsd:element minOccurs=\"0\" name=\"error_message\" type=\"xsd:string\">\n        <xsd:annotation optional=\"true\"/>\n      </xsd:element>\n    </xsd:sequence>\n  </xsd:complexType>\n  <xsd:complexType name=\"NoMinOrderNotification_noMinOrderNotificationRequest\">\n    <xsd:sequence>\n      <xsd:element minOccurs=\"0\" name=\"order_qty\" type=\"xsd:string\">\n        <xsd:annotation optional=\"true\"/>\n      </xsd:element>\n    </xsd:sequence>\n  </xsd:complexType>\n  <xsd:complexType name=\"NoMinOrderNotification_noMinOrderNotificationResponse\">\n    <xsd:sequence>\n      <xsd:element minOccurs=\"0\" name=\"generated_text\" type=\"xsd:string\">\n        <xsd:annotation optional=\"true\"/>\n      </xsd:element>\n      <xsd:element minOccurs=\"0\" name=\"generated_token_count\" type=\"xsd:int\">\n        <xsd:annotation format=\"int32\" optional=\"true\"/>\n      </xsd:element>\n      <xsd:element minOccurs=\"0\" name=\"input_token_count\" type=\"xsd:int\">\n        <xsd:annotation format=\"int32\" optional=\"true\"/>\n      </xsd:element>\n      <xsd:element minOccurs=\"0\" name=\"stop_reason\" type=\"xsd:string\">\n        <xsd:annotation optional=\"true\"/>\n      </xsd:element>\n      <xsd:element minOccurs=\"0\" name=\"error_code\" type=\"xsd:string\">\n        <xsd:annotation optional=\"true\"/>\n      </xsd:element>\n      <xsd:element minOccurs=\"0\" name=\"error_message\" type=\"xsd:string\">\n        <xsd:annotation optional=\"true\"/>\n      </xsd:element>\n    </xsd:sequence>\n  </xsd:complexType>\n</xsd:schema>\n",
      "namespace" : "http://www.ibm.com/xmlns/prod/bpm/bpmn/ext/externalservice/swagger/xsd/8b23c2a7-5489-402a-8a07-0e1139d7e007.xsd",
      "type" : "xsd",
      "url" : "http://www.ibm.com/xmlns/prod/bpm/bpmn/ext/externalservice/swagger/xsd/8b23c2a7-5489-402a-8a07-0e1139d7e007.xsd"
    },
    "type" : "BPMService",
    "definitions" : "<?xml version=\"1.0\" encoding=\"UTF-8\"?><xsd:schema xmlns:xsd=\"http://www.w3.org/2001/XMLSchema\" xmlns=\"http://www.ibm.com/xmlns/prod/bpm/bpmn/ext/externalservice/swagger/xsd/8b23c2a7-5489-402a-8a07-0e1139d7e007.xsd\" xmlns:ibmbpm=\"http://lombardi.ibm.com/schema/\" targetNamespace=\"http://www.ibm.com/xmlns/prod/bpm/bpmn/ext/externalservice/swagger/xsd/8b23c2a7-5489-402a-8a07-0e1139d7e007.xsd\">\n  <xsd:element name=\"NoMinOrderNotification_noMinOrderNotificationRequest\" type=\"NoMinOrderNotification_noMinOrderNotificationRequest\"/>\n  <xsd:element name=\"NoMinOrderNotification_noMinOrderNotificationResponse\" type=\"NoMinOrderNotification_noMinOrderNotificationResponse\"/>\n  <xsd:complexType name=\"NoMinOrderNotification-noMinOrderNotification_input\">\n    <xsd:sequence>\n      <xsd:element minOccurs=\"0\" name=\"order_qty\" type=\"xsd:string\">\n        <xsd:annotation optional=\"true\"/>\n      </xsd:element>\n    </xsd:sequence>\n  </xsd:complexType>\n  <xsd:complexType name=\"NoMinOrderNotification-noMinOrderNotification_output\">\n    <xsd:sequence>\n      <xsd:element minOccurs=\"0\" name=\"generated_text\" type=\"xsd:string\">\n        <xsd:annotation optional=\"true\"/>\n      </xsd:element>\n      <xsd:element minOccurs=\"0\" name=\"generated_token_count\" type=\"xsd:int\">\n        <xsd:annotation format=\"int32\" optional=\"true\"/>\n      </xsd:element>\n      <xsd:element minOccurs=\"0\" name=\"input_token_count\" type=\"xsd:int\">\n        <xsd:annotation format=\"int32\" optional=\"true\"/>\n      </xsd:element>\n      <xsd:element minOccurs=\"0\" name=\"stop_reason\" type=\"xsd:string\">\n        <xsd:annotation optional=\"true\"/>\n      </xsd:element>\n      <xsd:element minOccurs=\"0\" name=\"error_code\" type=\"xsd:string\">\n        <xsd:annotation optional=\"true\"/>\n      </xsd:element>\n      <xsd:element minOccurs=\"0\" name=\"error_message\" type=\"xsd:string\">\n        <xsd:annotation optional=\"true\"/>\n      </xsd:element>\n    </xsd:sequence>\n  </xsd:complexType>\n  <xsd:complexType name=\"NoMinOrderNotification_noMinOrderNotificationRequest\">\n    <xsd:sequence>\n      <xsd:element minOccurs=\"0\" name=\"order_qty\" type=\"xsd:string\">\n        <xsd:annotation optional=\"true\"/>\n      </xsd:element>\n    </xsd:sequence>\n  </xsd:complexType>\n  <xsd:complexType name=\"NoMinOrderNotification_noMinOrderNotificationResponse\">\n    <xsd:sequence>\n      <xsd:element minOccurs=\"0\" name=\"generated_text\" type=\"xsd:string\">\n        <xsd:annotation optional=\"true\"/>\n      </xsd:element>\n      <xsd:element minOccurs=\"0\" name=\"generated_token_count\" type=\"xsd:int\">\n        <xsd:annotation format=\"int32\" optional=\"true\"/>\n      </xsd:element>\n      <xsd:element minOccurs=\"0\" name=\"input_token_count\" type=\"xsd:int\">\n        <xsd:annotation format=\"int32\" optional=\"true\"/>\n      </xsd:element>\n      <xsd:element minOccurs=\"0\" name=\"stop_reason\" type=\"xsd:string\">\n        <xsd:annotation optional=\"true\"/>\n      </xsd:element>\n      <xsd:element minOccurs=\"0\" name=\"error_code\" type=\"xsd:string\">\n        <xsd:annotation optional=\"true\"/>\n      </xsd:element>\n      <xsd:element minOccurs=\"0\" name=\"error_message\" type=\"xsd:string\">\n        <xsd:annotation optional=\"true\"/>\n      </xsd:element>\n    </xsd:sequence>\n  </xsd:complexType>\n</xsd:schema>\n",
    "poId" : "6023.e1dbbb5b-584c-4acf-89e6-7c7256626409"
  } ]
}