{
  "$schema" : "https://json-schema.org/draft/2019-09/schema",
  "$id" : "http://ibm.com/dba/projects/reorder_automation:dataModel/reorder_automation/datamodel/prediction.schema.json",
  "x-ibm-json-name" : "prediction",
  "x-ibm-package-name" : "reorder_automation.datamodel",
  "type" : "object",
  "title" : "prediction",
  "properties" : {
    "predictions" : {
      "title" : "prediction",
      "type" : [ "array", "null" ],
      "items" : {
        "type" : [ "number", "null" ],
        "format" : "double"
      }
    }
  }
}