{
  "$schema" : "https://json-schema.org/draft/2019-09/schema",
  "$id" : "http://ibm.com/dba/projects/reorder_automation:dataModel/com/ibm/wo/application/gmail/AttachmentsType.schema.json",
  "x-ibm-json-name" : "AttachmentsType",
  "x-ibm-package-name" : "com.ibm.wo.application.gmail",
  "type" : "object",
  "title" : "AttachmentsType",
  "x-ibm-original-json-name" : "create_mail.AttachmentsType",
  "properties" : {
    "content" : {
      "title" : "Content",
      "type" : [ "string", "null" ],
      "x-ibm-content-ref" : { }
    },
    "fileName" : {
      "title" : "File name",
      "type" : [ "string", "null" ]
    }
  }
}