{
  "$schema" : "https://json-schema.org/draft/2019-09/schema",
  "$id" : "http://ibm.com/dba/projects/reorder_automation:dataModel/com/ibm/wo/application/gmail/richTextBodyType.schema.json",
  "x-ibm-json-name" : "richTextBodyType",
  "x-ibm-package-name" : "com.ibm.wo.application.gmail",
  "type" : "object",
  "title" : "richTextBodyType",
  "x-ibm-original-json-name" : "create_mail.richTextBodyType",
  "properties" : {
    "content" : {
      "title" : "Content",
      "type" : [ "string", "null" ]
    },
    "contentType" : {
      "title" : "content type",
      "oneOf" : [ {
        "$ref" : "http://ibm.com/dba/projects/reorder_automation:dataModel/com/ibm/wo/application/gmail/contentTypeType.schema.json"
      }, {
        "type" : "null"
      } ]
    }
  }
}