{
  "WSDL_DATA" : {
    "repoUrl" : "repo://6023.4c09a3f2-baa0-4c74-aa9b-96f24cc267db/b773971df6e4.xsd",
    "uid" : "6023.4c09a3f2-baa0-4c74-aa9b-96f24cc267db",
    "referenceLocation" : [ ],
    "data" : "<?xml version=\"1.0\" encoding=\"UTF-8\"?><xsd:schema xmlns:xsd=\"http://www.w3.org/2001/XMLSchema\" xmlns=\"http://www.ibm.com/xmlns/prod/bpm/bpmn/ext/externalservice/swagger/xsd/896a6f5d-b71c-41b0-8f56-b773971df6e4.xsd\" xmlns:ibmbpm=\"http://lombardi.ibm.com/schema/\" targetNamespace=\"http://www.ibm.com/xmlns/prod/bpm/bpmn/ext/externalservice/swagger/xsd/896a6f5d-b71c-41b0-8f56-b773971df6e4.xsd\">\n  <xsd:element name=\"retrievewithwhere_Product2Request\" type=\"retrievewithwhere_Product2Request\"/>\n  <xsd:element name=\"retrievewithwhere_Product2Response\" type=\"retrievewithwhere_Product2Response\"/>\n  <xsd:complexType name=\"retrievewithwhere_Product2Request\">\n    <xsd:sequence>\n      <xsd:element minOccurs=\"0\" name=\"next_page_token\" type=\"xsd:string\">\n        <xsd:annotation optional=\"true\">\n          <xsd:documentation>token to obtain next set of records</xsd:documentation>\n        </xsd:annotation>\n      </xsd:element>\n      <xsd:element minOccurs=\"0\" name=\"filter\" type=\"xsd:string\">\n        <xsd:annotation optional=\"true\">\n          <xsd:documentation>The [`filter`](https://loopback.io/doc/en/lb4/Where-filter.html) is a type of filter clause that consists of one or more logical conditions to match, it is a way of achieving subsetting of data based on the specified conditions</xsd:documentation>\n        </xsd:annotation>\n      </xsd:element>\n    </xsd:sequence>\n  </xsd:complexType>\n  <xsd:complexType name=\"retrievewithwhere_Product2Response\">\n    <xsd:sequence>\n      <xsd:element minOccurs=\"0\" name=\"next\" type=\"nextType\" xpathBeforeFlattening=\"/xsd:schema/xsd:complexType[@name='retrievewithwhere_Product2Response']/xsd:sequence/xsd:element[@name='next']\">\n        <xsd:annotation optional=\"true\"/>\n      </xsd:element>\n      <xsd:element maxOccurs=\"unbounded\" minOccurs=\"0\" name=\"instances\" type=\"instancesType\" xpathBeforeFlattening=\"/xsd:schema/xsd:complexType[@name='retrievewithwhere_Product2Response']/xsd:sequence/xsd:element[@name='instances']\">\n        <xsd:annotation optional=\"true\"/>\n      </xsd:element>\n    </xsd:sequence>\n  </xsd:complexType>\n  <xsd:complexType name=\"nextType\">\n    <xsd:sequence>\n      <xsd:element minOccurs=\"0\" name=\"next_page_token\" type=\"xsd:string\">\n        <xsd:annotation optional=\"true\">\n          <xsd:documentation>For token-based pagination, the token to go to the next page</xsd:documentation>\n        </xsd:annotation>\n      </xsd:element>\n    </xsd:sequence>\n  </xsd:complexType>\n  <xsd:complexType name=\"instancesType\">\n    <xsd:sequence>\n      <xsd:element minOccurs=\"0\" name=\"Id\" type=\"xsd:string\">\n        <xsd:annotation optional=\"true\" title=\"Product ID\">\n          <xsd:documentation>The unique identifier of the product</xsd:documentation>\n        </xsd:annotation>\n      </xsd:element>\n      <xsd:element minOccurs=\"0\" name=\"Name\" type=\"xsd:string\">\n        <xsd:annotation optional=\"true\" title=\"Product name\">\n          <xsd:documentation>The name of the product</xsd:documentation>\n        </xsd:annotation>\n      </xsd:element>\n      <xsd:element minOccurs=\"0\" name=\"Type\" type=\"TypeType\" xpathBeforeFlattening=\"/xsd:schema/xsd:complexType[@name='retrievewithwhere_Product2Response']/xsd:sequence/xsd:element[@name='instances']/xsd:complexType/xsd:sequence/xsd:element[@name='Type']\">\n        <xsd:annotation optional=\"true\" title=\"Product Type\">\n          <xsd:documentation>Product Type</xsd:documentation>\n        </xsd:annotation>\n      </xsd:element>\n      <xsd:element minOccurs=\"0\" name=\"Family\" type=\"FamilyType\" xpathBeforeFlattening=\"/xsd:schema/xsd:complexType[@name='retrievewithwhere_Product2Response']/xsd:sequence/xsd:element[@name='instances']/xsd:complexType/xsd:sequence/xsd:element[@name='Family']\">\n        <xsd:annotation optional=\"true\" title=\"Product family\">\n          <xsd:documentation>The family or group the product belongs to</xsd:documentation>\n        </xsd:annotation>\n      </xsd:element>\n      <xsd:element minOccurs=\"0\" name=\"IsActive\" type=\"xsd:boolean\">\n        <xsd:annotation optional=\"true\" title=\"Active\">\n          <xsd:documentation>Whether the product is active</xsd:documentation>\n        </xsd:annotation>\n      </xsd:element>\n      <xsd:element minOccurs=\"0\" name=\"IsDeleted\" type=\"xsd:boolean\">\n        <xsd:annotation optional=\"true\" title=\"Deleted\">\n          <xsd:documentation>Deleted</xsd:documentation>\n        </xsd:annotation>\n      </xsd:element>\n      <xsd:element minOccurs=\"0\" name=\"DisplayUrl\" type=\"xsd:string\">\n        <xsd:annotation optional=\"true\" title=\"Display URL\">\n          <xsd:documentation>Display URL</xsd:documentation>\n        </xsd:annotation>\n      </xsd:element>\n      <xsd:element minOccurs=\"0\" name=\"ExternalId\" type=\"xsd:string\">\n        <xsd:annotation optional=\"true\" title=\"External ID\">\n          <xsd:documentation>External ID</xsd:documentation>\n        </xsd:annotation>\n      </xsd:element>\n      <xsd:element minOccurs=\"0\" name=\"IsArchived\" type=\"xsd:boolean\">\n        <xsd:annotation optional=\"true\" title=\"Archived\">\n          <xsd:documentation>Archived</xsd:documentation>\n        </xsd:annotation>\n      </xsd:element>\n      <xsd:element minOccurs=\"0\" name=\"CreatedById\" type=\"xsd:string\">\n        <xsd:annotation optional=\"true\" title=\"Created by ID\">\n          <xsd:documentation>The unique identifier of the user who created the product record</xsd:documentation>\n        </xsd:annotation>\n      </xsd:element>\n      <xsd:element minOccurs=\"0\" name=\"CreatedDate\" type=\"xsd:time\">\n        <xsd:annotation format=\"date-time\" optional=\"true\" title=\"Created date\">\n          <xsd:documentation>The date the product record was created</xsd:documentation>\n        </xsd:annotation>\n      </xsd:element>\n      <xsd:element minOccurs=\"0\" name=\"Description\" type=\"xsd:string\">\n        <xsd:annotation optional=\"true\" title=\"Product description\">\n          <xsd:documentation>A description of the product</xsd:documentation>\n        </xsd:annotation>\n      </xsd:element>\n      <xsd:element minOccurs=\"0\" name=\"ProductCode\" type=\"xsd:string\">\n        <xsd:annotation optional=\"true\" title=\"Product code\">\n          <xsd:documentation>The code of the product</xsd:documentation>\n        </xsd:annotation>\n      </xsd:element>\n      <xsd:element minOccurs=\"0\" name=\"ProductClass\" type=\"ProductClassType\" xpathBeforeFlattening=\"/xsd:schema/xsd:complexType[@name='retrievewithwhere_Product2Response']/xsd:sequence/xsd:element[@name='instances']/xsd:complexType/xsd:sequence/xsd:element[@name='ProductClass']\">\n        <xsd:annotation optional=\"true\" title=\"Product Class\">\n          <xsd:documentation>Product Class</xsd:documentation>\n        </xsd:annotation>\n      </xsd:element>\n      <xsd:element minOccurs=\"0\" name=\"LastViewedDate\" type=\"xsd:time\">\n        <xsd:annotation format=\"date-time\" optional=\"true\" title=\"Last viewed date\">\n          <xsd:documentation>When the product record was last viewed</xsd:documentation>\n        </xsd:annotation>\n      </xsd:element>\n      <xsd:element minOccurs=\"0\" name=\"SystemModstamp\" type=\"xsd:time\">\n        <xsd:annotation format=\"date-time\" optional=\"true\" title=\"System modstamp\">\n          <xsd:documentation>The date and time when a record was last modified by a user or by an automated process (such as a trigger)</xsd:documentation>\n        </xsd:annotation>\n      </xsd:element>\n      <xsd:element minOccurs=\"0\" name=\"LastModifiedById\" type=\"xsd:string\">\n        <xsd:annotation optional=\"true\" title=\"Last modified by ID\">\n          <xsd:documentation>The unique identifier of the user who last modified the product record</xsd:documentation>\n        </xsd:annotation>\n      </xsd:element>\n      <xsd:element minOccurs=\"0\" name=\"LastModifiedDate\" type=\"xsd:time\">\n        <xsd:annotation format=\"date-time\" optional=\"true\" title=\"Last modified date\">\n          <xsd:documentation>The date when the product record was last modified</xsd:documentation>\n        </xsd:annotation>\n      </xsd:element>\n      <xsd:element minOccurs=\"0\" name=\"StockKeepingUnit\" type=\"xsd:string\">\n        <xsd:annotation optional=\"true\" title=\"Product SKU\">\n          <xsd:documentation>Product SKU</xsd:documentation>\n        </xsd:annotation>\n      </xsd:element>\n      <xsd:element minOccurs=\"0\" name=\"Product_Amount__c\" type=\"xsd:double\">\n        <xsd:annotation format=\"double\" optional=\"true\" title=\"Product Amount\">\n          <xsd:documentation>Product Amount</xsd:documentation>\n        </xsd:annotation>\n      </xsd:element>\n      <xsd:element minOccurs=\"0\" name=\"LastReferencedDate\" type=\"xsd:time\">\n        <xsd:annotation format=\"date-time\" optional=\"true\" title=\"Last referenced date\">\n          <xsd:documentation>When the product was last referred to</xsd:documentation>\n        </xsd:annotation>\n      </xsd:element>\n      <xsd:element minOccurs=\"0\" name=\"ExternalDataSourceId\" type=\"xsd:string\">\n        <xsd:annotation optional=\"true\" title=\"External data source ID\">\n          <xsd:documentation>External data source ID</xsd:documentation>\n        </xsd:annotation>\n      </xsd:element>\n      <xsd:element minOccurs=\"0\" name=\"QuantityUnitOfMeasure\" type=\"QuantityUnitOfMeasureType\" xpathBeforeFlattening=\"/xsd:schema/xsd:complexType[@name='retrievewithwhere_Product2Response']/xsd:sequence/xsd:element[@name='instances']/xsd:complexType/xsd:sequence/xsd:element[@name='QuantityUnitOfMeasure']\">\n        <xsd:annotation optional=\"true\" title=\"Quantity unit of measure\">\n          <xsd:documentation>Quantity unit of measure</xsd:documentation>\n        </xsd:annotation>\n      </xsd:element>\n    </xsd:sequence>\n  </xsd:complexType>\n  <xsd:simpleType name=\"TypeType\">\n    <xsd:restriction base=\"xsd:string\">\n      <xsd:enumeration value=\"Base\"/>\n      <xsd:enumeration value=\"Bundle\"/>\n      <xsd:enumeration value=\"Set\"/>\n    </xsd:restriction>\n  </xsd:simpleType>\n  <xsd:simpleType name=\"FamilyType\">\n    <xsd:restriction base=\"xsd:string\">\n      <xsd:enumeration value=\"None\"/>\n    </xsd:restriction>\n  </xsd:simpleType>\n  <xsd:simpleType name=\"ProductClassType\">\n    <xsd:restriction base=\"xsd:string\">\n      <xsd:enumeration value=\"Simple\"/>\n      <xsd:enumeration value=\"VariationParent\"/>\n      <xsd:enumeration value=\"Variation\"/>\n      <xsd:enumeration value=\"Bundle\"/>\n      <xsd:enumeration value=\"Set\"/>\n    </xsd:restriction>\n  </xsd:simpleType>\n  <xsd:simpleType name=\"QuantityUnitOfMeasureType\">\n    <xsd:restriction base=\"xsd:string\">\n      <xsd:enumeration value=\"Each\"/>\n    </xsd:restriction>\n  </xsd:simpleType>\n</xsd:schema>\n",
    "namespace" : "http://www.ibm.com/xmlns/prod/bpm/bpmn/ext/externalservice/swagger/xsd/896a6f5d-b71c-41b0-8f56-b773971df6e4.xsd",
    "type" : "xsd",
    "url" : "http://www.ibm.com/xmlns/prod/bpm/bpmn/ext/externalservice/swagger/xsd/896a6f5d-b71c-41b0-8f56-b773971df6e4.xsd"
  },
  "type" : "BPMService",
  "definitions" : "<?xml version=\"1.0\" encoding=\"UTF-8\"?><xsd:schema xmlns:xsd=\"http://www.w3.org/2001/XMLSchema\" xmlns=\"http://www.ibm.com/xmlns/prod/bpm/bpmn/ext/externalservice/swagger/xsd/896a6f5d-b71c-41b0-8f56-b773971df6e4.xsd\" xmlns:ibmbpm=\"http://lombardi.ibm.com/schema/\" targetNamespace=\"http://www.ibm.com/xmlns/prod/bpm/bpmn/ext/externalservice/swagger/xsd/896a6f5d-b71c-41b0-8f56-b773971df6e4.xsd\">\n  <xsd:element name=\"retrievewithwhere_Product2Request\" type=\"retrievewithwhere_Product2Request\"/>\n  <xsd:element name=\"retrievewithwhere_Product2Response\" type=\"retrievewithwhere_Product2Response\"/>\n  <xsd:complexType name=\"retrievewithwhere_Product2Request\">\n    <xsd:sequence>\n      <xsd:element minOccurs=\"0\" name=\"next_page_token\" type=\"xsd:string\">\n        <xsd:annotation optional=\"true\">\n          <xsd:documentation>token to obtain next set of records</xsd:documentation>\n        </xsd:annotation>\n      </xsd:element>\n      <xsd:element minOccurs=\"0\" name=\"filter\" type=\"xsd:string\">\n        <xsd:annotation optional=\"true\">\n          <xsd:documentation>The [`filter`](https://loopback.io/doc/en/lb4/Where-filter.html) is a type of filter clause that consists of one or more logical conditions to match, it is a way of achieving subsetting of data based on the specified conditions</xsd:documentation>\n        </xsd:annotation>\n      </xsd:element>\n    </xsd:sequence>\n  </xsd:complexType>\n  <xsd:complexType name=\"retrievewithwhere_Product2Response\">\n    <xsd:sequence>\n      <xsd:element minOccurs=\"0\" name=\"next\" type=\"nextType\" xpathBeforeFlattening=\"/xsd:schema/xsd:complexType[@name='retrievewithwhere_Product2Response']/xsd:sequence/xsd:element[@name='next']\">\n        <xsd:annotation optional=\"true\"/>\n      </xsd:element>\n      <xsd:element maxOccurs=\"unbounded\" minOccurs=\"0\" name=\"instances\" type=\"instancesType\" xpathBeforeFlattening=\"/xsd:schema/xsd:complexType[@name='retrievewithwhere_Product2Response']/xsd:sequence/xsd:element[@name='instances']\">\n        <xsd:annotation optional=\"true\"/>\n      </xsd:element>\n    </xsd:sequence>\n  </xsd:complexType>\n  <xsd:complexType name=\"nextType\">\n    <xsd:sequence>\n      <xsd:element minOccurs=\"0\" name=\"next_page_token\" type=\"xsd:string\">\n        <xsd:annotation optional=\"true\">\n          <xsd:documentation>For token-based pagination, the token to go to the next page</xsd:documentation>\n        </xsd:annotation>\n      </xsd:element>\n    </xsd:sequence>\n  </xsd:complexType>\n  <xsd:complexType name=\"instancesType\">\n    <xsd:sequence>\n      <xsd:element minOccurs=\"0\" name=\"Id\" type=\"xsd:string\">\n        <xsd:annotation optional=\"true\" title=\"Product ID\">\n          <xsd:documentation>The unique identifier of the product</xsd:documentation>\n        </xsd:annotation>\n      </xsd:element>\n      <xsd:element minOccurs=\"0\" name=\"Name\" type=\"xsd:string\">\n        <xsd:annotation optional=\"true\" title=\"Product name\">\n          <xsd:documentation>The name of the product</xsd:documentation>\n        </xsd:annotation>\n      </xsd:element>\n      <xsd:element minOccurs=\"0\" name=\"Type\" type=\"TypeType\" xpathBeforeFlattening=\"/xsd:schema/xsd:complexType[@name='retrievewithwhere_Product2Response']/xsd:sequence/xsd:element[@name='instances']/xsd:complexType/xsd:sequence/xsd:element[@name='Type']\">\n        <xsd:annotation optional=\"true\" title=\"Product Type\">\n          <xsd:documentation>Product Type</xsd:documentation>\n        </xsd:annotation>\n      </xsd:element>\n      <xsd:element minOccurs=\"0\" name=\"Family\" type=\"FamilyType\" xpathBeforeFlattening=\"/xsd:schema/xsd:complexType[@name='retrievewithwhere_Product2Response']/xsd:sequence/xsd:element[@name='instances']/xsd:complexType/xsd:sequence/xsd:element[@name='Family']\">\n        <xsd:annotation optional=\"true\" title=\"Product family\">\n          <xsd:documentation>The family or group the product belongs to</xsd:documentation>\n        </xsd:annotation>\n      </xsd:element>\n      <xsd:element minOccurs=\"0\" name=\"IsActive\" type=\"xsd:boolean\">\n        <xsd:annotation optional=\"true\" title=\"Active\">\n          <xsd:documentation>Whether the product is active</xsd:documentation>\n        </xsd:annotation>\n      </xsd:element>\n      <xsd:element minOccurs=\"0\" name=\"IsDeleted\" type=\"xsd:boolean\">\n        <xsd:annotation optional=\"true\" title=\"Deleted\">\n          <xsd:documentation>Deleted</xsd:documentation>\n        </xsd:annotation>\n      </xsd:element>\n      <xsd:element minOccurs=\"0\" name=\"DisplayUrl\" type=\"xsd:string\">\n        <xsd:annotation optional=\"true\" title=\"Display URL\">\n          <xsd:documentation>Display URL</xsd:documentation>\n        </xsd:annotation>\n      </xsd:element>\n      <xsd:element minOccurs=\"0\" name=\"ExternalId\" type=\"xsd:string\">\n        <xsd:annotation optional=\"true\" title=\"External ID\">\n          <xsd:documentation>External ID</xsd:documentation>\n        </xsd:annotation>\n      </xsd:element>\n      <xsd:element minOccurs=\"0\" name=\"IsArchived\" type=\"xsd:boolean\">\n        <xsd:annotation optional=\"true\" title=\"Archived\">\n          <xsd:documentation>Archived</xsd:documentation>\n        </xsd:annotation>\n      </xsd:element>\n      <xsd:element minOccurs=\"0\" name=\"CreatedById\" type=\"xsd:string\">\n        <xsd:annotation optional=\"true\" title=\"Created by ID\">\n          <xsd:documentation>The unique identifier of the user who created the product record</xsd:documentation>\n        </xsd:annotation>\n      </xsd:element>\n      <xsd:element minOccurs=\"0\" name=\"CreatedDate\" type=\"xsd:time\">\n        <xsd:annotation format=\"date-time\" optional=\"true\" title=\"Created date\">\n          <xsd:documentation>The date the product record was created</xsd:documentation>\n        </xsd:annotation>\n      </xsd:element>\n      <xsd:element minOccurs=\"0\" name=\"Description\" type=\"xsd:string\">\n        <xsd:annotation optional=\"true\" title=\"Product description\">\n          <xsd:documentation>A description of the product</xsd:documentation>\n        </xsd:annotation>\n      </xsd:element>\n      <xsd:element minOccurs=\"0\" name=\"ProductCode\" type=\"xsd:string\">\n        <xsd:annotation optional=\"true\" title=\"Product code\">\n          <xsd:documentation>The code of the product</xsd:documentation>\n        </xsd:annotation>\n      </xsd:element>\n      <xsd:element minOccurs=\"0\" name=\"ProductClass\" type=\"ProductClassType\" xpathBeforeFlattening=\"/xsd:schema/xsd:complexType[@name='retrievewithwhere_Product2Response']/xsd:sequence/xsd:element[@name='instances']/xsd:complexType/xsd:sequence/xsd:element[@name='ProductClass']\">\n        <xsd:annotation optional=\"true\" title=\"Product Class\">\n          <xsd:documentation>Product Class</xsd:documentation>\n        </xsd:annotation>\n      </xsd:element>\n      <xsd:element minOccurs=\"0\" name=\"LastViewedDate\" type=\"xsd:time\">\n        <xsd:annotation format=\"date-time\" optional=\"true\" title=\"Last viewed date\">\n          <xsd:documentation>When the product record was last viewed</xsd:documentation>\n        </xsd:annotation>\n      </xsd:element>\n      <xsd:element minOccurs=\"0\" name=\"SystemModstamp\" type=\"xsd:time\">\n        <xsd:annotation format=\"date-time\" optional=\"true\" title=\"System modstamp\">\n          <xsd:documentation>The date and time when a record was last modified by a user or by an automated process (such as a trigger)</xsd:documentation>\n        </xsd:annotation>\n      </xsd:element>\n      <xsd:element minOccurs=\"0\" name=\"LastModifiedById\" type=\"xsd:string\">\n        <xsd:annotation optional=\"true\" title=\"Last modified by ID\">\n          <xsd:documentation>The unique identifier of the user who last modified the product record</xsd:documentation>\n        </xsd:annotation>\n      </xsd:element>\n      <xsd:element minOccurs=\"0\" name=\"LastModifiedDate\" type=\"xsd:time\">\n        <xsd:annotation format=\"date-time\" optional=\"true\" title=\"Last modified date\">\n          <xsd:documentation>The date when the product record was last modified</xsd:documentation>\n        </xsd:annotation>\n      </xsd:element>\n      <xsd:element minOccurs=\"0\" name=\"StockKeepingUnit\" type=\"xsd:string\">\n        <xsd:annotation optional=\"true\" title=\"Product SKU\">\n          <xsd:documentation>Product SKU</xsd:documentation>\n        </xsd:annotation>\n      </xsd:element>\n      <xsd:element minOccurs=\"0\" name=\"Product_Amount__c\" type=\"xsd:double\">\n        <xsd:annotation format=\"double\" optional=\"true\" title=\"Product Amount\">\n          <xsd:documentation>Product Amount</xsd:documentation>\n        </xsd:annotation>\n      </xsd:element>\n      <xsd:element minOccurs=\"0\" name=\"LastReferencedDate\" type=\"xsd:time\">\n        <xsd:annotation format=\"date-time\" optional=\"true\" title=\"Last referenced date\">\n          <xsd:documentation>When the product was last referred to</xsd:documentation>\n        </xsd:annotation>\n      </xsd:element>\n      <xsd:element minOccurs=\"0\" name=\"ExternalDataSourceId\" type=\"xsd:string\">\n        <xsd:annotation optional=\"true\" title=\"External data source ID\">\n          <xsd:documentation>External data source ID</xsd:documentation>\n        </xsd:annotation>\n      </xsd:element>\n      <xsd:element minOccurs=\"0\" name=\"QuantityUnitOfMeasure\" type=\"QuantityUnitOfMeasureType\" xpathBeforeFlattening=\"/xsd:schema/xsd:complexType[@name='retrievewithwhere_Product2Response']/xsd:sequence/xsd:element[@name='instances']/xsd:complexType/xsd:sequence/xsd:element[@name='QuantityUnitOfMeasure']\">\n        <xsd:annotation optional=\"true\" title=\"Quantity unit of measure\">\n          <xsd:documentation>Quantity unit of measure</xsd:documentation>\n        </xsd:annotation>\n      </xsd:element>\n    </xsd:sequence>\n  </xsd:complexType>\n  <xsd:simpleType name=\"TypeType\">\n    <xsd:restriction base=\"xsd:string\">\n      <xsd:enumeration value=\"Base\"/>\n      <xsd:enumeration value=\"Bundle\"/>\n      <xsd:enumeration value=\"Set\"/>\n    </xsd:restriction>\n  </xsd:simpleType>\n  <xsd:simpleType name=\"FamilyType\">\n    <xsd:restriction base=\"xsd:string\">\n      <xsd:enumeration value=\"None\"/>\n    </xsd:restriction>\n  </xsd:simpleType>\n  <xsd:simpleType name=\"ProductClassType\">\n    <xsd:restriction base=\"xsd:string\">\n      <xsd:enumeration value=\"Simple\"/>\n      <xsd:enumeration value=\"VariationParent\"/>\n      <xsd:enumeration value=\"Variation\"/>\n      <xsd:enumeration value=\"Bundle\"/>\n      <xsd:enumeration value=\"Set\"/>\n    </xsd:restriction>\n  </xsd:simpleType>\n  <xsd:simpleType name=\"QuantityUnitOfMeasureType\">\n    <xsd:restriction base=\"xsd:string\">\n      <xsd:enumeration value=\"Each\"/>\n    </xsd:restriction>\n  </xsd:simpleType>\n</xsd:schema>\n",
  "poId" : "6023.4c09a3f2-baa0-4c74-aa9b-96f24cc267db"
}