{
  "META_AUTOMATION_SERVICE_REST_BINDING_VALUES_REF_ID" : "62.c6203e24-6268-47db-a652-5eeafc80c868",
  "META_AUTOMATION_SERVICE_REST_BINDING_VALUES" : {
    "consumeDefaultVersion" : true
  },
  "type" : "BPMService",
  "definitions" : {
    "rootElement" : [ {
      "documentation" : [ {
        "content" : [ "An API for managing orders and price books in Salesforce." ],
        "textFormat" : "text/plain"
      } ],
      "name" : "IFace.2f4d7712-ffdf-4dee-b286-caf84f21e0f8",
      "declaredType" : "interface",
      "id" : "_8bf56150-c7ec-47e5-abf1-eb7a7262017d",
      "operation" : [ {
        "extensionElements" : {
          "sfPOId" : [ "1.9587a447-e6e3-40b2-a485-32cab325bb13" ],
          "businessSignature" : [ {
            "output" : [ {
              "path" : "fetchPriceBooks",
              "name" : "fetchPriceBooks",
              "isCollection" : false,
              "description" : "List of price books",
              "httpResponseCode" : "200",
              "declaredType" : "com.ibm.bpmsdk.model.bpmn20.ibmextauth.TParameter",
              "id" : "_0041b0ff-5b42-4384-81c8-0f33ad889956",
              "isOptional" : false,
              "typeRefPO" : "http://ibm.com/dba/projects/reorder_automation:dataModel/com/ibm/wo/application/HASHb17fbb5ed4e549bfdbf539b5a08fb44a_app_c73451bc04c84958aa4a049c338df912/fetchPriceBooks_200Type.schema.json",
              "typeRef" : "{http://www.ibm.com/xmlns/prod/bpm/bpmn/ext/externalservice/swagger/xsd/37d41870-817c-4545-b1fb-b6e4f1d2d7ef.xsd}fetchPriceBooks_200Type"
            } ],
            "declaredType" : "com.ibm.bpmsdk.model.bpmn20.ibmextauth.TSignature"
          } ]
        },
        "documentation" : [ {
          "content" : [ "An API for managing orders and price books in Salesforce." ],
          "textFormat" : "text/plain"
        } ],
        "name" : "fetchPriceBooks",
        "id" : "_a35b2cf0-22f3-4e23-8d81-e58a60e8d49a"
      } ]
    }, {
      "extensionElements" : {
        "externalService" : [ {
          "automationServiceRestBinding" : {
            "skillId" : "Salesforce-Custom-Skills-Version2__1.0.0__fetchPriceBooks",
            "invocationType" : "SKILL",
            "org" : "uab",
            "bindingEnvVarSetRef" : "62.c6203e24-6268-47db-a652-5eeafc80c868",
            "displayVersion" : "head",
            "name" : "Salesforce Custom Skills Version2",
            "project" : "Salesforce-Custom-Skills-Version2__1.0.0__fetchPriceBooks",
            "applicationId" : "app-c73451bc04c84958aa4a049c338df912",
            "canUseDefaultVersion" : true,
            "type" : "workflow",
            "version" : "head",
            "restBinding" : {
              "swaggerRef" : "{http://www.ibm.com/xmlns/prod/bpm/bpmn/ext/externalservice/swagger/37d41870-817c-4545-b1fb-b6e4f1d2d7efService}6023.686d74e3-37c4-48b3-849d-db2384ff6d59",
              "openAPIVersion" : "v3"
            }
          },
          "cachingType" : false,
          "name" : "Salesforce Custom Skills Version2",
          "interfaceRef" : "_8bf56150-c7ec-47e5-abf1-eb7a7262017d",
          "declaredType" : "com.ibm.bpmsdk.model.bpmn20.ibmextservice.TExternalService",
          "id" : "_7b1cd9c0-311f-41f2-a9a5-09b8b9e1b8a0"
        } ]
      },
      "declaredType" : "endPoint"
    } ],
    "targetNamespace" : "http://www.ibm.com/xmlns/prod/bpm/bpmn/ext/externalservice/swagger/37d41870-817c-4545-b1fb-b6e4f1d2d7efService",
    "typeLanguage" : "http://www.w3.org/2001/XMLSchema",
    "expressionLanguage" : "http://www.ibm.com/xmlns/prod/bpm/expression-lang/javascript",
    "id" : "_397123c1-7144-4069-b3ad-56739d0f4a72"
  },
  "poId" : "1.d287405f-8fcf-45a1-846e-0af2057f01ec",
  "REFERENCES" : [ "file:/opt/ibm/wlp/output/defaultServer/temp/automationServiceDiscovery16306028793803325350.json", "http://www.ibm.com/xmlns/prod/bpm/bpmn/ext/externalservice/swagger/xsd/37d41870-817c-4545-b1fb-b6e4f1d2d7ef.xsd", "{http://www.ibm.com/xmlns/prod/bpm/bpmn/ext/externalservice/swagger/37d41870-817c-4545-b1fb-b6e4f1d2d7efService}fetchPriceBooksRequestMsg", "{http://www.ibm.com/xmlns/prod/bpm/bpmn/ext/externalservice/swagger/37d41870-817c-4545-b1fb-b6e4f1d2d7efService}fetchPriceBooksResponseMsg" ]
}