{
  "root_poid" : "1.d287405f-8fcf-45a1-846e-0af2057f01ec",
  "artifacts" : [ {
    "META_AUTOMATION_SERVICE_REST_BINDING_VALUES_REF_ID" : "62.c6203e24-6268-47db-a652-5eeafc80c868",
    "META_AUTOMATION_SERVICE_REST_BINDING_VALUES" : {
      "consumeDefaultVersion" : true
    },
    "type" : "BPMService",
    "definitions" : {
      "rootElement" : [ {
        "documentation" : [ {
          "content" : [ "An API for managing orders and price books in Salesforce." ],
          "textFormat" : "text/plain"
        } ],
        "name" : "IFace.2f4d7712-ffdf-4dee-b286-caf84f21e0f8",
        "declaredType" : "interface",
        "id" : "_8bf56150-c7ec-47e5-abf1-eb7a7262017d",
        "operation" : [ {
          "extensionElements" : {
            "sfPOId" : [ "1.9587a447-e6e3-40b2-a485-32cab325bb13" ],
            "businessSignature" : [ {
              "output" : [ {
                "path" : "fetchPriceBooks",
                "name" : "fetchPriceBooks",
                "isCollection" : false,
                "description" : "List of price books",
                "httpResponseCode" : "200",
                "declaredType" : "com.ibm.bpmsdk.model.bpmn20.ibmextauth.TParameter",
                "id" : "_0041b0ff-5b42-4384-81c8-0f33ad889956",
                "isOptional" : false,
                "typeRefPO" : "http://ibm.com/dba/projects/reorder_automation:dataModel/com/ibm/wo/application/HASHb17fbb5ed4e549bfdbf539b5a08fb44a_app_c73451bc04c84958aa4a049c338df912/fetchPriceBooks_200Type.schema.json",
                "typeRef" : "{http://www.ibm.com/xmlns/prod/bpm/bpmn/ext/externalservice/swagger/xsd/37d41870-817c-4545-b1fb-b6e4f1d2d7ef.xsd}fetchPriceBooks_200Type"
              } ],
              "declaredType" : "com.ibm.bpmsdk.model.bpmn20.ibmextauth.TSignature"
            } ]
          },
          "documentation" : [ {
            "content" : [ "An API for managing orders and price books in Salesforce." ],
            "textFormat" : "text/plain"
          } ],
          "name" : "fetchPriceBooks",
          "id" : "_a35b2cf0-22f3-4e23-8d81-e58a60e8d49a"
        } ]
      }, {
        "extensionElements" : {
          "externalService" : [ {
            "automationServiceRestBinding" : {
              "skillId" : "Salesforce-Custom-Skills-Version2__1.0.0__fetchPriceBooks",
              "invocationType" : "SKILL",
              "org" : "uab",
              "bindingEnvVarSetRef" : "62.c6203e24-6268-47db-a652-5eeafc80c868",
              "displayVersion" : "head",
              "name" : "Salesforce Custom Skills Version2",
              "project" : "Salesforce-Custom-Skills-Version2__1.0.0__fetchPriceBooks",
              "applicationId" : "app-c73451bc04c84958aa4a049c338df912",
              "canUseDefaultVersion" : true,
              "type" : "workflow",
              "version" : "head",
              "restBinding" : {
                "swaggerRef" : "{http://www.ibm.com/xmlns/prod/bpm/bpmn/ext/externalservice/swagger/37d41870-817c-4545-b1fb-b6e4f1d2d7efService}6023.686d74e3-37c4-48b3-849d-db2384ff6d59",
                "openAPIVersion" : "v3"
              }
            },
            "cachingType" : false,
            "name" : "Salesforce Custom Skills Version2",
            "interfaceRef" : "_8bf56150-c7ec-47e5-abf1-eb7a7262017d",
            "declaredType" : "com.ibm.bpmsdk.model.bpmn20.ibmextservice.TExternalService",
            "id" : "_7b1cd9c0-311f-41f2-a9a5-09b8b9e1b8a0"
          } ]
        },
        "declaredType" : "endPoint"
      } ],
      "targetNamespace" : "http://www.ibm.com/xmlns/prod/bpm/bpmn/ext/externalservice/swagger/37d41870-817c-4545-b1fb-b6e4f1d2d7efService",
      "typeLanguage" : "http://www.w3.org/2001/XMLSchema",
      "expressionLanguage" : "http://www.ibm.com/xmlns/prod/bpm/expression-lang/javascript",
      "id" : "_397123c1-7144-4069-b3ad-56739d0f4a72"
    },
    "poId" : "1.d287405f-8fcf-45a1-846e-0af2057f01ec",
    "REFERENCES" : [ "file:/opt/ibm/wlp/output/defaultServer/temp/automationServiceDiscovery16306028793803325350.json", "http://www.ibm.com/xmlns/prod/bpm/bpmn/ext/externalservice/swagger/xsd/37d41870-817c-4545-b1fb-b6e4f1d2d7ef.xsd", "{http://www.ibm.com/xmlns/prod/bpm/bpmn/ext/externalservice/swagger/37d41870-817c-4545-b1fb-b6e4f1d2d7efService}fetchPriceBooksRequestMsg", "{http://www.ibm.com/xmlns/prod/bpm/bpmn/ext/externalservice/swagger/37d41870-817c-4545-b1fb-b6e4f1d2d7efService}fetchPriceBooksResponseMsg" ]
  }, {
    "WSDL_DATA" : {
      "repoUrl" : "repo://6023.686d74e3-37c4-48b3-849d-db2384ff6d59/.wsdl",
      "uid" : "6023.686d74e3-37c4-48b3-849d-db2384ff6d59",
      "referenceLocation" : [ {
        "absoluteLocation" : "repo://6023.69975515-e413-4c0e-8907-db25148bac87/b6e4f1d2d7ef.xsd",
        "relativeLocation" : "/37d41870-817c-4545-b1fb-b6e4f1d2d7ef.xsd"
      } ],
      "data" : "{\"openapi\":\"3.0.1\",\"info\":{\"title\":\"Salesforce Custom Skills Version2\",\"description\":\"An API for managing orders and price books in Salesforce.\",\"version\":\"1.0.0\",\"x-ibm-skill-type\":\"imported\",\"x-ibm-annotations\":\"true\",\"x-ibm-skill-subtype\":\"public\",\"x-ibm-application-id\":\"app-c73451bc04c84958aa4a049c338df912\",\"x-ibm-application-name\":\"Salesforce Custom Skills Version2\"},\"servers\":[{\"url\":\"https://dl.watson-orchestrate.ibm.com/asb/uabskillproxy\"}],\"security\":[{\"IBM-WO-JWT\":[]}],\"paths\":{\"/invoke/skill/Salesforce-Custom-Skills-Version2__1.0.0__fetchPriceBooks\":{\"post\":{\"tags\":[\"Salesforce\"],\"summary\":\"Fetch all price books from salesforce\",\"description\":\"An API for managing orders and price books in Salesforce.\",\"operationId\":\"fetchPriceBooks\",\"responses\":{\"200\":{\"description\":\"List of price books\",\"content\":{\"application/json\":{\"schema\":{\"type\":\"object\",\"properties\":{\"price_books\":{\"type\":\"array\",\"items\":{\"type\":\"object\",\"properties\":{\"uab_Product_Name\":{\"type\":\"string\",\"x-ibm-order\":3,\"x-ibm-original-property-name\":\"Product Name\"},\"uab_Unit_Price\":{\"type\":\"number\",\"x-ibm-order\":1,\"x-ibm-original-property-name\":\"Unit Price\"},\"uab_Pricebook_ID\":{\"type\":\"string\",\"x-ibm-order\":2,\"x-ibm-original-property-name\":\"Pricebook ID\"},\"uab_Pricebook_Name\":{\"type\":\"string\",\"x-ibm-order\":4,\"x-ibm-original-property-name\":\"Pricebook Name\"}}}}}}}}}},\"x-ibm-next-actions\":[],\"x-ibm-nl-intent-examples\":[\"Fetch all price books from salesforce\"],\"x-ibm-conversational-skill\":true}}},\"components\":{\"schemas\":{\"OrdersResponse\":{\"type\":\"object\",\"properties\":{\"order_result\":{\"type\":\"array\",\"items\":{\"type\":\"object\",\"properties\":{\"Id\":{\"type\":\"string\"},\"OrderNumber\":{\"type\":\"string\"},\"TotalAmount\":{\"type\":\"number\"}}}}}},\"NewOrderResponse\":{\"type\":\"object\",\"properties\":{\"order_id\":{\"type\":\"string\",\"description\":\"ID of the newly created order\"}}},\"OrderItemResponse\":{\"type\":\"object\",\"properties\":{\"message\":{\"type\":\"string\",\"description\":\"Response message\"}}},\"PriceBooksResponse\":{\"type\":\"object\",\"properties\":{\"price_books\":{\"type\":\"array\",\"items\":{\"type\":\"object\",\"properties\":{\"uab_Product_Name\":{\"type\":\"string\",\"x-ibm-original-property-name\":\"Product Name\"},\"uab_Unit_Price\":{\"type\":\"number\",\"x-ibm-original-property-name\":\"Unit Price\"},\"uab_Pricebook_ID\":{\"type\":\"string\",\"x-ibm-original-property-name\":\"Pricebook ID\"},\"uab_Pricebook_Name\":{\"type\":\"string\",\"x-ibm-original-property-name\":\"Pricebook Name\"}}}}}}},\"securitySchemes\":{\"IBM-WO-JWT\":{\"type\":\"http\",\"scheme\":\"bearer\",\"bearerFormat\":\"IBM-Watsonx-Orchestrate-JWT\"}}}}",
      "namespace" : "http://www.ibm.com/xmlns/prod/bpm/bpmn/ext/externalservice/swagger/37d41870-817c-4545-b1fb-b6e4f1d2d7efService",
      "type" : "swagger",
      "url" : "file:/opt/ibm/wlp/output/defaultServer/temp/automationServiceDiscovery16306028793803325350.json"
    },
    "type" : "BPMService",
    "definitions" : "{\"openapi\":\"3.0.1\",\"info\":{\"title\":\"Salesforce Custom Skills Version2\",\"description\":\"An API for managing orders and price books in Salesforce.\",\"version\":\"1.0.0\",\"x-ibm-skill-type\":\"imported\",\"x-ibm-annotations\":\"true\",\"x-ibm-skill-subtype\":\"public\",\"x-ibm-application-id\":\"app-c73451bc04c84958aa4a049c338df912\",\"x-ibm-application-name\":\"Salesforce Custom Skills Version2\"},\"servers\":[{\"url\":\"https://dl.watson-orchestrate.ibm.com/asb/uabskillproxy\"}],\"security\":[{\"IBM-WO-JWT\":[]}],\"paths\":{\"/invoke/skill/Salesforce-Custom-Skills-Version2__1.0.0__fetchPriceBooks\":{\"post\":{\"tags\":[\"Salesforce\"],\"summary\":\"Fetch all price books from salesforce\",\"description\":\"An API for managing orders and price books in Salesforce.\",\"operationId\":\"fetchPriceBooks\",\"responses\":{\"200\":{\"description\":\"List of price books\",\"content\":{\"application/json\":{\"schema\":{\"type\":\"object\",\"properties\":{\"price_books\":{\"type\":\"array\",\"items\":{\"type\":\"object\",\"properties\":{\"uab_Product_Name\":{\"type\":\"string\",\"x-ibm-order\":3,\"x-ibm-original-property-name\":\"Product Name\"},\"uab_Unit_Price\":{\"type\":\"number\",\"x-ibm-order\":1,\"x-ibm-original-property-name\":\"Unit Price\"},\"uab_Pricebook_ID\":{\"type\":\"string\",\"x-ibm-order\":2,\"x-ibm-original-property-name\":\"Pricebook ID\"},\"uab_Pricebook_Name\":{\"type\":\"string\",\"x-ibm-order\":4,\"x-ibm-original-property-name\":\"Pricebook Name\"}}}}}}}}}},\"x-ibm-next-actions\":[],\"x-ibm-nl-intent-examples\":[\"Fetch all price books from salesforce\"],\"x-ibm-conversational-skill\":true}}},\"components\":{\"schemas\":{\"OrdersResponse\":{\"type\":\"object\",\"properties\":{\"order_result\":{\"type\":\"array\",\"items\":{\"type\":\"object\",\"properties\":{\"Id\":{\"type\":\"string\"},\"OrderNumber\":{\"type\":\"string\"},\"TotalAmount\":{\"type\":\"number\"}}}}}},\"NewOrderResponse\":{\"type\":\"object\",\"properties\":{\"order_id\":{\"type\":\"string\",\"description\":\"ID of the newly created order\"}}},\"OrderItemResponse\":{\"type\":\"object\",\"properties\":{\"message\":{\"type\":\"string\",\"description\":\"Response message\"}}},\"PriceBooksResponse\":{\"type\":\"object\",\"properties\":{\"price_books\":{\"type\":\"array\",\"items\":{\"type\":\"object\",\"properties\":{\"uab_Product_Name\":{\"type\":\"string\",\"x-ibm-original-property-name\":\"Product Name\"},\"uab_Unit_Price\":{\"type\":\"number\",\"x-ibm-original-property-name\":\"Unit Price\"},\"uab_Pricebook_ID\":{\"type\":\"string\",\"x-ibm-original-property-name\":\"Pricebook ID\"},\"uab_Pricebook_Name\":{\"type\":\"string\",\"x-ibm-original-property-name\":\"Pricebook Name\"}}}}}}},\"securitySchemes\":{\"IBM-WO-JWT\":{\"type\":\"http\",\"scheme\":\"bearer\",\"bearerFormat\":\"IBM-Watsonx-Orchestrate-JWT\"}}}}",
    "poId" : "6023.686d74e3-37c4-48b3-849d-db2384ff6d59"
  }, {
    "WSDL_DATA" : {
      "repoUrl" : "repo://6023.69975515-e413-4c0e-8907-db25148bac87/b6e4f1d2d7ef.xsd",
      "uid" : "6023.69975515-e413-4c0e-8907-db25148bac87",
      "referenceLocation" : [ ],
      "data" : "<?xml version=\"1.0\" encoding=\"UTF-8\"?><xsd:schema xmlns:xsd=\"http://www.w3.org/2001/XMLSchema\" xmlns=\"http://www.ibm.com/xmlns/prod/bpm/bpmn/ext/externalservice/swagger/xsd/37d41870-817c-4545-b1fb-b6e4f1d2d7ef.xsd\" xmlns:ibmbpm=\"http://lombardi.ibm.com/schema/\" targetNamespace=\"http://www.ibm.com/xmlns/prod/bpm/bpmn/ext/externalservice/swagger/xsd/37d41870-817c-4545-b1fb-b6e4f1d2d7ef.xsd\">\n  <xsd:element name=\"fetchPriceBooksRequest\" type=\"fetchPriceBooksRequest\"/>\n  <xsd:element name=\"fetchPriceBooksResponse\" type=\"fetchPriceBooksResponse\"/>\n  <xsd:complexType name=\"fetchPriceBooksRequest\">\n    <xsd:sequence/>\n  </xsd:complexType>\n  <xsd:complexType name=\"fetchPriceBooksResponse\">\n    <xsd:sequence>\n      <xsd:element minOccurs=\"0\" name=\"fetchPriceBooks\" type=\"fetchPriceBooks_200Type\" xpathBeforeFlattening=\"/xsd:schema/xsd:complexType[@name='fetchPriceBooksResponse']/xsd:sequence/xsd:element[@name='fetchPriceBooks']\">\n        <xsd:annotation alternateOldName=\"fetchPriceBooks_200\" optional=\"true\" responseCode=\"200\">\n          <xsd:documentation>List of price books</xsd:documentation>\n        </xsd:annotation>\n      </xsd:element>\n    </xsd:sequence>\n  </xsd:complexType>\n  <xsd:complexType name=\"fetchPriceBooks_200Type\">\n    <xsd:sequence>\n      <xsd:element maxOccurs=\"unbounded\" minOccurs=\"0\" name=\"price_books\" type=\"price_booksType\" xpathBeforeFlattening=\"/xsd:schema/xsd:complexType[@name='fetchPriceBooksResponse']/xsd:sequence/xsd:element[@name='fetchPriceBooks']/xsd:complexType/xsd:sequence/xsd:element[@name='price_books']\">\n        <xsd:annotation optional=\"true\"/>\n      </xsd:element>\n    </xsd:sequence>\n  </xsd:complexType>\n  <xsd:complexType name=\"price_booksType\">\n    <xsd:sequence>\n      <xsd:element minOccurs=\"0\" name=\"uab_Product_Name\" type=\"xsd:string\">\n        <xsd:annotation optional=\"true\"/>\n      </xsd:element>\n      <xsd:element minOccurs=\"0\" name=\"uab_Unit_Price\" type=\"xsd:double\">\n        <xsd:annotation format=\"double\" optional=\"true\"/>\n      </xsd:element>\n      <xsd:element minOccurs=\"0\" name=\"uab_Pricebook_ID\" type=\"xsd:string\">\n        <xsd:annotation optional=\"true\"/>\n      </xsd:element>\n      <xsd:element minOccurs=\"0\" name=\"uab_Pricebook_Name\" type=\"xsd:string\">\n        <xsd:annotation optional=\"true\"/>\n      </xsd:element>\n    </xsd:sequence>\n  </xsd:complexType>\n</xsd:schema>\n",
      "namespace" : "http://www.ibm.com/xmlns/prod/bpm/bpmn/ext/externalservice/swagger/xsd/37d41870-817c-4545-b1fb-b6e4f1d2d7ef.xsd",
      "type" : "xsd",
      "url" : "http://www.ibm.com/xmlns/prod/bpm/bpmn/ext/externalservice/swagger/xsd/37d41870-817c-4545-b1fb-b6e4f1d2d7ef.xsd"
    },
    "type" : "BPMService",
    "definitions" : "<?xml version=\"1.0\" encoding=\"UTF-8\"?><xsd:schema xmlns:xsd=\"http://www.w3.org/2001/XMLSchema\" xmlns=\"http://www.ibm.com/xmlns/prod/bpm/bpmn/ext/externalservice/swagger/xsd/37d41870-817c-4545-b1fb-b6e4f1d2d7ef.xsd\" xmlns:ibmbpm=\"http://lombardi.ibm.com/schema/\" targetNamespace=\"http://www.ibm.com/xmlns/prod/bpm/bpmn/ext/externalservice/swagger/xsd/37d41870-817c-4545-b1fb-b6e4f1d2d7ef.xsd\">\n  <xsd:element name=\"fetchPriceBooksRequest\" type=\"fetchPriceBooksRequest\"/>\n  <xsd:element name=\"fetchPriceBooksResponse\" type=\"fetchPriceBooksResponse\"/>\n  <xsd:complexType name=\"fetchPriceBooksRequest\">\n    <xsd:sequence/>\n  </xsd:complexType>\n  <xsd:complexType name=\"fetchPriceBooksResponse\">\n    <xsd:sequence>\n      <xsd:element minOccurs=\"0\" name=\"fetchPriceBooks\" type=\"fetchPriceBooks_200Type\" xpathBeforeFlattening=\"/xsd:schema/xsd:complexType[@name='fetchPriceBooksResponse']/xsd:sequence/xsd:element[@name='fetchPriceBooks']\">\n        <xsd:annotation alternateOldName=\"fetchPriceBooks_200\" optional=\"true\" responseCode=\"200\">\n          <xsd:documentation>List of price books</xsd:documentation>\n        </xsd:annotation>\n      </xsd:element>\n    </xsd:sequence>\n  </xsd:complexType>\n  <xsd:complexType name=\"fetchPriceBooks_200Type\">\n    <xsd:sequence>\n      <xsd:element maxOccurs=\"unbounded\" minOccurs=\"0\" name=\"price_books\" type=\"price_booksType\" xpathBeforeFlattening=\"/xsd:schema/xsd:complexType[@name='fetchPriceBooksResponse']/xsd:sequence/xsd:element[@name='fetchPriceBooks']/xsd:complexType/xsd:sequence/xsd:element[@name='price_books']\">\n        <xsd:annotation optional=\"true\"/>\n      </xsd:element>\n    </xsd:sequence>\n  </xsd:complexType>\n  <xsd:complexType name=\"price_booksType\">\n    <xsd:sequence>\n      <xsd:element minOccurs=\"0\" name=\"uab_Product_Name\" type=\"xsd:string\">\n        <xsd:annotation optional=\"true\"/>\n      </xsd:element>\n      <xsd:element minOccurs=\"0\" name=\"uab_Unit_Price\" type=\"xsd:double\">\n        <xsd:annotation format=\"double\" optional=\"true\"/>\n      </xsd:element>\n      <xsd:element minOccurs=\"0\" name=\"uab_Pricebook_ID\" type=\"xsd:string\">\n        <xsd:annotation optional=\"true\"/>\n      </xsd:element>\n      <xsd:element minOccurs=\"0\" name=\"uab_Pricebook_Name\" type=\"xsd:string\">\n        <xsd:annotation optional=\"true\"/>\n      </xsd:element>\n    </xsd:sequence>\n  </xsd:complexType>\n</xsd:schema>\n",
    "poId" : "6023.69975515-e413-4c0e-8907-db25148bac87"
  } ]
}