{
  "WSDL_DATA" : {
    "repoUrl" : "repo://6023.686d74e3-37c4-48b3-849d-db2384ff6d59/.wsdl",
    "uid" : "6023.686d74e3-37c4-48b3-849d-db2384ff6d59",
    "referenceLocation" : [ {
      "absoluteLocation" : "repo://6023.69975515-e413-4c0e-8907-db25148bac87/b6e4f1d2d7ef.xsd",
      "relativeLocation" : "/37d41870-817c-4545-b1fb-b6e4f1d2d7ef.xsd"
    } ],
    "data" : "{\"openapi\":\"3.0.1\",\"info\":{\"title\":\"Salesforce Custom Skills Version2\",\"description\":\"An API for managing orders and price books in Salesforce.\",\"version\":\"1.0.0\",\"x-ibm-skill-type\":\"imported\",\"x-ibm-annotations\":\"true\",\"x-ibm-skill-subtype\":\"public\",\"x-ibm-application-id\":\"app-c73451bc04c84958aa4a049c338df912\",\"x-ibm-application-name\":\"Salesforce Custom Skills Version2\"},\"servers\":[{\"url\":\"https://dl.watson-orchestrate.ibm.com/asb/uabskillproxy\"}],\"security\":[{\"IBM-WO-JWT\":[]}],\"paths\":{\"/invoke/skill/Salesforce-Custom-Skills-Version2__1.0.0__fetchPriceBooks\":{\"post\":{\"tags\":[\"Salesforce\"],\"summary\":\"Fetch all price books from salesforce\",\"description\":\"An API for managing orders and price books in Salesforce.\",\"operationId\":\"fetchPriceBooks\",\"responses\":{\"200\":{\"description\":\"List of price books\",\"content\":{\"application/json\":{\"schema\":{\"type\":\"object\",\"properties\":{\"price_books\":{\"type\":\"array\",\"items\":{\"type\":\"object\",\"properties\":{\"uab_Product_Name\":{\"type\":\"string\",\"x-ibm-order\":3,\"x-ibm-original-property-name\":\"Product Name\"},\"uab_Unit_Price\":{\"type\":\"number\",\"x-ibm-order\":1,\"x-ibm-original-property-name\":\"Unit Price\"},\"uab_Pricebook_ID\":{\"type\":\"string\",\"x-ibm-order\":2,\"x-ibm-original-property-name\":\"Pricebook ID\"},\"uab_Pricebook_Name\":{\"type\":\"string\",\"x-ibm-order\":4,\"x-ibm-original-property-name\":\"Pricebook Name\"}}}}}}}}}},\"x-ibm-next-actions\":[],\"x-ibm-nl-intent-examples\":[\"Fetch all price books from salesforce\"],\"x-ibm-conversational-skill\":true}}},\"components\":{\"schemas\":{\"OrdersResponse\":{\"type\":\"object\",\"properties\":{\"order_result\":{\"type\":\"array\",\"items\":{\"type\":\"object\",\"properties\":{\"Id\":{\"type\":\"string\"},\"OrderNumber\":{\"type\":\"string\"},\"TotalAmount\":{\"type\":\"number\"}}}}}},\"NewOrderResponse\":{\"type\":\"object\",\"properties\":{\"order_id\":{\"type\":\"string\",\"description\":\"ID of the newly created order\"}}},\"OrderItemResponse\":{\"type\":\"object\",\"properties\":{\"message\":{\"type\":\"string\",\"description\":\"Response message\"}}},\"PriceBooksResponse\":{\"type\":\"object\",\"properties\":{\"price_books\":{\"type\":\"array\",\"items\":{\"type\":\"object\",\"properties\":{\"uab_Product_Name\":{\"type\":\"string\",\"x-ibm-original-property-name\":\"Product Name\"},\"uab_Unit_Price\":{\"type\":\"number\",\"x-ibm-original-property-name\":\"Unit Price\"},\"uab_Pricebook_ID\":{\"type\":\"string\",\"x-ibm-original-property-name\":\"Pricebook ID\"},\"uab_Pricebook_Name\":{\"type\":\"string\",\"x-ibm-original-property-name\":\"Pricebook Name\"}}}}}}},\"securitySchemes\":{\"IBM-WO-JWT\":{\"type\":\"http\",\"scheme\":\"bearer\",\"bearerFormat\":\"IBM-Watsonx-Orchestrate-JWT\"}}}}",
    "namespace" : "http://www.ibm.com/xmlns/prod/bpm/bpmn/ext/externalservice/swagger/37d41870-817c-4545-b1fb-b6e4f1d2d7efService",
    "type" : "swagger",
    "url" : "file:/opt/ibm/wlp/output/defaultServer/temp/automationServiceDiscovery16306028793803325350.json"
  },
  "type" : "BPMService",
  "definitions" : "{\"openapi\":\"3.0.1\",\"info\":{\"title\":\"Salesforce Custom Skills Version2\",\"description\":\"An API for managing orders and price books in Salesforce.\",\"version\":\"1.0.0\",\"x-ibm-skill-type\":\"imported\",\"x-ibm-annotations\":\"true\",\"x-ibm-skill-subtype\":\"public\",\"x-ibm-application-id\":\"app-c73451bc04c84958aa4a049c338df912\",\"x-ibm-application-name\":\"Salesforce Custom Skills Version2\"},\"servers\":[{\"url\":\"https://dl.watson-orchestrate.ibm.com/asb/uabskillproxy\"}],\"security\":[{\"IBM-WO-JWT\":[]}],\"paths\":{\"/invoke/skill/Salesforce-Custom-Skills-Version2__1.0.0__fetchPriceBooks\":{\"post\":{\"tags\":[\"Salesforce\"],\"summary\":\"Fetch all price books from salesforce\",\"description\":\"An API for managing orders and price books in Salesforce.\",\"operationId\":\"fetchPriceBooks\",\"responses\":{\"200\":{\"description\":\"List of price books\",\"content\":{\"application/json\":{\"schema\":{\"type\":\"object\",\"properties\":{\"price_books\":{\"type\":\"array\",\"items\":{\"type\":\"object\",\"properties\":{\"uab_Product_Name\":{\"type\":\"string\",\"x-ibm-order\":3,\"x-ibm-original-property-name\":\"Product Name\"},\"uab_Unit_Price\":{\"type\":\"number\",\"x-ibm-order\":1,\"x-ibm-original-property-name\":\"Unit Price\"},\"uab_Pricebook_ID\":{\"type\":\"string\",\"x-ibm-order\":2,\"x-ibm-original-property-name\":\"Pricebook ID\"},\"uab_Pricebook_Name\":{\"type\":\"string\",\"x-ibm-order\":4,\"x-ibm-original-property-name\":\"Pricebook Name\"}}}}}}}}}},\"x-ibm-next-actions\":[],\"x-ibm-nl-intent-examples\":[\"Fetch all price books from salesforce\"],\"x-ibm-conversational-skill\":true}}},\"components\":{\"schemas\":{\"OrdersResponse\":{\"type\":\"object\",\"properties\":{\"order_result\":{\"type\":\"array\",\"items\":{\"type\":\"object\",\"properties\":{\"Id\":{\"type\":\"string\"},\"OrderNumber\":{\"type\":\"string\"},\"TotalAmount\":{\"type\":\"number\"}}}}}},\"NewOrderResponse\":{\"type\":\"object\",\"properties\":{\"order_id\":{\"type\":\"string\",\"description\":\"ID of the newly created order\"}}},\"OrderItemResponse\":{\"type\":\"object\",\"properties\":{\"message\":{\"type\":\"string\",\"description\":\"Response message\"}}},\"PriceBooksResponse\":{\"type\":\"object\",\"properties\":{\"price_books\":{\"type\":\"array\",\"items\":{\"type\":\"object\",\"properties\":{\"uab_Product_Name\":{\"type\":\"string\",\"x-ibm-original-property-name\":\"Product Name\"},\"uab_Unit_Price\":{\"type\":\"number\",\"x-ibm-original-property-name\":\"Unit Price\"},\"uab_Pricebook_ID\":{\"type\":\"string\",\"x-ibm-original-property-name\":\"Pricebook ID\"},\"uab_Pricebook_Name\":{\"type\":\"string\",\"x-ibm-original-property-name\":\"Pricebook Name\"}}}}}}},\"securitySchemes\":{\"IBM-WO-JWT\":{\"type\":\"http\",\"scheme\":\"bearer\",\"bearerFormat\":\"IBM-Watsonx-Orchestrate-JWT\"}}}}",
  "poId" : "6023.686d74e3-37c4-48b3-849d-db2384ff6d59"
}