{
  "WSDL_DATA" : {
    "repoUrl" : "repo://6023.69975515-e413-4c0e-8907-db25148bac87/b6e4f1d2d7ef.xsd",
    "uid" : "6023.69975515-e413-4c0e-8907-db25148bac87",
    "referenceLocation" : [ ],
    "data" : "<?xml version=\"1.0\" encoding=\"UTF-8\"?><xsd:schema xmlns:xsd=\"http://www.w3.org/2001/XMLSchema\" xmlns=\"http://www.ibm.com/xmlns/prod/bpm/bpmn/ext/externalservice/swagger/xsd/37d41870-817c-4545-b1fb-b6e4f1d2d7ef.xsd\" xmlns:ibmbpm=\"http://lombardi.ibm.com/schema/\" targetNamespace=\"http://www.ibm.com/xmlns/prod/bpm/bpmn/ext/externalservice/swagger/xsd/37d41870-817c-4545-b1fb-b6e4f1d2d7ef.xsd\">\n  <xsd:element name=\"fetchPriceBooksRequest\" type=\"fetchPriceBooksRequest\"/>\n  <xsd:element name=\"fetchPriceBooksResponse\" type=\"fetchPriceBooksResponse\"/>\n  <xsd:complexType name=\"fetchPriceBooksRequest\">\n    <xsd:sequence/>\n  </xsd:complexType>\n  <xsd:complexType name=\"fetchPriceBooksResponse\">\n    <xsd:sequence>\n      <xsd:element minOccurs=\"0\" name=\"fetchPriceBooks\" type=\"fetchPriceBooks_200Type\" xpathBeforeFlattening=\"/xsd:schema/xsd:complexType[@name='fetchPriceBooksResponse']/xsd:sequence/xsd:element[@name='fetchPriceBooks']\">\n        <xsd:annotation alternateOldName=\"fetchPriceBooks_200\" optional=\"true\" responseCode=\"200\">\n          <xsd:documentation>List of price books</xsd:documentation>\n        </xsd:annotation>\n      </xsd:element>\n    </xsd:sequence>\n  </xsd:complexType>\n  <xsd:complexType name=\"fetchPriceBooks_200Type\">\n    <xsd:sequence>\n      <xsd:element maxOccurs=\"unbounded\" minOccurs=\"0\" name=\"price_books\" type=\"price_booksType\" xpathBeforeFlattening=\"/xsd:schema/xsd:complexType[@name='fetchPriceBooksResponse']/xsd:sequence/xsd:element[@name='fetchPriceBooks']/xsd:complexType/xsd:sequence/xsd:element[@name='price_books']\">\n        <xsd:annotation optional=\"true\"/>\n      </xsd:element>\n    </xsd:sequence>\n  </xsd:complexType>\n  <xsd:complexType name=\"price_booksType\">\n    <xsd:sequence>\n      <xsd:element minOccurs=\"0\" name=\"uab_Product_Name\" type=\"xsd:string\">\n        <xsd:annotation optional=\"true\"/>\n      </xsd:element>\n      <xsd:element minOccurs=\"0\" name=\"uab_Unit_Price\" type=\"xsd:double\">\n        <xsd:annotation format=\"double\" optional=\"true\"/>\n      </xsd:element>\n      <xsd:element minOccurs=\"0\" name=\"uab_Pricebook_ID\" type=\"xsd:string\">\n        <xsd:annotation optional=\"true\"/>\n      </xsd:element>\n      <xsd:element minOccurs=\"0\" name=\"uab_Pricebook_Name\" type=\"xsd:string\">\n        <xsd:annotation optional=\"true\"/>\n      </xsd:element>\n    </xsd:sequence>\n  </xsd:complexType>\n</xsd:schema>\n",
    "namespace" : "http://www.ibm.com/xmlns/prod/bpm/bpmn/ext/externalservice/swagger/xsd/37d41870-817c-4545-b1fb-b6e4f1d2d7ef.xsd",
    "type" : "xsd",
    "url" : "http://www.ibm.com/xmlns/prod/bpm/bpmn/ext/externalservice/swagger/xsd/37d41870-817c-4545-b1fb-b6e4f1d2d7ef.xsd"
  },
  "type" : "BPMService",
  "definitions" : "<?xml version=\"1.0\" encoding=\"UTF-8\"?><xsd:schema xmlns:xsd=\"http://www.w3.org/2001/XMLSchema\" xmlns=\"http://www.ibm.com/xmlns/prod/bpm/bpmn/ext/externalservice/swagger/xsd/37d41870-817c-4545-b1fb-b6e4f1d2d7ef.xsd\" xmlns:ibmbpm=\"http://lombardi.ibm.com/schema/\" targetNamespace=\"http://www.ibm.com/xmlns/prod/bpm/bpmn/ext/externalservice/swagger/xsd/37d41870-817c-4545-b1fb-b6e4f1d2d7ef.xsd\">\n  <xsd:element name=\"fetchPriceBooksRequest\" type=\"fetchPriceBooksRequest\"/>\n  <xsd:element name=\"fetchPriceBooksResponse\" type=\"fetchPriceBooksResponse\"/>\n  <xsd:complexType name=\"fetchPriceBooksRequest\">\n    <xsd:sequence/>\n  </xsd:complexType>\n  <xsd:complexType name=\"fetchPriceBooksResponse\">\n    <xsd:sequence>\n      <xsd:element minOccurs=\"0\" name=\"fetchPriceBooks\" type=\"fetchPriceBooks_200Type\" xpathBeforeFlattening=\"/xsd:schema/xsd:complexType[@name='fetchPriceBooksResponse']/xsd:sequence/xsd:element[@name='fetchPriceBooks']\">\n        <xsd:annotation alternateOldName=\"fetchPriceBooks_200\" optional=\"true\" responseCode=\"200\">\n          <xsd:documentation>List of price books</xsd:documentation>\n        </xsd:annotation>\n      </xsd:element>\n    </xsd:sequence>\n  </xsd:complexType>\n  <xsd:complexType name=\"fetchPriceBooks_200Type\">\n    <xsd:sequence>\n      <xsd:element maxOccurs=\"unbounded\" minOccurs=\"0\" name=\"price_books\" type=\"price_booksType\" xpathBeforeFlattening=\"/xsd:schema/xsd:complexType[@name='fetchPriceBooksResponse']/xsd:sequence/xsd:element[@name='fetchPriceBooks']/xsd:complexType/xsd:sequence/xsd:element[@name='price_books']\">\n        <xsd:annotation optional=\"true\"/>\n      </xsd:element>\n    </xsd:sequence>\n  </xsd:complexType>\n  <xsd:complexType name=\"price_booksType\">\n    <xsd:sequence>\n      <xsd:element minOccurs=\"0\" name=\"uab_Product_Name\" type=\"xsd:string\">\n        <xsd:annotation optional=\"true\"/>\n      </xsd:element>\n      <xsd:element minOccurs=\"0\" name=\"uab_Unit_Price\" type=\"xsd:double\">\n        <xsd:annotation format=\"double\" optional=\"true\"/>\n      </xsd:element>\n      <xsd:element minOccurs=\"0\" name=\"uab_Pricebook_ID\" type=\"xsd:string\">\n        <xsd:annotation optional=\"true\"/>\n      </xsd:element>\n      <xsd:element minOccurs=\"0\" name=\"uab_Pricebook_Name\" type=\"xsd:string\">\n        <xsd:annotation optional=\"true\"/>\n      </xsd:element>\n    </xsd:sequence>\n  </xsd:complexType>\n</xsd:schema>\n",
  "poId" : "6023.69975515-e413-4c0e-8907-db25148bac87"
}