{
  "WSDL_DATA" : {
    "repoUrl" : "repo://6023.ec677b37-13ef-47a9-bd45-af5088bfa102/.wsdl",
    "uid" : "6023.ec677b37-13ef-47a9-bd45-af5088bfa102",
    "referenceLocation" : [ {
      "absoluteLocation" : "repo://6023.1535090f-187b-4bae-93b7-756f79d71706/287b392718b1.xsd",
      "relativeLocation" : "/70453557-85b9-41d0-b131-287b392718b1.xsd"
    } ],
    "data" : "{\"openapi\":\"3.0.1\",\"info\":{\"title\":\"646000EUAI/uab/Reorder_automation/Reorder_automation/Get Supplier Name/master/5202de3b0c\",\"description\":\"646000EUAI/uab/Reorder_automation/Reorder_automation/Get Supplier Name/master/5202de3b0c\",\"version\":\"head\",\"x-ibm-ads-decision-id\":\"646000EUAI/uab/Reorder_automation/Reorder_automation/Get Supplier Name/master/5202de3b0c\"},\"servers\":[{\"url\":\"https://dl.watson-orchestrate.ibm.com/asb/ads/rest-api/api/wo/automation/uab/Reorder_automation/master/Reorder_automation/Reorder_automation%2FGet%20Supplier%20Name/deploymentSpaces/preview/decisions/646000EUAI%2Fuab%2FReorder_automation%2FReorder_automation%2FGet%20Supplier%20Name%2Fmaster%2F5202de3b0c/operations\"}],\"security\":[{\"IBM-WO-JWT\":[]}],\"paths\":{\"/GetSupplierName-getSupplierName/execute\":{\"post\":{\"tags\":[\"646000EUAI/uab/Reorder_automation/Reorder_automation/Get Supplier Name/master/5202de3b0c\"],\"summary\":\"GetSupplierName-getSupplierName\",\"description\":\"Execute GetSupplierName-getSupplierName\",\"operationId\":\"GetSupplierName-getSupplierName\",\"requestBody\":{\"content\":{\"application/json\":{\"schema\":{\"$ref\":\"#/components/schemas/GetSupplierName-getSupplierName_input\"}}}},\"responses\":{\"200\":{\"description\":\"Decision execution success\",\"content\":{\"application/json\":{\"schema\":{\"$ref\":\"#/components/schemas/GetSupplierName-getSupplierName_output\"}}}},\"404\":{\"description\":\"A decision or decision operation was not found\",\"content\":{\"application/json\":{\"schema\":{\"$ref\":\"#/components/schemas/BaseError\"}}}},\"500\":{\"description\":\"A runtime exception occurred while executing a decision\",\"content\":{\"application/json\":{\"schema\":{\"$ref\":\"#/components/schemas/BaseError\"}}}}},\"x-ibm-uab-local-operation\":true}}},\"components\":{\"schemas\":{\"GetSupplierName-getSupplierName_input\":{\"type\":\"object\",\"properties\":{\"recommendation\":{\"type\":\"string\"}},\"x-ibm-parameter-wrapper\":true},\"BaseError\":{\"type\":\"object\",\"properties\":{\"output\":{\"type\":\"object\",\"description\":\"The output of the decision service archive.\",\"nullable\":true},\"incident\":{\"$ref\":\"#/components/schemas/Incident\"}},\"description\":\"The response when an error occurs\"},\"Incident\":{\"type\":\"object\",\"properties\":{\"incidentId\":{\"type\":\"string\",\"description\":\"A unique identifier for the incident\"},\"incidentCategory\":{\"type\":\"string\",\"description\":\"The category of the incident, for instance \\\"Decision not found\\\"\"},\"stackTrace\":{\"type\":\"string\",\"description\":\"An associated stack trace, if the decision runtime is configured to provide it. By default, the stack trace is null\"}},\"description\":\"The description of the failure\"},\"GetSupplierName-getSupplierName_output\":{\"type\":\"object\",\"properties\":{\"generated_text\":{\"type\":\"string\"},\"generated_token_count\":{\"type\":\"integer\",\"format\":\"int32\"},\"input_token_count\":{\"type\":\"integer\",\"format\":\"int32\"},\"stop_reason\":{\"type\":\"string\"},\"error_code\":{\"type\":\"string\"},\"error_message\":{\"type\":\"string\"}},\"nullable\":true,\"x-ibm-parameter-wrapper\":true}},\"securitySchemes\":{\"IBM-WO-JWT\":{\"type\":\"http\",\"scheme\":\"bearer\",\"bearerFormat\":\"IBM-Watsonx-Orchestrate-JWT\"}}}}",
    "namespace" : "http://www.ibm.com/xmlns/prod/bpm/bpmn/ext/externalservice/swagger/70453557-85b9-41d0-b131-287b392718b1Service",
    "type" : "swagger",
    "url" : "file:/opt/ibm/wlp/output/defaultServer/temp/automationServiceDiscovery15803559860320409969.json"
  },
  "type" : "BPMService",
  "definitions" : "{\"openapi\":\"3.0.1\",\"info\":{\"title\":\"646000EUAI/uab/Reorder_automation/Reorder_automation/Get Supplier Name/master/5202de3b0c\",\"description\":\"646000EUAI/uab/Reorder_automation/Reorder_automation/Get Supplier Name/master/5202de3b0c\",\"version\":\"head\",\"x-ibm-ads-decision-id\":\"646000EUAI/uab/Reorder_automation/Reorder_automation/Get Supplier Name/master/5202de3b0c\"},\"servers\":[{\"url\":\"https://dl.watson-orchestrate.ibm.com/asb/ads/rest-api/api/wo/automation/uab/Reorder_automation/master/Reorder_automation/Reorder_automation%2FGet%20Supplier%20Name/deploymentSpaces/preview/decisions/646000EUAI%2Fuab%2FReorder_automation%2FReorder_automation%2FGet%20Supplier%20Name%2Fmaster%2F5202de3b0c/operations\"}],\"security\":[{\"IBM-WO-JWT\":[]}],\"paths\":{\"/GetSupplierName-getSupplierName/execute\":{\"post\":{\"tags\":[\"646000EUAI/uab/Reorder_automation/Reorder_automation/Get Supplier Name/master/5202de3b0c\"],\"summary\":\"GetSupplierName-getSupplierName\",\"description\":\"Execute GetSupplierName-getSupplierName\",\"operationId\":\"GetSupplierName-getSupplierName\",\"requestBody\":{\"content\":{\"application/json\":{\"schema\":{\"$ref\":\"#/components/schemas/GetSupplierName-getSupplierName_input\"}}}},\"responses\":{\"200\":{\"description\":\"Decision execution success\",\"content\":{\"application/json\":{\"schema\":{\"$ref\":\"#/components/schemas/GetSupplierName-getSupplierName_output\"}}}},\"404\":{\"description\":\"A decision or decision operation was not found\",\"content\":{\"application/json\":{\"schema\":{\"$ref\":\"#/components/schemas/BaseError\"}}}},\"500\":{\"description\":\"A runtime exception occurred while executing a decision\",\"content\":{\"application/json\":{\"schema\":{\"$ref\":\"#/components/schemas/BaseError\"}}}}},\"x-ibm-uab-local-operation\":true}}},\"components\":{\"schemas\":{\"GetSupplierName-getSupplierName_input\":{\"type\":\"object\",\"properties\":{\"recommendation\":{\"type\":\"string\"}},\"x-ibm-parameter-wrapper\":true},\"BaseError\":{\"type\":\"object\",\"properties\":{\"output\":{\"type\":\"object\",\"description\":\"The output of the decision service archive.\",\"nullable\":true},\"incident\":{\"$ref\":\"#/components/schemas/Incident\"}},\"description\":\"The response when an error occurs\"},\"Incident\":{\"type\":\"object\",\"properties\":{\"incidentId\":{\"type\":\"string\",\"description\":\"A unique identifier for the incident\"},\"incidentCategory\":{\"type\":\"string\",\"description\":\"The category of the incident, for instance \\\"Decision not found\\\"\"},\"stackTrace\":{\"type\":\"string\",\"description\":\"An associated stack trace, if the decision runtime is configured to provide it. By default, the stack trace is null\"}},\"description\":\"The description of the failure\"},\"GetSupplierName-getSupplierName_output\":{\"type\":\"object\",\"properties\":{\"generated_text\":{\"type\":\"string\"},\"generated_token_count\":{\"type\":\"integer\",\"format\":\"int32\"},\"input_token_count\":{\"type\":\"integer\",\"format\":\"int32\"},\"stop_reason\":{\"type\":\"string\"},\"error_code\":{\"type\":\"string\"},\"error_message\":{\"type\":\"string\"}},\"nullable\":true,\"x-ibm-parameter-wrapper\":true}},\"securitySchemes\":{\"IBM-WO-JWT\":{\"type\":\"http\",\"scheme\":\"bearer\",\"bearerFormat\":\"IBM-Watsonx-Orchestrate-JWT\"}}}}",
  "poId" : "6023.ec677b37-13ef-47a9-bd45-af5088bfa102"
}