{
  "WSDL_DATA" : {
    "repoUrl" : "repo://6023.72890312-b2e5-452f-b447-07ebd677f040/.wsdl",
    "uid" : "6023.72890312-b2e5-452f-b447-07ebd677f040",
    "referenceLocation" : [ {
      "absoluteLocation" : "repo://6023.ccbac0fe-b639-4c78-953a-3fd8d99d8eb5/1b9145709e8e.xsd",
      "relativeLocation" : "/fc2d8dbf-3404-457c-a884-1b9145709e8e.xsd"
    } ],
    "data" : "{\"openapi\":\"3.0.1\",\"info\":{\"title\":\"Gmail mail\",\"description\":\"This OpenAPI document describes the operations that the gmail mail runtime APIs support.\",\"version\":\"2.0.0\",\"x-ibm-schema-uri\":\"/api/v2/applications/gmail/accounts/{accountName}/objects/mail/descriptor\",\"x-ibm-skill-type\":\"primitive\",\"x-ibm-annotations\":true,\"x-ibm-application-id\":\"gmail\",\"x-ibm-account-version\":\"v2\",\"x-ibm-application-icon\":\"/api/v2/applications/gmail/icon\",\"x-ibm-application-name\":\"Gmail\",\"x-ibm-connector-version\":\"3.1.0\"},\"servers\":[{\"url\":\"https://dl.watson-orchestrate.ibm.com/asb/uabskillproxy\"}],\"security\":[{\"IBM-WO-JWT\":[]}],\"paths\":{\"/invoke/skill/Gmail-mail__2.0.0__create_mail\":{\"post\":{\"summary\":\"Send an email\",\"description\":\"from Gmail\",\"operationId\":\"create_mail\",\"parameters\":[],\"requestBody\":{\"content\":{\"application/json\":{\"schema\":{\"type\":\"object\",\"properties\":{\"CC\":{\"title\":\"Cc\",\"type\":\"string\",\"description\":\"The email addresses of the carbon-copy (Cc) recipients whom you intend to apprise of the email. Use comma between each email address.\",\"x-ibm-order\":3},\"To\":{\"title\":\"To\",\"maxLength\":255,\"type\":\"string\",\"description\":\"The email addresses of one or more recipients. Use comma between each email address.\",\"x-ibm-order\":2},\"BCC\":{\"title\":\"Bcc\",\"type\":\"string\",\"description\":\"The email addresses of the blind carbon copy (Bcc) recipients whom you intend to apprise of the email privately. Use comma between each email address.\",\"x-ibm-order\":4},\"Subject\":{\"title\":\"Subject\",\"type\":\"string\",\"description\":\"A phrase that summarizes the email content\",\"x-ibm-order\":5},\"Attachments\":{\"title\":\"Attachments\",\"type\":\"array\",\"description\":\"One or more files to attach to the email\",\"items\":{\"type\":\"object\",\"properties\":{\"content\":{\"title\":\"Content\",\"type\":\"string\",\"description\":\"The content of the file attachment. If the content type is binary, specify the content in Base64-encoded format.\",\"x-ibm-order\":2,\"x-ibm-content-ref\":{\"managed\":true}},\"fileName\":{\"title\":\"File name\",\"type\":\"string\",\"description\":\"The file name, including the extension, of the attachment, for example test.pdf, test.docx, or test.txt\",\"x-ibm-order\":1}},\"additionalProperties\":false},\"x-ibm-show\":false,\"x-ibm-order\":21},\"richTextBody\":{\"title\":\"Body\",\"type\":\"object\",\"properties\":{\"content\":{\"title\":\"Content\",\"type\":\"string\",\"description\":\"The body content of the email\",\"x-ibm-order\":6,\"x-ibm-important\":true,\"x-ibm-multiline\":true},\"contentType\":{\"title\":\"Content type\",\"type\":\"string\",\"description\":\"The content type of the email, such as text or HTML.\",\"default\":\"text/plain\",\"enum\":[\"text/plain\",\"text/html\"],\"x-ibm-order\":5,\"x-ibm-important\":true}},\"additionalProperties\":false,\"description\":\"The body content of the email\",\"x-ibm-order\":7}},\"x-ibm-important\":[\"To\",\"CC\",\"BCC\",\"Subject\",\"richTextBody\"],\"x-ibm-parameter-wrapper\":true}}}},\"responses\":{\"201\":{\"description\":\"The email was sent successfully.\",\"content\":{\"application/json\":{\"schema\":{\"type\":\"object\",\"properties\":{\"id\":{\"title\":\"Message ID\",\"maxLength\":255,\"type\":\"string\",\"description\":\"The unique identifier of an email message\",\"x-ibm-order\":20}},\"x-ibm-primarykey\":[\"id\"],\"x-ibm-parameter-wrapper\":true}}}},\"400\":{\"description\":\"The server can't or won't process the request because there is a perceived client error, such as malformed request syntax, invalid request message framing, or deceptive request routing.\",\"content\":{\"application/json\":{\"schema\":{\"required\":[\"errors\"],\"type\":\"object\",\"properties\":{\"errors\":{\"type\":\"array\",\"items\":{\"required\":[\"code\",\"message\"],\"type\":\"object\",\"properties\":{\"code\":{\"type\":\"string\",\"description\":\"Error code\"},\"context\":{\"type\":\"object\",\"additionalProperties\":{\"anyOf\":[{\"type\":\"string\"},{\"type\":\"number\"},{\"type\":\"boolean\"}]},\"description\":\"An object that contains data relevant to this error and is often included in the message, which is useful for apps that want to do further processing on the error.\"},\"message\":{\"type\":\"string\",\"description\":\"Human-readable message for this error\"},\"moreInfo\":{\"type\":\"string\",\"description\":\"A link to additional information about this error\",\"format\":\"uri\"},\"errorDetails\":{\"type\":\"string\",\"description\":\"More textual information about this error\"}},\"additionalProperties\":true,\"description\":\"Each error has an error code, an error message that describes the error, and might also have a URL pointing to more information about the error.\"}}},\"description\":\"The error object contains the errors array, which lists all the errors.\"}}}},\"401\":{\"description\":\"The request wasn't completed because the credentials are incorrect or invalid.\",\"content\":{\"application/json\":{\"schema\":{\"required\":[\"errors\"],\"type\":\"object\",\"properties\":{\"errors\":{\"type\":\"array\",\"items\":{\"required\":[\"code\",\"message\"],\"type\":\"object\",\"properties\":{\"code\":{\"type\":\"string\",\"description\":\"Error code\"},\"context\":{\"type\":\"object\",\"additionalProperties\":{\"anyOf\":[{\"type\":\"string\"},{\"type\":\"number\"},{\"type\":\"boolean\"}]},\"description\":\"An object that contains data relevant to this error and is often included in the message, which is useful for apps that want to do further processing on the error.\"},\"message\":{\"type\":\"string\",\"description\":\"Human-readable message for this error\"},\"moreInfo\":{\"type\":\"string\",\"description\":\"A link to additional information about this error\",\"format\":\"uri\"},\"errorDetails\":{\"type\":\"string\",\"description\":\"More textual information about this error\"}},\"additionalProperties\":true,\"description\":\"Each error has an error code, an error message that describes the error, and might also have a URL pointing to more information about the error.\"}}},\"description\":\"The error object contains the errors array, which lists all the errors.\"}}}},\"404\":{\"description\":\"The server can't find the requested resource.\",\"content\":{\"application/json\":{\"schema\":{\"required\":[\"errors\"],\"type\":\"object\",\"properties\":{\"errors\":{\"type\":\"array\",\"items\":{\"required\":[\"code\",\"message\"],\"type\":\"object\",\"properties\":{\"code\":{\"type\":\"string\",\"description\":\"Error code\"},\"context\":{\"type\":\"object\",\"additionalProperties\":{\"anyOf\":[{\"type\":\"string\"},{\"type\":\"number\"},{\"type\":\"boolean\"}]},\"description\":\"An object that contains data relevant to this error and is often included in the message, which is useful for apps that want to do further processing on the error.\"},\"message\":{\"type\":\"string\",\"description\":\"Human-readable message for this error\"},\"moreInfo\":{\"type\":\"string\",\"description\":\"A link to additional information about this error\",\"format\":\"uri\"},\"errorDetails\":{\"type\":\"string\",\"description\":\"More textual information about this error\"}},\"additionalProperties\":true,\"description\":\"Each error has an error code, an error message that describes the error, and might also have a URL pointing to more information about the error.\"}}},\"description\":\"The error object contains the errors array, which lists all the errors.\"}}}},\"4XX\":{\"description\":\"Client error\",\"content\":{\"application/json\":{\"schema\":{\"required\":[\"errors\"],\"type\":\"object\",\"properties\":{\"errors\":{\"type\":\"array\",\"items\":{\"required\":[\"code\",\"message\"],\"type\":\"object\",\"properties\":{\"code\":{\"type\":\"string\",\"description\":\"Error code\"},\"context\":{\"type\":\"object\",\"additionalProperties\":{\"anyOf\":[{\"type\":\"string\"},{\"type\":\"number\"},{\"type\":\"boolean\"}]},\"description\":\"An object that contains data relevant to this error and is often included in the message, which is useful for apps that want to do further processing on the error.\"},\"message\":{\"type\":\"string\",\"description\":\"Human-readable message for this error\"},\"moreInfo\":{\"type\":\"string\",\"description\":\"A link to additional information about this error\",\"format\":\"uri\"},\"errorDetails\":{\"type\":\"string\",\"description\":\"More textual information about this error\"}},\"additionalProperties\":true,\"description\":\"Each error has an error code, an error message that describes the error, and might also have a URL pointing to more information about the error.\"}}},\"description\":\"The error object contains the errors array, which lists all the errors.\"}}}},\"5XX\":{\"description\":\"Unexpected server error\",\"content\":{\"application/json\":{\"schema\":{\"required\":[\"errors\"],\"type\":\"object\",\"properties\":{\"errors\":{\"type\":\"array\",\"items\":{\"required\":[\"code\",\"message\"],\"type\":\"object\",\"properties\":{\"code\":{\"type\":\"string\",\"description\":\"Error code\"},\"context\":{\"type\":\"object\",\"additionalProperties\":{\"anyOf\":[{\"type\":\"string\"},{\"type\":\"number\"},{\"type\":\"boolean\"}]},\"description\":\"An object that contains data relevant to this error and is often included in the message, which is useful for apps that want to do further processing on the error.\"},\"message\":{\"type\":\"string\",\"description\":\"Human-readable message for this error\"},\"moreInfo\":{\"type\":\"string\",\"description\":\"A link to additional information about this error\",\"format\":\"uri\"},\"errorDetails\":{\"type\":\"string\",\"description\":\"More textual information about this error\"}},\"additionalProperties\":true,\"description\":\"Each error has an error code, an error message that describes the error, and might also have a URL pointing to more information about the error.\"}}},\"description\":\"The error object contains the errors array, which lists all the errors.\"}}}}},\"x-ibm-visible\":true,\"x-ibm-operation\":{\"verb\":\"create\",\"model\":\"mail\"},\"x-ibm-next-actions\":[],\"x-ibm-nl-intent-examples\":[\"Send an email\",\"How can I help with sending email in Gmail?\",\"How can I send email in Gmail?\",\"Send a new email to your friend\",\"Initiate the email\",\"I want to send an email through my Gmail account\",\"Compose a new email\",\"How do I send email to new email addresses?\",\"Send new email to a friend or colleague?\",\"Can I send an email from a Gmail account?\",\"Can I send an email in Gmail?\",\"I want to send emails in Gmail?\",\"Send new email\",\"How can I get help with Send Email in Gmail?\",\"Initiate email\",\"How can I send email from Gmail?\",\"How can I send emails to someone in Gmail?\",\"How can I send email to gmail account?\",\"Write a new email\",\"How do I write a new email?\",\"How can I send email using Gmail?\",\"How do you send an email using Gmail?\",\"Send a new email\",\"Can you send email to a Gmail address?\"]}}},\"components\":{\"schemas\":{\"mail\":{\"type\":\"object\",\"properties\":{\"CC\":{\"title\":\"Cc\",\"type\":\"string\",\"description\":\"The email addresses of the carbon-copy (Cc) recipients whom you intend to apprise of the email. Use comma between each email address.\",\"x-ibm-order\":3},\"To\":{\"title\":\"To\",\"maxLength\":255,\"type\":\"string\",\"description\":\"The email addresses of one or more recipients. Use comma between each email address.\",\"x-ibm-order\":2},\"id\":{\"title\":\"Message ID\",\"maxLength\":255,\"type\":\"string\",\"description\":\"The unique identifier of an email message\",\"x-ibm-order\":20},\"BCC\":{\"title\":\"Bcc\",\"type\":\"string\",\"description\":\"The email addresses of the blind carbon copy (Bcc) recipients whom you intend to apprise of the email privately. Use comma between each email address.\",\"x-ibm-order\":4},\"Body\":{\"title\":\"Body\",\"type\":\"string\",\"description\":\"The body content of the email\",\"x-ibm-order\":6,\"x-ibm-multiline\":true},\"Date\":{\"title\":\"Date\",\"type\":\"string\",\"description\":\"The date the email was sent\",\"x-ibm-order\":5},\"From\":{\"title\":\"From\",\"maxLength\":255,\"type\":\"string\",\"description\":\"The email address of the sender\",\"x-ibm-order\":1},\"userId\":{\"title\":\"User ID\",\"maxLength\":255,\"type\":\"string\",\"description\":\"The email address of the user's Gmail account\",\"default\":\"me\",\"x-ibm-order\":20},\"Subject\":{\"title\":\"Subject\",\"type\":\"string\",\"description\":\"A phrase that summarizes the email content\",\"x-ibm-order\":5},\"eventId\":{\"title\":\"Event ID\",\"type\":\"string\",\"description\":\"The unique ID of the event\",\"x-ibm-order\":17},\"payload\":{\"title\":\"Payload\",\"type\":\"object\",\"properties\":{\"body\":{\"title\":\"Body\",\"type\":\"object\",\"properties\":{\"data\":{\"title\":\"Body data\",\"type\":\"string\",\"description\":\"The data or contents of the email body\",\"x-ibm-order\":2},\"size\":{\"title\":\"Body size\",\"type\":\"string\",\"description\":\"The size of the email body in bytes\",\"x-ibm-order\":1}},\"additionalProperties\":false,\"description\":\"The body content of the email\",\"x-ibm-order\":16},\"parts\":{\"title\":\"Parts\",\"type\":\"array\",\"description\":\"The child Multipurpose Internet Mail Extensions (MIME) email parts\",\"items\":{\"type\":\"object\",\"properties\":{\"partId\":{\"title\":\"Part ID\",\"type\":\"string\",\"description\":\"The unique identifier of the child MIME email part\",\"x-ibm-order\":1},\"headers\":{\"title\":\"Headers\",\"type\":\"array\",\"description\":\"The list of headers on the child MIME email part\",\"items\":{\"type\":\"object\",\"properties\":{\"name\":{\"title\":\"Header name\",\"type\":\"string\",\"description\":\"The name of the header on the child MIME email part\",\"x-ibm-order\":11},\"value\":{\"title\":\"Header value\",\"type\":\"string\",\"description\":\"The value of the header on the child MIME email part\",\"x-ibm-order\":11}},\"additionalProperties\":false},\"x-ibm-order\":4},\"filename\":{\"title\":\"File name\",\"type\":\"string\",\"description\":\"The file name of an attachment. The file name applies only when the email has an attachment.\",\"x-ibm-order\":2},\"mimeType\":{\"title\":\"MIME type\",\"type\":\"string\",\"description\":\"The Multipurpose Internet Mail Extensions (MIME) type of a child MIME email part\",\"x-ibm-order\":2}},\"additionalProperties\":false},\"x-ibm-order\":16},\"partId\":{\"title\":\"Part ID\",\"type\":\"string\",\"description\":\"An unchangeable unique identifier of the email part\",\"x-ibm-order\":1},\"headers\":{\"title\":\"Headers\",\"type\":\"array\",\"description\":\"The list of headers on the email part. For the top-level email part, the headers represent the entire message payload and contain the standard RFC 2822 email headers, such as To, From, and Subject.\",\"items\":{\"type\":\"object\",\"properties\":{\"name\":{\"title\":\"Header name\",\"type\":\"string\",\"description\":\"The name of the header before the separator (:), tor example To\",\"x-ibm-order\":11},\"value\":{\"title\":\"Header value\",\"type\":\"string\",\"description\":\"The value of the header after the separator (:), for example username@example.com\",\"x-ibm-order\":11}},\"additionalProperties\":false},\"x-ibm-order\":4},\"filename\":{\"title\":\"File name\",\"type\":\"string\",\"description\":\"The file name of an attachment. The file name applies only when the email has an attachment.\",\"x-ibm-order\":3},\"mimeType\":{\"title\":\"MIME type\",\"type\":\"string\",\"description\":\"The Multipurpose Internet Mail Extensions (MIME) type of the email part\",\"x-ibm-order\":2}},\"additionalProperties\":false,\"description\":\"The parsed email structure in the email parts\",\"x-ibm-order\":15},\"snippet\":{\"title\":\"Snippet\",\"type\":\"string\",\"description\":\"A few lines from the body of the email presented as a preview of the email\",\"x-ibm-order\":11},\"threadId\":{\"title\":\"Thread ID\",\"type\":\"string\",\"description\":\"The unique identifier of the thread containing the email\",\"x-ibm-order\":9},\"addLabels\":{\"title\":\"Add labels\",\"type\":\"array\",\"description\":\"A tag, such as CATEGORY_SOCIAL or INBOX, that categorizes each email to help you organize emails. You can add one or multiple labels to each email.\",\"items\":{\"type\":\"object\",\"properties\":{\"label\":{\"title\":\"Labels\",\"type\":\"string\",\"description\":\"The labels that apply to the email, for example inbox, spam, trash, unread, starred, important, category personal, category social, category promotions, category updates, and category_forums\",\"x-ibm-order\":1}},\"additionalProperties\":false},\"x-ibm-order\":7},\"eventType\":{\"title\":\"Event type\",\"type\":\"string\",\"description\":\"The type of event\",\"x-ibm-order\":18},\"historyId\":{\"title\":\"History ID\",\"type\":\"string\",\"description\":\"The unique identifier that is assigned to the email's history in the inbox\",\"x-ibm-order\":12},\"Attachments\":{\"title\":\"Attachments\",\"type\":\"array\",\"description\":\"One or more files to attach to the email\",\"items\":{\"type\":\"object\",\"properties\":{\"content\":{\"title\":\"Content\",\"type\":\"string\",\"description\":\"The content of the file attachment. If the content type is binary, specify the content in Base64-encoded format.\",\"x-ibm-order\":2,\"x-ibm-content-ref\":{\"managed\":true}},\"fileName\":{\"title\":\"File name\",\"type\":\"string\",\"description\":\"The file name, including the extension, of the attachment, for example test.pdf, test.docx, or test.txt\",\"x-ibm-order\":1}},\"additionalProperties\":false},\"x-ibm-show\":false,\"x-ibm-order\":21},\"internalDate\":{\"title\":\"Internal date\",\"type\":\"string\",\"description\":\"The internal email-creation timestamp in ISO 8601 UTC format (YYYY-MM-DDTHH:mm:ss.SSZ), which determines the order of the emails in the inbox\",\"format\":\"date-time\",\"x-ibm-order\":13},\"removeLabels\":{\"title\":\"Remove labels\",\"type\":\"array\",\"description\":\"Remove one or more labels, such as CATEGORY_SOCIAL, INBOX, from the email\",\"items\":{\"type\":\"object\",\"properties\":{\"label\":{\"title\":\"Labels\",\"type\":\"string\",\"description\":\"The labels that apply to the email, for example inbox, spam, trash, unread, starred, important, category personal, category social, category promotions, category updates, and category_forums\",\"x-ibm-order\":1}},\"additionalProperties\":false},\"x-ibm-order\":8},\"richTextBody\":{\"title\":\"Body\",\"type\":\"object\",\"properties\":{\"content\":{\"title\":\"Content\",\"type\":\"string\",\"description\":\"The body content of the email\",\"x-ibm-order\":6,\"x-ibm-important\":true,\"x-ibm-multiline\":true},\"contentType\":{\"title\":\"Content type\",\"type\":\"string\",\"description\":\"The content type of the email, such as text or HTML.\",\"default\":\"text/plain\",\"enum\":[\"text/plain\",\"text/html\"],\"x-ibm-order\":5,\"x-ibm-important\":true}},\"additionalProperties\":false,\"description\":\"The body content of the email\",\"x-ibm-order\":7},\"sizeEstimate\":{\"title\":\"Size estimate\",\"type\":\"number\",\"description\":\"The estimated size of the email in bytes\",\"x-ibm-order\":14},\"nextPageToken\":{\"title\":\"Next page token\",\"type\":\"string\",\"description\":\"The page token to retrieve a specific page of results in the list. The nextPageToken value that is returned in the last record of a retrieve response can be used in the next call.\",\"x-ibm-order\":16}},\"x-ibm-primarykey\":[\"id\"]},\"ErrorItem\":{\"required\":[\"code\",\"message\"],\"type\":\"object\",\"properties\":{\"code\":{\"type\":\"string\",\"description\":\"Error code\"},\"context\":{\"type\":\"object\",\"additionalProperties\":{\"anyOf\":[{\"type\":\"string\"},{\"type\":\"number\"},{\"type\":\"boolean\"}]},\"description\":\"An object that contains data relevant to this error and is often included in the message, which is useful for apps that want to do further processing on the error.\"},\"message\":{\"type\":\"string\",\"description\":\"Human-readable message for this error\"},\"moreInfo\":{\"type\":\"string\",\"description\":\"A link to additional information about this error\",\"format\":\"uri\"},\"errorDetails\":{\"type\":\"string\",\"description\":\"More textual information about this error\"}},\"additionalProperties\":true,\"description\":\"Each error has an error code, an error message that describes the error, and might also have a URL pointing to more information about the error.\"},\"SimpleType\":{\"anyOf\":[{\"type\":\"string\"},{\"type\":\"number\"},{\"type\":\"boolean\"}]},\"gmailError\":{\"required\":[\"errors\"],\"type\":\"object\",\"properties\":{\"errors\":{\"type\":\"array\",\"items\":{\"required\":[\"code\",\"message\"],\"type\":\"object\",\"properties\":{\"code\":{\"type\":\"string\",\"description\":\"Error code\"},\"context\":{\"type\":\"object\",\"additionalProperties\":{\"anyOf\":[{\"type\":\"string\"},{\"type\":\"number\"},{\"type\":\"boolean\"}]},\"description\":\"An object that contains data relevant to this error and is often included in the message, which is useful for apps that want to do further processing on the error.\"},\"message\":{\"type\":\"string\",\"description\":\"Human-readable message for this error\"},\"moreInfo\":{\"type\":\"string\",\"description\":\"A link to additional information about this error\",\"format\":\"uri\"},\"errorDetails\":{\"type\":\"string\",\"description\":\"More textual information about this error\"}},\"additionalProperties\":true,\"description\":\"Each error has an error code, an error message that describes the error, and might also have a URL pointing to more information about the error.\"}}},\"description\":\"The error object contains the errors array, which lists all the errors.\"},\"CREATE_mail_Request\":{\"type\":\"object\",\"properties\":{\"CC\":{\"title\":\"Cc\",\"type\":\"string\",\"description\":\"The email addresses of the carbon-copy (Cc) recipients whom you intend to apprise of the email. Use comma between each email address.\",\"x-ibm-order\":3},\"To\":{\"title\":\"To\",\"maxLength\":255,\"type\":\"string\",\"description\":\"The email addresses of one or more recipients. Use comma between each email address.\",\"x-ibm-order\":2},\"BCC\":{\"title\":\"Bcc\",\"type\":\"string\",\"description\":\"The email addresses of the blind carbon copy (Bcc) recipients whom you intend to apprise of the email privately. Use comma between each email address.\",\"x-ibm-order\":4},\"Subject\":{\"title\":\"Subject\",\"type\":\"string\",\"description\":\"A phrase that summarizes the email content\",\"x-ibm-order\":5},\"Attachments\":{\"title\":\"Attachments\",\"type\":\"array\",\"description\":\"One or more files to attach to the email\",\"items\":{\"type\":\"object\",\"properties\":{\"content\":{\"title\":\"Content\",\"type\":\"string\",\"description\":\"The content of the file attachment. If the content type is binary, specify the content in Base64-encoded format.\",\"x-ibm-order\":2,\"x-ibm-content-ref\":{\"managed\":true}},\"fileName\":{\"title\":\"File name\",\"type\":\"string\",\"description\":\"The file name, including the extension, of the attachment, for example test.pdf, test.docx, or test.txt\",\"x-ibm-order\":1}},\"additionalProperties\":false},\"x-ibm-show\":false,\"x-ibm-order\":21},\"richTextBody\":{\"title\":\"Body\",\"type\":\"object\",\"properties\":{\"content\":{\"title\":\"Content\",\"type\":\"string\",\"description\":\"The body content of the email\",\"x-ibm-order\":6,\"x-ibm-important\":true,\"x-ibm-multiline\":true},\"contentType\":{\"title\":\"Content type\",\"type\":\"string\",\"description\":\"The content type of the email, such as text or HTML.\",\"default\":\"text/plain\",\"enum\":[\"text/plain\",\"text/html\"],\"x-ibm-order\":5,\"x-ibm-important\":true}},\"additionalProperties\":false,\"description\":\"The body content of the email\",\"x-ibm-order\":7}},\"x-ibm-important\":[\"To\",\"CC\",\"BCC\",\"Subject\",\"richTextBody\"],\"x-ibm-parameter-wrapper\":true},\"CREATE_mail_Response\":{\"type\":\"object\",\"properties\":{\"id\":{\"title\":\"Message ID\",\"maxLength\":255,\"type\":\"string\",\"description\":\"The unique identifier of an email message\",\"x-ibm-order\":20}},\"x-ibm-primarykey\":[\"id\"],\"x-ibm-parameter-wrapper\":true},\"UPDATEWITHWHERE_mail_Request\":{\"type\":\"object\",\"properties\":{\"addLabels\":{\"title\":\"Add labels\",\"type\":\"array\",\"description\":\"A tag, such as CATEGORY_SOCIAL or INBOX, that categorizes each email to help you organize emails. You can add one or multiple labels to each email.\",\"items\":{\"type\":\"object\",\"properties\":{\"label\":{\"title\":\"Labels\",\"type\":\"string\",\"description\":\"The labels that apply to the email, for example inbox, spam, trash, unread, starred, important, category personal, category social, category promotions, category updates, and category_forums\",\"x-ibm-order\":1}},\"additionalProperties\":false},\"x-ibm-order\":7},\"removeLabels\":{\"title\":\"Remove labels\",\"type\":\"array\",\"description\":\"Remove one or more labels, such as CATEGORY_SOCIAL, INBOX, from the email\",\"items\":{\"type\":\"object\",\"properties\":{\"label\":{\"title\":\"Labels\",\"type\":\"string\",\"description\":\"The labels that apply to the email, for example inbox, spam, trash, unread, starred, important, category personal, category social, category promotions, category updates, and category_forums\",\"x-ibm-order\":1}},\"additionalProperties\":false},\"x-ibm-order\":8}},\"x-ibm-parameter-wrapper\":true},\"UPDATEWITHWHERE_mail_Response\":{\"type\":\"object\",\"properties\":{\"CC\":{\"title\":\"Cc\",\"type\":\"string\",\"description\":\"The email addresses of the carbon-copy (Cc) recipients whom you intend to apprise of the email. Use comma between each email address.\",\"x-ibm-order\":3},\"To\":{\"title\":\"To\",\"maxLength\":255,\"type\":\"string\",\"description\":\"The email addresses of one or more recipients. Use comma between each email address.\",\"x-ibm-order\":2},\"id\":{\"title\":\"Message ID\",\"maxLength\":255,\"type\":\"string\",\"description\":\"The unique identifier of an email message\",\"x-ibm-order\":20},\"BCC\":{\"title\":\"Bcc\",\"type\":\"string\",\"description\":\"The email addresses of the blind carbon copy (Bcc) recipients whom you intend to apprise of the email privately. Use comma between each email address.\",\"x-ibm-order\":4},\"Body\":{\"title\":\"Body\",\"type\":\"string\",\"description\":\"The body content of the email\",\"x-ibm-order\":6,\"x-ibm-multiline\":true},\"Date\":{\"title\":\"Date\",\"type\":\"string\",\"description\":\"The date the email was sent\",\"x-ibm-order\":5},\"From\":{\"title\":\"From\",\"maxLength\":255,\"type\":\"string\",\"description\":\"The email address of the sender\",\"x-ibm-order\":1},\"userId\":{\"title\":\"User ID\",\"maxLength\":255,\"type\":\"string\",\"description\":\"The email address of the user's Gmail account\",\"default\":\"me\",\"x-ibm-order\":20},\"Subject\":{\"title\":\"Subject\",\"type\":\"string\",\"description\":\"A phrase that summarizes the email content\",\"x-ibm-order\":5},\"payload\":{\"title\":\"Payload\",\"type\":\"object\",\"properties\":{\"body\":{\"title\":\"Body\",\"type\":\"object\",\"properties\":{\"data\":{\"title\":\"Body data\",\"type\":\"string\",\"description\":\"The data or contents of the email body\",\"x-ibm-order\":2},\"size\":{\"title\":\"Body size\",\"type\":\"string\",\"description\":\"The size of the email body in bytes\",\"x-ibm-order\":1}},\"additionalProperties\":false,\"description\":\"The body content of the email\",\"x-ibm-order\":16},\"parts\":{\"title\":\"Parts\",\"type\":\"array\",\"description\":\"The child Multipurpose Internet Mail Extensions (MIME) email parts\",\"items\":{\"type\":\"object\",\"properties\":{\"partId\":{\"title\":\"Part ID\",\"type\":\"string\",\"description\":\"The unique identifier of the child MIME email part\",\"x-ibm-order\":1},\"headers\":{\"title\":\"Headers\",\"type\":\"array\",\"description\":\"The list of headers on the child MIME email part\",\"items\":{\"type\":\"object\",\"properties\":{\"name\":{\"title\":\"Header name\",\"type\":\"string\",\"description\":\"The name of the header on the child MIME email part\",\"x-ibm-order\":11},\"value\":{\"title\":\"Header value\",\"type\":\"string\",\"description\":\"The value of the header on the child MIME email part\",\"x-ibm-order\":11}},\"additionalProperties\":false},\"x-ibm-order\":4},\"filename\":{\"title\":\"File name\",\"type\":\"string\",\"description\":\"The file name of an attachment. The file name applies only when the email has an attachment.\",\"x-ibm-order\":2},\"mimeType\":{\"title\":\"MIME type\",\"type\":\"string\",\"description\":\"The Multipurpose Internet Mail Extensions (MIME) type of a child MIME email part\",\"x-ibm-order\":2}},\"additionalProperties\":false},\"x-ibm-order\":16},\"partId\":{\"title\":\"Part ID\",\"type\":\"string\",\"description\":\"An unchangeable unique identifier of the email part\",\"x-ibm-order\":1},\"headers\":{\"title\":\"Headers\",\"type\":\"array\",\"description\":\"The list of headers on the email part. For the top-level email part, the headers represent the entire message payload and contain the standard RFC 2822 email headers, such as To, From, and Subject.\",\"items\":{\"type\":\"object\",\"properties\":{\"name\":{\"title\":\"Header name\",\"type\":\"string\",\"description\":\"The name of the header before the separator (:), tor example To\",\"x-ibm-order\":11},\"value\":{\"title\":\"Header value\",\"type\":\"string\",\"description\":\"The value of the header after the separator (:), for example username@example.com\",\"x-ibm-order\":11}},\"additionalProperties\":false},\"x-ibm-order\":4},\"filename\":{\"title\":\"File name\",\"type\":\"string\",\"description\":\"The file name of an attachment. The file name applies only when the email has an attachment.\",\"x-ibm-order\":3},\"mimeType\":{\"title\":\"MIME type\",\"type\":\"string\",\"description\":\"The Multipurpose Internet Mail Extensions (MIME) type of the email part\",\"x-ibm-order\":2}},\"additionalProperties\":false,\"description\":\"The parsed email structure in the email parts\",\"x-ibm-order\":15},\"snippet\":{\"title\":\"Snippet\",\"type\":\"string\",\"description\":\"A few lines from the body of the email presented as a preview of the email\",\"x-ibm-order\":11},\"threadId\":{\"title\":\"Thread ID\",\"type\":\"string\",\"description\":\"The unique identifier of the thread containing the email\",\"x-ibm-order\":9},\"addLabels\":{\"title\":\"Add labels\",\"type\":\"array\",\"description\":\"A tag, such as CATEGORY_SOCIAL or INBOX, that categorizes each email to help you organize emails. You can add one or multiple labels to each email.\",\"items\":{\"type\":\"object\",\"properties\":{\"label\":{\"title\":\"Labels\",\"type\":\"string\",\"description\":\"The labels that apply to the email, for example inbox, spam, trash, unread, starred, important, category personal, category social, category promotions, category updates, and category_forums\",\"x-ibm-order\":1}},\"additionalProperties\":false},\"x-ibm-order\":7},\"historyId\":{\"title\":\"History ID\",\"type\":\"string\",\"description\":\"The unique identifier that is assigned to the email's history in the inbox\",\"x-ibm-order\":12},\"Attachments\":{\"title\":\"Attachments\",\"type\":\"array\",\"description\":\"One or more files to attach to the email\",\"items\":{\"type\":\"object\",\"properties\":{\"content\":{\"title\":\"Content\",\"type\":\"string\",\"description\":\"The content of the file attachment. If the content type is binary, specify the content in Base64-encoded format.\",\"x-ibm-order\":2,\"x-ibm-content-ref\":{\"managed\":true}},\"fileName\":{\"title\":\"File name\",\"type\":\"string\",\"description\":\"The file name, including the extension, of the attachment, for example test.pdf, test.docx, or test.txt\",\"x-ibm-order\":1}},\"additionalProperties\":false},\"x-ibm-show\":false,\"x-ibm-order\":21},\"internalDate\":{\"title\":\"Internal date\",\"type\":\"string\",\"description\":\"The internal email-creation timestamp in ISO 8601 UTC format (YYYY-MM-DDTHH:mm:ss.SSZ), which determines the order of the emails in the inbox\",\"format\":\"date-time\",\"x-ibm-order\":13},\"removeLabels\":{\"title\":\"Remove labels\",\"type\":\"array\",\"description\":\"Remove one or more labels, such as CATEGORY_SOCIAL, INBOX, from the email\",\"items\":{\"type\":\"object\",\"properties\":{\"label\":{\"title\":\"Labels\",\"type\":\"string\",\"description\":\"The labels that apply to the email, for example inbox, spam, trash, unread, starred, important, category personal, category social, category promotions, category updates, and category_forums\",\"x-ibm-order\":1}},\"additionalProperties\":false},\"x-ibm-order\":8},\"richTextBody\":{\"title\":\"Body\",\"type\":\"object\",\"properties\":{\"content\":{\"title\":\"Content\",\"type\":\"string\",\"description\":\"The body content of the email\",\"x-ibm-order\":6,\"x-ibm-important\":true,\"x-ibm-multiline\":true},\"contentType\":{\"title\":\"Content type\",\"type\":\"string\",\"description\":\"The content type of the email, such as text or HTML.\",\"default\":\"text/plain\",\"enum\":[\"text/plain\",\"text/html\"],\"x-ibm-order\":5,\"x-ibm-important\":true}},\"additionalProperties\":false,\"description\":\"The body content of the email\",\"x-ibm-order\":7},\"sizeEstimate\":{\"title\":\"Size estimate\",\"type\":\"number\",\"description\":\"The estimated size of the email in bytes\",\"x-ibm-order\":14},\"nextPageToken\":{\"title\":\"Next page token\",\"type\":\"string\",\"description\":\"The page token to retrieve a specific page of results in the list. The nextPageToken value that is returned in the last record of a retrieve response can be used in the next call.\",\"x-ibm-order\":16}},\"x-ibm-primarykey\":[\"id\"],\"x-ibm-parameter-wrapper\":true},\"RETRIEVEWITHWHERE_mail_Response\":{\"type\":\"object\",\"properties\":{\"next\":{\"type\":\"object\",\"properties\":{\"next_page_token\":{\"type\":\"string\",\"description\":\"For token-based pagination, the token to retrieve the next page\",\"x-ibm-show\":false}}},\"instances\":{\"type\":\"array\",\"items\":{\"type\":\"object\",\"properties\":{\"id\":{\"title\":\"Message ID\",\"maxLength\":255,\"type\":\"string\",\"description\":\"The unique identifier of an email message\",\"x-ibm-order\":20},\"payload\":{\"title\":\"Payload\",\"type\":\"object\",\"properties\":{\"body\":{\"title\":\"Body\",\"type\":\"object\",\"properties\":{\"data\":{\"title\":\"Body data\",\"type\":\"string\",\"description\":\"The data or contents of the email body\",\"x-ibm-order\":2},\"size\":{\"title\":\"Body size\",\"type\":\"string\",\"description\":\"The size of the email body in bytes\",\"x-ibm-order\":1}},\"additionalProperties\":false,\"description\":\"The body content of the email\",\"x-ibm-order\":16},\"parts\":{\"title\":\"Parts\",\"type\":\"array\",\"description\":\"The child Multipurpose Internet Mail Extensions (MIME) email parts\",\"items\":{\"type\":\"object\",\"properties\":{\"partId\":{\"title\":\"Part ID\",\"type\":\"string\",\"description\":\"The unique identifier of the child MIME email part\",\"x-ibm-order\":1},\"headers\":{\"title\":\"Headers\",\"type\":\"array\",\"description\":\"The list of headers on the child MIME email part\",\"items\":{\"type\":\"object\",\"properties\":{\"name\":{\"title\":\"Header name\",\"type\":\"string\",\"description\":\"The name of the header on the child MIME email part\",\"x-ibm-order\":11},\"value\":{\"title\":\"Header value\",\"type\":\"string\",\"description\":\"The value of the header on the child MIME email part\",\"x-ibm-order\":11}},\"additionalProperties\":false},\"x-ibm-order\":4},\"filename\":{\"title\":\"File name\",\"type\":\"string\",\"description\":\"The file name of an attachment. The file name applies only when the email has an attachment.\",\"x-ibm-order\":2},\"mimeType\":{\"title\":\"MIME type\",\"type\":\"string\",\"description\":\"The Multipurpose Internet Mail Extensions (MIME) type of a child MIME email part\",\"x-ibm-order\":2}},\"additionalProperties\":false},\"x-ibm-order\":16},\"partId\":{\"title\":\"Part ID\",\"type\":\"string\",\"description\":\"An unchangeable unique identifier of the email part\",\"x-ibm-order\":1},\"headers\":{\"title\":\"Headers\",\"type\":\"array\",\"description\":\"The list of headers on the email part. For the top-level email part, the headers represent the entire message payload and contain the standard RFC 2822 email headers, such as To, From, and Subject.\",\"items\":{\"type\":\"object\",\"properties\":{\"name\":{\"title\":\"Header name\",\"type\":\"string\",\"description\":\"The name of the header before the separator (:), tor example To\",\"x-ibm-order\":11},\"value\":{\"title\":\"Header value\",\"type\":\"string\",\"description\":\"The value of the header after the separator (:), for example username@example.com\",\"x-ibm-order\":11}},\"additionalProperties\":false},\"x-ibm-order\":4},\"filename\":{\"title\":\"File name\",\"type\":\"string\",\"description\":\"The file name of an attachment. The file name applies only when the email has an attachment.\",\"x-ibm-order\":3},\"mimeType\":{\"title\":\"MIME type\",\"type\":\"string\",\"description\":\"The Multipurpose Internet Mail Extensions (MIME) type of the email part\",\"x-ibm-order\":2}},\"additionalProperties\":false,\"description\":\"The parsed email structure in the email parts\",\"x-ibm-order\":15},\"snippet\":{\"title\":\"Snippet\",\"type\":\"string\",\"description\":\"A few lines from the body of the email presented as a preview of the email\",\"x-ibm-order\":11},\"threadId\":{\"title\":\"Thread ID\",\"type\":\"string\",\"description\":\"The unique identifier of the thread containing the email\",\"x-ibm-order\":9},\"historyId\":{\"title\":\"History ID\",\"type\":\"string\",\"description\":\"The unique identifier that is assigned to the email's history in the inbox\",\"x-ibm-order\":12},\"internalDate\":{\"title\":\"Internal date\",\"type\":\"string\",\"description\":\"The internal email-creation timestamp in ISO 8601 UTC format (YYYY-MM-DDTHH:mm:ss.SSZ), which determines the order of the emails in the inbox\",\"format\":\"date-time\",\"x-ibm-order\":13},\"sizeEstimate\":{\"title\":\"Size estimate\",\"type\":\"number\",\"description\":\"The estimated size of the email in bytes\",\"x-ibm-order\":14}}}}},\"x-ibm-primarykey\":[\"id\"],\"x-ibm-parameter-wrapper\":true}},\"responses\":{\"Error400\":{\"description\":\"The server can't or won't process the request because there is a perceived client error, such as malformed request syntax, invalid request message framing, or deceptive request routing.\",\"content\":{\"application/json\":{\"schema\":{\"required\":[\"errors\"],\"type\":\"object\",\"properties\":{\"errors\":{\"type\":\"array\",\"items\":{\"required\":[\"code\",\"message\"],\"type\":\"object\",\"properties\":{\"code\":{\"type\":\"string\",\"description\":\"Error code\"},\"context\":{\"type\":\"object\",\"additionalProperties\":{\"anyOf\":[{\"type\":\"string\"},{\"type\":\"number\"},{\"type\":\"boolean\"}]},\"description\":\"An object that contains data relevant to this error and is often included in the message, which is useful for apps that want to do further processing on the error.\"},\"message\":{\"type\":\"string\",\"description\":\"Human-readable message for this error\"},\"moreInfo\":{\"type\":\"string\",\"description\":\"A link to additional information about this error\",\"format\":\"uri\"},\"errorDetails\":{\"type\":\"string\",\"description\":\"More textual information about this error\"}},\"additionalProperties\":true,\"description\":\"Each error has an error code, an error message that describes the error, and might also have a URL pointing to more information about the error.\"}}},\"description\":\"The error object contains the errors array, which lists all the errors.\"}}}},\"Error401\":{\"description\":\"The request wasn't completed because the credentials are incorrect or invalid.\",\"content\":{\"application/json\":{\"schema\":{\"required\":[\"errors\"],\"type\":\"object\",\"properties\":{\"errors\":{\"type\":\"array\",\"items\":{\"required\":[\"code\",\"message\"],\"type\":\"object\",\"properties\":{\"code\":{\"type\":\"string\",\"description\":\"Error code\"},\"context\":{\"type\":\"object\",\"additionalProperties\":{\"anyOf\":[{\"type\":\"string\"},{\"type\":\"number\"},{\"type\":\"boolean\"}]},\"description\":\"An object that contains data relevant to this error and is often included in the message, which is useful for apps that want to do further processing on the error.\"},\"message\":{\"type\":\"string\",\"description\":\"Human-readable message for this error\"},\"moreInfo\":{\"type\":\"string\",\"description\":\"A link to additional information about this error\",\"format\":\"uri\"},\"errorDetails\":{\"type\":\"string\",\"description\":\"More textual information about this error\"}},\"additionalProperties\":true,\"description\":\"Each error has an error code, an error message that describes the error, and might also have a URL pointing to more information about the error.\"}}},\"description\":\"The error object contains the errors array, which lists all the errors.\"}}}},\"Error404\":{\"description\":\"The server can't find the requested resource.\",\"content\":{\"application/json\":{\"schema\":{\"required\":[\"errors\"],\"type\":\"object\",\"properties\":{\"errors\":{\"type\":\"array\",\"items\":{\"required\":[\"code\",\"message\"],\"type\":\"object\",\"properties\":{\"code\":{\"type\":\"string\",\"description\":\"Error code\"},\"context\":{\"type\":\"object\",\"additionalProperties\":{\"anyOf\":[{\"type\":\"string\"},{\"type\":\"number\"},{\"type\":\"boolean\"}]},\"description\":\"An object that contains data relevant to this error and is often included in the message, which is useful for apps that want to do further processing on the error.\"},\"message\":{\"type\":\"string\",\"description\":\"Human-readable message for this error\"},\"moreInfo\":{\"type\":\"string\",\"description\":\"A link to additional information about this error\",\"format\":\"uri\"},\"errorDetails\":{\"type\":\"string\",\"description\":\"More textual information about this error\"}},\"additionalProperties\":true,\"description\":\"Each error has an error code, an error message that describes the error, and might also have a URL pointing to more information about the error.\"}}},\"description\":\"The error object contains the errors array, which lists all the errors.\"}}}},\"Error4XX\":{\"description\":\"Client error\",\"content\":{\"application/json\":{\"schema\":{\"required\":[\"errors\"],\"type\":\"object\",\"properties\":{\"errors\":{\"type\":\"array\",\"items\":{\"required\":[\"code\",\"message\"],\"type\":\"object\",\"properties\":{\"code\":{\"type\":\"string\",\"description\":\"Error code\"},\"context\":{\"type\":\"object\",\"additionalProperties\":{\"anyOf\":[{\"type\":\"string\"},{\"type\":\"number\"},{\"type\":\"boolean\"}]},\"description\":\"An object that contains data relevant to this error and is often included in the message, which is useful for apps that want to do further processing on the error.\"},\"message\":{\"type\":\"string\",\"description\":\"Human-readable message for this error\"},\"moreInfo\":{\"type\":\"string\",\"description\":\"A link to additional information about this error\",\"format\":\"uri\"},\"errorDetails\":{\"type\":\"string\",\"description\":\"More textual information about this error\"}},\"additionalProperties\":true,\"description\":\"Each error has an error code, an error message that describes the error, and might also have a URL pointing to more information about the error.\"}}},\"description\":\"The error object contains the errors array, which lists all the errors.\"}}}},\"Error5XX\":{\"description\":\"Unexpected server error\",\"content\":{\"application/json\":{\"schema\":{\"required\":[\"errors\"],\"type\":\"object\",\"properties\":{\"errors\":{\"type\":\"array\",\"items\":{\"required\":[\"code\",\"message\"],\"type\":\"object\",\"properties\":{\"code\":{\"type\":\"string\",\"description\":\"Error code\"},\"context\":{\"type\":\"object\",\"additionalProperties\":{\"anyOf\":[{\"type\":\"string\"},{\"type\":\"number\"},{\"type\":\"boolean\"}]},\"description\":\"An object that contains data relevant to this error and is often included in the message, which is useful for apps that want to do further processing on the error.\"},\"message\":{\"type\":\"string\",\"description\":\"Human-readable message for this error\"},\"moreInfo\":{\"type\":\"string\",\"description\":\"A link to additional information about this error\",\"format\":\"uri\"},\"errorDetails\":{\"type\":\"string\",\"description\":\"More textual information about this error\"}},\"additionalProperties\":true,\"description\":\"Each error has an error code, an error message that describes the error, and might also have a URL pointing to more information about the error.\"}}},\"description\":\"The error object contains the errors array, which lists all the errors.\"}}}}},\"parameters\":{\"filter\":{\"name\":\"filter\",\"in\":\"query\",\"description\":\"The [`filter`](https://loopback.io/doc/en/lb4/Where-filter.html) is a type of filter clause that consists of one or more logical conditions to match, it is a way of achieving subsetting of data based on the specified conditions\",\"required\":false,\"style\":\"form\",\"explode\":true,\"schema\":{\"type\":\"string\"},\"x-ibm-label\":\"filter\",\"x-ibm-operators\":[\"eq\"],\"x-ibm-queryable-fields\":{\"type\":\"object\",\"properties\":{\"id\":{\"type\":\"string\",\"title\":\"Message ID\",\"maxLength\":255,\"description\":\"The unique identifier of an email message\",\"x-ibm-order\":20}}}},\"accountName\":{\"name\":\"accountName\",\"in\":\"path\",\"description\":\"Account name\",\"required\":true,\"style\":\"simple\",\"explode\":false,\"schema\":{\"type\":\"string\"},\"x-ibm-label\":\"Account name\"},\"where_DELETE\":{\"name\":\"where\",\"in\":\"query\",\"description\":\"The [`where` filter](https://loopback.io/doc/en/lb4/Where-filter.html) is a type of filter clause that consists of one or more logical conditions to match, it is a way of achieving subsetting of data based on the specified conditions\",\"required\":false,\"style\":\"form\",\"explode\":true,\"schema\":{\"type\":\"string\"},\"x-ibm-label\":\"where\",\"x-ibm-queryable-fields\":{\"type\":\"object\",\"properties\":{\"id\":{\"type\":\"string\",\"title\":\"Message ID\",\"maxLength\":255,\"description\":\"The unique identifier of an email message\",\"x-ibm-order\":20}},\"x-ibm-filter-format\":\"no-where\"}},\"next_page_token\":{\"name\":\"next_page_token\",\"in\":\"query\",\"description\":\"token to obtain next set of records\",\"required\":false,\"style\":\"form\",\"explode\":true,\"schema\":{\"type\":\"string\",\"x-ibm-pagination\":{\"jmesPath\":\"next.next_page_token\",\"pagination\":true,\"isNextPageToken\":true}},\"x-ibm-show\":false,\"x-ibm-label\":\"Next page token\"},\"where_UPDATEWITHWHERE\":{\"name\":\"where\",\"in\":\"query\",\"description\":\"The [`where` filter](https://loopback.io/doc/en/lb4/Where-filter.html) is a type of filter clause that consists of one or more logical conditions to match, it is a way of achieving subsetting of data based on the specified conditions\",\"required\":false,\"style\":\"form\",\"explode\":true,\"schema\":{\"type\":\"string\"},\"x-ibm-label\":\"where\",\"x-ibm-queryable-fields\":{\"type\":\"object\",\"properties\":{\"id\":{\"type\":\"string\",\"title\":\"Message ID\",\"maxLength\":255,\"description\":\"The unique identifier of an email message\",\"x-ibm-order\":20}},\"x-ibm-filter-format\":\"no-where\"}}},\"securitySchemes\":{\"IBM-WO-JWT\":{\"type\":\"http\",\"scheme\":\"bearer\",\"bearerFormat\":\"IBM-Watsonx-Orchestrate-JWT\"}}}}",
    "namespace" : "http://www.ibm.com/xmlns/prod/bpm/bpmn/ext/externalservice/swagger/fc2d8dbf-3404-457c-a884-1b9145709e8eService",
    "type" : "swagger",
    "url" : "file:/opt/ibm/wlp/output/defaultServer/temp/automationServiceDiscovery2383113143272000508.json"
  },
  "type" : "BPMService",
  "definitions" : "{\"openapi\":\"3.0.1\",\"info\":{\"title\":\"Gmail mail\",\"description\":\"This OpenAPI document describes the operations that the gmail mail runtime APIs support.\",\"version\":\"2.0.0\",\"x-ibm-schema-uri\":\"/api/v2/applications/gmail/accounts/{accountName}/objects/mail/descriptor\",\"x-ibm-skill-type\":\"primitive\",\"x-ibm-annotations\":true,\"x-ibm-application-id\":\"gmail\",\"x-ibm-account-version\":\"v2\",\"x-ibm-application-icon\":\"/api/v2/applications/gmail/icon\",\"x-ibm-application-name\":\"Gmail\",\"x-ibm-connector-version\":\"3.1.0\"},\"servers\":[{\"url\":\"https://dl.watson-orchestrate.ibm.com/asb/uabskillproxy\"}],\"security\":[{\"IBM-WO-JWT\":[]}],\"paths\":{\"/invoke/skill/Gmail-mail__2.0.0__create_mail\":{\"post\":{\"summary\":\"Send an email\",\"description\":\"from Gmail\",\"operationId\":\"create_mail\",\"parameters\":[],\"requestBody\":{\"content\":{\"application/json\":{\"schema\":{\"type\":\"object\",\"properties\":{\"CC\":{\"title\":\"Cc\",\"type\":\"string\",\"description\":\"The email addresses of the carbon-copy (Cc) recipients whom you intend to apprise of the email. Use comma between each email address.\",\"x-ibm-order\":3},\"To\":{\"title\":\"To\",\"maxLength\":255,\"type\":\"string\",\"description\":\"The email addresses of one or more recipients. Use comma between each email address.\",\"x-ibm-order\":2},\"BCC\":{\"title\":\"Bcc\",\"type\":\"string\",\"description\":\"The email addresses of the blind carbon copy (Bcc) recipients whom you intend to apprise of the email privately. Use comma between each email address.\",\"x-ibm-order\":4},\"Subject\":{\"title\":\"Subject\",\"type\":\"string\",\"description\":\"A phrase that summarizes the email content\",\"x-ibm-order\":5},\"Attachments\":{\"title\":\"Attachments\",\"type\":\"array\",\"description\":\"One or more files to attach to the email\",\"items\":{\"type\":\"object\",\"properties\":{\"content\":{\"title\":\"Content\",\"type\":\"string\",\"description\":\"The content of the file attachment. If the content type is binary, specify the content in Base64-encoded format.\",\"x-ibm-order\":2,\"x-ibm-content-ref\":{\"managed\":true}},\"fileName\":{\"title\":\"File name\",\"type\":\"string\",\"description\":\"The file name, including the extension, of the attachment, for example test.pdf, test.docx, or test.txt\",\"x-ibm-order\":1}},\"additionalProperties\":false},\"x-ibm-show\":false,\"x-ibm-order\":21},\"richTextBody\":{\"title\":\"Body\",\"type\":\"object\",\"properties\":{\"content\":{\"title\":\"Content\",\"type\":\"string\",\"description\":\"The body content of the email\",\"x-ibm-order\":6,\"x-ibm-important\":true,\"x-ibm-multiline\":true},\"contentType\":{\"title\":\"Content type\",\"type\":\"string\",\"description\":\"The content type of the email, such as text or HTML.\",\"default\":\"text/plain\",\"enum\":[\"text/plain\",\"text/html\"],\"x-ibm-order\":5,\"x-ibm-important\":true}},\"additionalProperties\":false,\"description\":\"The body content of the email\",\"x-ibm-order\":7}},\"x-ibm-important\":[\"To\",\"CC\",\"BCC\",\"Subject\",\"richTextBody\"],\"x-ibm-parameter-wrapper\":true}}}},\"responses\":{\"201\":{\"description\":\"The email was sent successfully.\",\"content\":{\"application/json\":{\"schema\":{\"type\":\"object\",\"properties\":{\"id\":{\"title\":\"Message ID\",\"maxLength\":255,\"type\":\"string\",\"description\":\"The unique identifier of an email message\",\"x-ibm-order\":20}},\"x-ibm-primarykey\":[\"id\"],\"x-ibm-parameter-wrapper\":true}}}},\"400\":{\"description\":\"The server can't or won't process the request because there is a perceived client error, such as malformed request syntax, invalid request message framing, or deceptive request routing.\",\"content\":{\"application/json\":{\"schema\":{\"required\":[\"errors\"],\"type\":\"object\",\"properties\":{\"errors\":{\"type\":\"array\",\"items\":{\"required\":[\"code\",\"message\"],\"type\":\"object\",\"properties\":{\"code\":{\"type\":\"string\",\"description\":\"Error code\"},\"context\":{\"type\":\"object\",\"additionalProperties\":{\"anyOf\":[{\"type\":\"string\"},{\"type\":\"number\"},{\"type\":\"boolean\"}]},\"description\":\"An object that contains data relevant to this error and is often included in the message, which is useful for apps that want to do further processing on the error.\"},\"message\":{\"type\":\"string\",\"description\":\"Human-readable message for this error\"},\"moreInfo\":{\"type\":\"string\",\"description\":\"A link to additional information about this error\",\"format\":\"uri\"},\"errorDetails\":{\"type\":\"string\",\"description\":\"More textual information about this error\"}},\"additionalProperties\":true,\"description\":\"Each error has an error code, an error message that describes the error, and might also have a URL pointing to more information about the error.\"}}},\"description\":\"The error object contains the errors array, which lists all the errors.\"}}}},\"401\":{\"description\":\"The request wasn't completed because the credentials are incorrect or invalid.\",\"content\":{\"application/json\":{\"schema\":{\"required\":[\"errors\"],\"type\":\"object\",\"properties\":{\"errors\":{\"type\":\"array\",\"items\":{\"required\":[\"code\",\"message\"],\"type\":\"object\",\"properties\":{\"code\":{\"type\":\"string\",\"description\":\"Error code\"},\"context\":{\"type\":\"object\",\"additionalProperties\":{\"anyOf\":[{\"type\":\"string\"},{\"type\":\"number\"},{\"type\":\"boolean\"}]},\"description\":\"An object that contains data relevant to this error and is often included in the message, which is useful for apps that want to do further processing on the error.\"},\"message\":{\"type\":\"string\",\"description\":\"Human-readable message for this error\"},\"moreInfo\":{\"type\":\"string\",\"description\":\"A link to additional information about this error\",\"format\":\"uri\"},\"errorDetails\":{\"type\":\"string\",\"description\":\"More textual information about this error\"}},\"additionalProperties\":true,\"description\":\"Each error has an error code, an error message that describes the error, and might also have a URL pointing to more information about the error.\"}}},\"description\":\"The error object contains the errors array, which lists all the errors.\"}}}},\"404\":{\"description\":\"The server can't find the requested resource.\",\"content\":{\"application/json\":{\"schema\":{\"required\":[\"errors\"],\"type\":\"object\",\"properties\":{\"errors\":{\"type\":\"array\",\"items\":{\"required\":[\"code\",\"message\"],\"type\":\"object\",\"properties\":{\"code\":{\"type\":\"string\",\"description\":\"Error code\"},\"context\":{\"type\":\"object\",\"additionalProperties\":{\"anyOf\":[{\"type\":\"string\"},{\"type\":\"number\"},{\"type\":\"boolean\"}]},\"description\":\"An object that contains data relevant to this error and is often included in the message, which is useful for apps that want to do further processing on the error.\"},\"message\":{\"type\":\"string\",\"description\":\"Human-readable message for this error\"},\"moreInfo\":{\"type\":\"string\",\"description\":\"A link to additional information about this error\",\"format\":\"uri\"},\"errorDetails\":{\"type\":\"string\",\"description\":\"More textual information about this error\"}},\"additionalProperties\":true,\"description\":\"Each error has an error code, an error message that describes the error, and might also have a URL pointing to more information about the error.\"}}},\"description\":\"The error object contains the errors array, which lists all the errors.\"}}}},\"4XX\":{\"description\":\"Client error\",\"content\":{\"application/json\":{\"schema\":{\"required\":[\"errors\"],\"type\":\"object\",\"properties\":{\"errors\":{\"type\":\"array\",\"items\":{\"required\":[\"code\",\"message\"],\"type\":\"object\",\"properties\":{\"code\":{\"type\":\"string\",\"description\":\"Error code\"},\"context\":{\"type\":\"object\",\"additionalProperties\":{\"anyOf\":[{\"type\":\"string\"},{\"type\":\"number\"},{\"type\":\"boolean\"}]},\"description\":\"An object that contains data relevant to this error and is often included in the message, which is useful for apps that want to do further processing on the error.\"},\"message\":{\"type\":\"string\",\"description\":\"Human-readable message for this error\"},\"moreInfo\":{\"type\":\"string\",\"description\":\"A link to additional information about this error\",\"format\":\"uri\"},\"errorDetails\":{\"type\":\"string\",\"description\":\"More textual information about this error\"}},\"additionalProperties\":true,\"description\":\"Each error has an error code, an error message that describes the error, and might also have a URL pointing to more information about the error.\"}}},\"description\":\"The error object contains the errors array, which lists all the errors.\"}}}},\"5XX\":{\"description\":\"Unexpected server error\",\"content\":{\"application/json\":{\"schema\":{\"required\":[\"errors\"],\"type\":\"object\",\"properties\":{\"errors\":{\"type\":\"array\",\"items\":{\"required\":[\"code\",\"message\"],\"type\":\"object\",\"properties\":{\"code\":{\"type\":\"string\",\"description\":\"Error code\"},\"context\":{\"type\":\"object\",\"additionalProperties\":{\"anyOf\":[{\"type\":\"string\"},{\"type\":\"number\"},{\"type\":\"boolean\"}]},\"description\":\"An object that contains data relevant to this error and is often included in the message, which is useful for apps that want to do further processing on the error.\"},\"message\":{\"type\":\"string\",\"description\":\"Human-readable message for this error\"},\"moreInfo\":{\"type\":\"string\",\"description\":\"A link to additional information about this error\",\"format\":\"uri\"},\"errorDetails\":{\"type\":\"string\",\"description\":\"More textual information about this error\"}},\"additionalProperties\":true,\"description\":\"Each error has an error code, an error message that describes the error, and might also have a URL pointing to more information about the error.\"}}},\"description\":\"The error object contains the errors array, which lists all the errors.\"}}}}},\"x-ibm-visible\":true,\"x-ibm-operation\":{\"verb\":\"create\",\"model\":\"mail\"},\"x-ibm-next-actions\":[],\"x-ibm-nl-intent-examples\":[\"Send an email\",\"How can I help with sending email in Gmail?\",\"How can I send email in Gmail?\",\"Send a new email to your friend\",\"Initiate the email\",\"I want to send an email through my Gmail account\",\"Compose a new email\",\"How do I send email to new email addresses?\",\"Send new email to a friend or colleague?\",\"Can I send an email from a Gmail account?\",\"Can I send an email in Gmail?\",\"I want to send emails in Gmail?\",\"Send new email\",\"How can I get help with Send Email in Gmail?\",\"Initiate email\",\"How can I send email from Gmail?\",\"How can I send emails to someone in Gmail?\",\"How can I send email to gmail account?\",\"Write a new email\",\"How do I write a new email?\",\"How can I send email using Gmail?\",\"How do you send an email using Gmail?\",\"Send a new email\",\"Can you send email to a Gmail address?\"]}}},\"components\":{\"schemas\":{\"mail\":{\"type\":\"object\",\"properties\":{\"CC\":{\"title\":\"Cc\",\"type\":\"string\",\"description\":\"The email addresses of the carbon-copy (Cc) recipients whom you intend to apprise of the email. Use comma between each email address.\",\"x-ibm-order\":3},\"To\":{\"title\":\"To\",\"maxLength\":255,\"type\":\"string\",\"description\":\"The email addresses of one or more recipients. Use comma between each email address.\",\"x-ibm-order\":2},\"id\":{\"title\":\"Message ID\",\"maxLength\":255,\"type\":\"string\",\"description\":\"The unique identifier of an email message\",\"x-ibm-order\":20},\"BCC\":{\"title\":\"Bcc\",\"type\":\"string\",\"description\":\"The email addresses of the blind carbon copy (Bcc) recipients whom you intend to apprise of the email privately. Use comma between each email address.\",\"x-ibm-order\":4},\"Body\":{\"title\":\"Body\",\"type\":\"string\",\"description\":\"The body content of the email\",\"x-ibm-order\":6,\"x-ibm-multiline\":true},\"Date\":{\"title\":\"Date\",\"type\":\"string\",\"description\":\"The date the email was sent\",\"x-ibm-order\":5},\"From\":{\"title\":\"From\",\"maxLength\":255,\"type\":\"string\",\"description\":\"The email address of the sender\",\"x-ibm-order\":1},\"userId\":{\"title\":\"User ID\",\"maxLength\":255,\"type\":\"string\",\"description\":\"The email address of the user's Gmail account\",\"default\":\"me\",\"x-ibm-order\":20},\"Subject\":{\"title\":\"Subject\",\"type\":\"string\",\"description\":\"A phrase that summarizes the email content\",\"x-ibm-order\":5},\"eventId\":{\"title\":\"Event ID\",\"type\":\"string\",\"description\":\"The unique ID of the event\",\"x-ibm-order\":17},\"payload\":{\"title\":\"Payload\",\"type\":\"object\",\"properties\":{\"body\":{\"title\":\"Body\",\"type\":\"object\",\"properties\":{\"data\":{\"title\":\"Body data\",\"type\":\"string\",\"description\":\"The data or contents of the email body\",\"x-ibm-order\":2},\"size\":{\"title\":\"Body size\",\"type\":\"string\",\"description\":\"The size of the email body in bytes\",\"x-ibm-order\":1}},\"additionalProperties\":false,\"description\":\"The body content of the email\",\"x-ibm-order\":16},\"parts\":{\"title\":\"Parts\",\"type\":\"array\",\"description\":\"The child Multipurpose Internet Mail Extensions (MIME) email parts\",\"items\":{\"type\":\"object\",\"properties\":{\"partId\":{\"title\":\"Part ID\",\"type\":\"string\",\"description\":\"The unique identifier of the child MIME email part\",\"x-ibm-order\":1},\"headers\":{\"title\":\"Headers\",\"type\":\"array\",\"description\":\"The list of headers on the child MIME email part\",\"items\":{\"type\":\"object\",\"properties\":{\"name\":{\"title\":\"Header name\",\"type\":\"string\",\"description\":\"The name of the header on the child MIME email part\",\"x-ibm-order\":11},\"value\":{\"title\":\"Header value\",\"type\":\"string\",\"description\":\"The value of the header on the child MIME email part\",\"x-ibm-order\":11}},\"additionalProperties\":false},\"x-ibm-order\":4},\"filename\":{\"title\":\"File name\",\"type\":\"string\",\"description\":\"The file name of an attachment. The file name applies only when the email has an attachment.\",\"x-ibm-order\":2},\"mimeType\":{\"title\":\"MIME type\",\"type\":\"string\",\"description\":\"The Multipurpose Internet Mail Extensions (MIME) type of a child MIME email part\",\"x-ibm-order\":2}},\"additionalProperties\":false},\"x-ibm-order\":16},\"partId\":{\"title\":\"Part ID\",\"type\":\"string\",\"description\":\"An unchangeable unique identifier of the email part\",\"x-ibm-order\":1},\"headers\":{\"title\":\"Headers\",\"type\":\"array\",\"description\":\"The list of headers on the email part. For the top-level email part, the headers represent the entire message payload and contain the standard RFC 2822 email headers, such as To, From, and Subject.\",\"items\":{\"type\":\"object\",\"properties\":{\"name\":{\"title\":\"Header name\",\"type\":\"string\",\"description\":\"The name of the header before the separator (:), tor example To\",\"x-ibm-order\":11},\"value\":{\"title\":\"Header value\",\"type\":\"string\",\"description\":\"The value of the header after the separator (:), for example username@example.com\",\"x-ibm-order\":11}},\"additionalProperties\":false},\"x-ibm-order\":4},\"filename\":{\"title\":\"File name\",\"type\":\"string\",\"description\":\"The file name of an attachment. The file name applies only when the email has an attachment.\",\"x-ibm-order\":3},\"mimeType\":{\"title\":\"MIME type\",\"type\":\"string\",\"description\":\"The Multipurpose Internet Mail Extensions (MIME) type of the email part\",\"x-ibm-order\":2}},\"additionalProperties\":false,\"description\":\"The parsed email structure in the email parts\",\"x-ibm-order\":15},\"snippet\":{\"title\":\"Snippet\",\"type\":\"string\",\"description\":\"A few lines from the body of the email presented as a preview of the email\",\"x-ibm-order\":11},\"threadId\":{\"title\":\"Thread ID\",\"type\":\"string\",\"description\":\"The unique identifier of the thread containing the email\",\"x-ibm-order\":9},\"addLabels\":{\"title\":\"Add labels\",\"type\":\"array\",\"description\":\"A tag, such as CATEGORY_SOCIAL or INBOX, that categorizes each email to help you organize emails. You can add one or multiple labels to each email.\",\"items\":{\"type\":\"object\",\"properties\":{\"label\":{\"title\":\"Labels\",\"type\":\"string\",\"description\":\"The labels that apply to the email, for example inbox, spam, trash, unread, starred, important, category personal, category social, category promotions, category updates, and category_forums\",\"x-ibm-order\":1}},\"additionalProperties\":false},\"x-ibm-order\":7},\"eventType\":{\"title\":\"Event type\",\"type\":\"string\",\"description\":\"The type of event\",\"x-ibm-order\":18},\"historyId\":{\"title\":\"History ID\",\"type\":\"string\",\"description\":\"The unique identifier that is assigned to the email's history in the inbox\",\"x-ibm-order\":12},\"Attachments\":{\"title\":\"Attachments\",\"type\":\"array\",\"description\":\"One or more files to attach to the email\",\"items\":{\"type\":\"object\",\"properties\":{\"content\":{\"title\":\"Content\",\"type\":\"string\",\"description\":\"The content of the file attachment. If the content type is binary, specify the content in Base64-encoded format.\",\"x-ibm-order\":2,\"x-ibm-content-ref\":{\"managed\":true}},\"fileName\":{\"title\":\"File name\",\"type\":\"string\",\"description\":\"The file name, including the extension, of the attachment, for example test.pdf, test.docx, or test.txt\",\"x-ibm-order\":1}},\"additionalProperties\":false},\"x-ibm-show\":false,\"x-ibm-order\":21},\"internalDate\":{\"title\":\"Internal date\",\"type\":\"string\",\"description\":\"The internal email-creation timestamp in ISO 8601 UTC format (YYYY-MM-DDTHH:mm:ss.SSZ), which determines the order of the emails in the inbox\",\"format\":\"date-time\",\"x-ibm-order\":13},\"removeLabels\":{\"title\":\"Remove labels\",\"type\":\"array\",\"description\":\"Remove one or more labels, such as CATEGORY_SOCIAL, INBOX, from the email\",\"items\":{\"type\":\"object\",\"properties\":{\"label\":{\"title\":\"Labels\",\"type\":\"string\",\"description\":\"The labels that apply to the email, for example inbox, spam, trash, unread, starred, important, category personal, category social, category promotions, category updates, and category_forums\",\"x-ibm-order\":1}},\"additionalProperties\":false},\"x-ibm-order\":8},\"richTextBody\":{\"title\":\"Body\",\"type\":\"object\",\"properties\":{\"content\":{\"title\":\"Content\",\"type\":\"string\",\"description\":\"The body content of the email\",\"x-ibm-order\":6,\"x-ibm-important\":true,\"x-ibm-multiline\":true},\"contentType\":{\"title\":\"Content type\",\"type\":\"string\",\"description\":\"The content type of the email, such as text or HTML.\",\"default\":\"text/plain\",\"enum\":[\"text/plain\",\"text/html\"],\"x-ibm-order\":5,\"x-ibm-important\":true}},\"additionalProperties\":false,\"description\":\"The body content of the email\",\"x-ibm-order\":7},\"sizeEstimate\":{\"title\":\"Size estimate\",\"type\":\"number\",\"description\":\"The estimated size of the email in bytes\",\"x-ibm-order\":14},\"nextPageToken\":{\"title\":\"Next page token\",\"type\":\"string\",\"description\":\"The page token to retrieve a specific page of results in the list. The nextPageToken value that is returned in the last record of a retrieve response can be used in the next call.\",\"x-ibm-order\":16}},\"x-ibm-primarykey\":[\"id\"]},\"ErrorItem\":{\"required\":[\"code\",\"message\"],\"type\":\"object\",\"properties\":{\"code\":{\"type\":\"string\",\"description\":\"Error code\"},\"context\":{\"type\":\"object\",\"additionalProperties\":{\"anyOf\":[{\"type\":\"string\"},{\"type\":\"number\"},{\"type\":\"boolean\"}]},\"description\":\"An object that contains data relevant to this error and is often included in the message, which is useful for apps that want to do further processing on the error.\"},\"message\":{\"type\":\"string\",\"description\":\"Human-readable message for this error\"},\"moreInfo\":{\"type\":\"string\",\"description\":\"A link to additional information about this error\",\"format\":\"uri\"},\"errorDetails\":{\"type\":\"string\",\"description\":\"More textual information about this error\"}},\"additionalProperties\":true,\"description\":\"Each error has an error code, an error message that describes the error, and might also have a URL pointing to more information about the error.\"},\"SimpleType\":{\"anyOf\":[{\"type\":\"string\"},{\"type\":\"number\"},{\"type\":\"boolean\"}]},\"gmailError\":{\"required\":[\"errors\"],\"type\":\"object\",\"properties\":{\"errors\":{\"type\":\"array\",\"items\":{\"required\":[\"code\",\"message\"],\"type\":\"object\",\"properties\":{\"code\":{\"type\":\"string\",\"description\":\"Error code\"},\"context\":{\"type\":\"object\",\"additionalProperties\":{\"anyOf\":[{\"type\":\"string\"},{\"type\":\"number\"},{\"type\":\"boolean\"}]},\"description\":\"An object that contains data relevant to this error and is often included in the message, which is useful for apps that want to do further processing on the error.\"},\"message\":{\"type\":\"string\",\"description\":\"Human-readable message for this error\"},\"moreInfo\":{\"type\":\"string\",\"description\":\"A link to additional information about this error\",\"format\":\"uri\"},\"errorDetails\":{\"type\":\"string\",\"description\":\"More textual information about this error\"}},\"additionalProperties\":true,\"description\":\"Each error has an error code, an error message that describes the error, and might also have a URL pointing to more information about the error.\"}}},\"description\":\"The error object contains the errors array, which lists all the errors.\"},\"CREATE_mail_Request\":{\"type\":\"object\",\"properties\":{\"CC\":{\"title\":\"Cc\",\"type\":\"string\",\"description\":\"The email addresses of the carbon-copy (Cc) recipients whom you intend to apprise of the email. Use comma between each email address.\",\"x-ibm-order\":3},\"To\":{\"title\":\"To\",\"maxLength\":255,\"type\":\"string\",\"description\":\"The email addresses of one or more recipients. Use comma between each email address.\",\"x-ibm-order\":2},\"BCC\":{\"title\":\"Bcc\",\"type\":\"string\",\"description\":\"The email addresses of the blind carbon copy (Bcc) recipients whom you intend to apprise of the email privately. Use comma between each email address.\",\"x-ibm-order\":4},\"Subject\":{\"title\":\"Subject\",\"type\":\"string\",\"description\":\"A phrase that summarizes the email content\",\"x-ibm-order\":5},\"Attachments\":{\"title\":\"Attachments\",\"type\":\"array\",\"description\":\"One or more files to attach to the email\",\"items\":{\"type\":\"object\",\"properties\":{\"content\":{\"title\":\"Content\",\"type\":\"string\",\"description\":\"The content of the file attachment. If the content type is binary, specify the content in Base64-encoded format.\",\"x-ibm-order\":2,\"x-ibm-content-ref\":{\"managed\":true}},\"fileName\":{\"title\":\"File name\",\"type\":\"string\",\"description\":\"The file name, including the extension, of the attachment, for example test.pdf, test.docx, or test.txt\",\"x-ibm-order\":1}},\"additionalProperties\":false},\"x-ibm-show\":false,\"x-ibm-order\":21},\"richTextBody\":{\"title\":\"Body\",\"type\":\"object\",\"properties\":{\"content\":{\"title\":\"Content\",\"type\":\"string\",\"description\":\"The body content of the email\",\"x-ibm-order\":6,\"x-ibm-important\":true,\"x-ibm-multiline\":true},\"contentType\":{\"title\":\"Content type\",\"type\":\"string\",\"description\":\"The content type of the email, such as text or HTML.\",\"default\":\"text/plain\",\"enum\":[\"text/plain\",\"text/html\"],\"x-ibm-order\":5,\"x-ibm-important\":true}},\"additionalProperties\":false,\"description\":\"The body content of the email\",\"x-ibm-order\":7}},\"x-ibm-important\":[\"To\",\"CC\",\"BCC\",\"Subject\",\"richTextBody\"],\"x-ibm-parameter-wrapper\":true},\"CREATE_mail_Response\":{\"type\":\"object\",\"properties\":{\"id\":{\"title\":\"Message ID\",\"maxLength\":255,\"type\":\"string\",\"description\":\"The unique identifier of an email message\",\"x-ibm-order\":20}},\"x-ibm-primarykey\":[\"id\"],\"x-ibm-parameter-wrapper\":true},\"UPDATEWITHWHERE_mail_Request\":{\"type\":\"object\",\"properties\":{\"addLabels\":{\"title\":\"Add labels\",\"type\":\"array\",\"description\":\"A tag, such as CATEGORY_SOCIAL or INBOX, that categorizes each email to help you organize emails. You can add one or multiple labels to each email.\",\"items\":{\"type\":\"object\",\"properties\":{\"label\":{\"title\":\"Labels\",\"type\":\"string\",\"description\":\"The labels that apply to the email, for example inbox, spam, trash, unread, starred, important, category personal, category social, category promotions, category updates, and category_forums\",\"x-ibm-order\":1}},\"additionalProperties\":false},\"x-ibm-order\":7},\"removeLabels\":{\"title\":\"Remove labels\",\"type\":\"array\",\"description\":\"Remove one or more labels, such as CATEGORY_SOCIAL, INBOX, from the email\",\"items\":{\"type\":\"object\",\"properties\":{\"label\":{\"title\":\"Labels\",\"type\":\"string\",\"description\":\"The labels that apply to the email, for example inbox, spam, trash, unread, starred, important, category personal, category social, category promotions, category updates, and category_forums\",\"x-ibm-order\":1}},\"additionalProperties\":false},\"x-ibm-order\":8}},\"x-ibm-parameter-wrapper\":true},\"UPDATEWITHWHERE_mail_Response\":{\"type\":\"object\",\"properties\":{\"CC\":{\"title\":\"Cc\",\"type\":\"string\",\"description\":\"The email addresses of the carbon-copy (Cc) recipients whom you intend to apprise of the email. Use comma between each email address.\",\"x-ibm-order\":3},\"To\":{\"title\":\"To\",\"maxLength\":255,\"type\":\"string\",\"description\":\"The email addresses of one or more recipients. Use comma between each email address.\",\"x-ibm-order\":2},\"id\":{\"title\":\"Message ID\",\"maxLength\":255,\"type\":\"string\",\"description\":\"The unique identifier of an email message\",\"x-ibm-order\":20},\"BCC\":{\"title\":\"Bcc\",\"type\":\"string\",\"description\":\"The email addresses of the blind carbon copy (Bcc) recipients whom you intend to apprise of the email privately. Use comma between each email address.\",\"x-ibm-order\":4},\"Body\":{\"title\":\"Body\",\"type\":\"string\",\"description\":\"The body content of the email\",\"x-ibm-order\":6,\"x-ibm-multiline\":true},\"Date\":{\"title\":\"Date\",\"type\":\"string\",\"description\":\"The date the email was sent\",\"x-ibm-order\":5},\"From\":{\"title\":\"From\",\"maxLength\":255,\"type\":\"string\",\"description\":\"The email address of the sender\",\"x-ibm-order\":1},\"userId\":{\"title\":\"User ID\",\"maxLength\":255,\"type\":\"string\",\"description\":\"The email address of the user's Gmail account\",\"default\":\"me\",\"x-ibm-order\":20},\"Subject\":{\"title\":\"Subject\",\"type\":\"string\",\"description\":\"A phrase that summarizes the email content\",\"x-ibm-order\":5},\"payload\":{\"title\":\"Payload\",\"type\":\"object\",\"properties\":{\"body\":{\"title\":\"Body\",\"type\":\"object\",\"properties\":{\"data\":{\"title\":\"Body data\",\"type\":\"string\",\"description\":\"The data or contents of the email body\",\"x-ibm-order\":2},\"size\":{\"title\":\"Body size\",\"type\":\"string\",\"description\":\"The size of the email body in bytes\",\"x-ibm-order\":1}},\"additionalProperties\":false,\"description\":\"The body content of the email\",\"x-ibm-order\":16},\"parts\":{\"title\":\"Parts\",\"type\":\"array\",\"description\":\"The child Multipurpose Internet Mail Extensions (MIME) email parts\",\"items\":{\"type\":\"object\",\"properties\":{\"partId\":{\"title\":\"Part ID\",\"type\":\"string\",\"description\":\"The unique identifier of the child MIME email part\",\"x-ibm-order\":1},\"headers\":{\"title\":\"Headers\",\"type\":\"array\",\"description\":\"The list of headers on the child MIME email part\",\"items\":{\"type\":\"object\",\"properties\":{\"name\":{\"title\":\"Header name\",\"type\":\"string\",\"description\":\"The name of the header on the child MIME email part\",\"x-ibm-order\":11},\"value\":{\"title\":\"Header value\",\"type\":\"string\",\"description\":\"The value of the header on the child MIME email part\",\"x-ibm-order\":11}},\"additionalProperties\":false},\"x-ibm-order\":4},\"filename\":{\"title\":\"File name\",\"type\":\"string\",\"description\":\"The file name of an attachment. The file name applies only when the email has an attachment.\",\"x-ibm-order\":2},\"mimeType\":{\"title\":\"MIME type\",\"type\":\"string\",\"description\":\"The Multipurpose Internet Mail Extensions (MIME) type of a child MIME email part\",\"x-ibm-order\":2}},\"additionalProperties\":false},\"x-ibm-order\":16},\"partId\":{\"title\":\"Part ID\",\"type\":\"string\",\"description\":\"An unchangeable unique identifier of the email part\",\"x-ibm-order\":1},\"headers\":{\"title\":\"Headers\",\"type\":\"array\",\"description\":\"The list of headers on the email part. For the top-level email part, the headers represent the entire message payload and contain the standard RFC 2822 email headers, such as To, From, and Subject.\",\"items\":{\"type\":\"object\",\"properties\":{\"name\":{\"title\":\"Header name\",\"type\":\"string\",\"description\":\"The name of the header before the separator (:), tor example To\",\"x-ibm-order\":11},\"value\":{\"title\":\"Header value\",\"type\":\"string\",\"description\":\"The value of the header after the separator (:), for example username@example.com\",\"x-ibm-order\":11}},\"additionalProperties\":false},\"x-ibm-order\":4},\"filename\":{\"title\":\"File name\",\"type\":\"string\",\"description\":\"The file name of an attachment. The file name applies only when the email has an attachment.\",\"x-ibm-order\":3},\"mimeType\":{\"title\":\"MIME type\",\"type\":\"string\",\"description\":\"The Multipurpose Internet Mail Extensions (MIME) type of the email part\",\"x-ibm-order\":2}},\"additionalProperties\":false,\"description\":\"The parsed email structure in the email parts\",\"x-ibm-order\":15},\"snippet\":{\"title\":\"Snippet\",\"type\":\"string\",\"description\":\"A few lines from the body of the email presented as a preview of the email\",\"x-ibm-order\":11},\"threadId\":{\"title\":\"Thread ID\",\"type\":\"string\",\"description\":\"The unique identifier of the thread containing the email\",\"x-ibm-order\":9},\"addLabels\":{\"title\":\"Add labels\",\"type\":\"array\",\"description\":\"A tag, such as CATEGORY_SOCIAL or INBOX, that categorizes each email to help you organize emails. You can add one or multiple labels to each email.\",\"items\":{\"type\":\"object\",\"properties\":{\"label\":{\"title\":\"Labels\",\"type\":\"string\",\"description\":\"The labels that apply to the email, for example inbox, spam, trash, unread, starred, important, category personal, category social, category promotions, category updates, and category_forums\",\"x-ibm-order\":1}},\"additionalProperties\":false},\"x-ibm-order\":7},\"historyId\":{\"title\":\"History ID\",\"type\":\"string\",\"description\":\"The unique identifier that is assigned to the email's history in the inbox\",\"x-ibm-order\":12},\"Attachments\":{\"title\":\"Attachments\",\"type\":\"array\",\"description\":\"One or more files to attach to the email\",\"items\":{\"type\":\"object\",\"properties\":{\"content\":{\"title\":\"Content\",\"type\":\"string\",\"description\":\"The content of the file attachment. If the content type is binary, specify the content in Base64-encoded format.\",\"x-ibm-order\":2,\"x-ibm-content-ref\":{\"managed\":true}},\"fileName\":{\"title\":\"File name\",\"type\":\"string\",\"description\":\"The file name, including the extension, of the attachment, for example test.pdf, test.docx, or test.txt\",\"x-ibm-order\":1}},\"additionalProperties\":false},\"x-ibm-show\":false,\"x-ibm-order\":21},\"internalDate\":{\"title\":\"Internal date\",\"type\":\"string\",\"description\":\"The internal email-creation timestamp in ISO 8601 UTC format (YYYY-MM-DDTHH:mm:ss.SSZ), which determines the order of the emails in the inbox\",\"format\":\"date-time\",\"x-ibm-order\":13},\"removeLabels\":{\"title\":\"Remove labels\",\"type\":\"array\",\"description\":\"Remove one or more labels, such as CATEGORY_SOCIAL, INBOX, from the email\",\"items\":{\"type\":\"object\",\"properties\":{\"label\":{\"title\":\"Labels\",\"type\":\"string\",\"description\":\"The labels that apply to the email, for example inbox, spam, trash, unread, starred, important, category personal, category social, category promotions, category updates, and category_forums\",\"x-ibm-order\":1}},\"additionalProperties\":false},\"x-ibm-order\":8},\"richTextBody\":{\"title\":\"Body\",\"type\":\"object\",\"properties\":{\"content\":{\"title\":\"Content\",\"type\":\"string\",\"description\":\"The body content of the email\",\"x-ibm-order\":6,\"x-ibm-important\":true,\"x-ibm-multiline\":true},\"contentType\":{\"title\":\"Content type\",\"type\":\"string\",\"description\":\"The content type of the email, such as text or HTML.\",\"default\":\"text/plain\",\"enum\":[\"text/plain\",\"text/html\"],\"x-ibm-order\":5,\"x-ibm-important\":true}},\"additionalProperties\":false,\"description\":\"The body content of the email\",\"x-ibm-order\":7},\"sizeEstimate\":{\"title\":\"Size estimate\",\"type\":\"number\",\"description\":\"The estimated size of the email in bytes\",\"x-ibm-order\":14},\"nextPageToken\":{\"title\":\"Next page token\",\"type\":\"string\",\"description\":\"The page token to retrieve a specific page of results in the list. The nextPageToken value that is returned in the last record of a retrieve response can be used in the next call.\",\"x-ibm-order\":16}},\"x-ibm-primarykey\":[\"id\"],\"x-ibm-parameter-wrapper\":true},\"RETRIEVEWITHWHERE_mail_Response\":{\"type\":\"object\",\"properties\":{\"next\":{\"type\":\"object\",\"properties\":{\"next_page_token\":{\"type\":\"string\",\"description\":\"For token-based pagination, the token to retrieve the next page\",\"x-ibm-show\":false}}},\"instances\":{\"type\":\"array\",\"items\":{\"type\":\"object\",\"properties\":{\"id\":{\"title\":\"Message ID\",\"maxLength\":255,\"type\":\"string\",\"description\":\"The unique identifier of an email message\",\"x-ibm-order\":20},\"payload\":{\"title\":\"Payload\",\"type\":\"object\",\"properties\":{\"body\":{\"title\":\"Body\",\"type\":\"object\",\"properties\":{\"data\":{\"title\":\"Body data\",\"type\":\"string\",\"description\":\"The data or contents of the email body\",\"x-ibm-order\":2},\"size\":{\"title\":\"Body size\",\"type\":\"string\",\"description\":\"The size of the email body in bytes\",\"x-ibm-order\":1}},\"additionalProperties\":false,\"description\":\"The body content of the email\",\"x-ibm-order\":16},\"parts\":{\"title\":\"Parts\",\"type\":\"array\",\"description\":\"The child Multipurpose Internet Mail Extensions (MIME) email parts\",\"items\":{\"type\":\"object\",\"properties\":{\"partId\":{\"title\":\"Part ID\",\"type\":\"string\",\"description\":\"The unique identifier of the child MIME email part\",\"x-ibm-order\":1},\"headers\":{\"title\":\"Headers\",\"type\":\"array\",\"description\":\"The list of headers on the child MIME email part\",\"items\":{\"type\":\"object\",\"properties\":{\"name\":{\"title\":\"Header name\",\"type\":\"string\",\"description\":\"The name of the header on the child MIME email part\",\"x-ibm-order\":11},\"value\":{\"title\":\"Header value\",\"type\":\"string\",\"description\":\"The value of the header on the child MIME email part\",\"x-ibm-order\":11}},\"additionalProperties\":false},\"x-ibm-order\":4},\"filename\":{\"title\":\"File name\",\"type\":\"string\",\"description\":\"The file name of an attachment. The file name applies only when the email has an attachment.\",\"x-ibm-order\":2},\"mimeType\":{\"title\":\"MIME type\",\"type\":\"string\",\"description\":\"The Multipurpose Internet Mail Extensions (MIME) type of a child MIME email part\",\"x-ibm-order\":2}},\"additionalProperties\":false},\"x-ibm-order\":16},\"partId\":{\"title\":\"Part ID\",\"type\":\"string\",\"description\":\"An unchangeable unique identifier of the email part\",\"x-ibm-order\":1},\"headers\":{\"title\":\"Headers\",\"type\":\"array\",\"description\":\"The list of headers on the email part. For the top-level email part, the headers represent the entire message payload and contain the standard RFC 2822 email headers, such as To, From, and Subject.\",\"items\":{\"type\":\"object\",\"properties\":{\"name\":{\"title\":\"Header name\",\"type\":\"string\",\"description\":\"The name of the header before the separator (:), tor example To\",\"x-ibm-order\":11},\"value\":{\"title\":\"Header value\",\"type\":\"string\",\"description\":\"The value of the header after the separator (:), for example username@example.com\",\"x-ibm-order\":11}},\"additionalProperties\":false},\"x-ibm-order\":4},\"filename\":{\"title\":\"File name\",\"type\":\"string\",\"description\":\"The file name of an attachment. The file name applies only when the email has an attachment.\",\"x-ibm-order\":3},\"mimeType\":{\"title\":\"MIME type\",\"type\":\"string\",\"description\":\"The Multipurpose Internet Mail Extensions (MIME) type of the email part\",\"x-ibm-order\":2}},\"additionalProperties\":false,\"description\":\"The parsed email structure in the email parts\",\"x-ibm-order\":15},\"snippet\":{\"title\":\"Snippet\",\"type\":\"string\",\"description\":\"A few lines from the body of the email presented as a preview of the email\",\"x-ibm-order\":11},\"threadId\":{\"title\":\"Thread ID\",\"type\":\"string\",\"description\":\"The unique identifier of the thread containing the email\",\"x-ibm-order\":9},\"historyId\":{\"title\":\"History ID\",\"type\":\"string\",\"description\":\"The unique identifier that is assigned to the email's history in the inbox\",\"x-ibm-order\":12},\"internalDate\":{\"title\":\"Internal date\",\"type\":\"string\",\"description\":\"The internal email-creation timestamp in ISO 8601 UTC format (YYYY-MM-DDTHH:mm:ss.SSZ), which determines the order of the emails in the inbox\",\"format\":\"date-time\",\"x-ibm-order\":13},\"sizeEstimate\":{\"title\":\"Size estimate\",\"type\":\"number\",\"description\":\"The estimated size of the email in bytes\",\"x-ibm-order\":14}}}}},\"x-ibm-primarykey\":[\"id\"],\"x-ibm-parameter-wrapper\":true}},\"responses\":{\"Error400\":{\"description\":\"The server can't or won't process the request because there is a perceived client error, such as malformed request syntax, invalid request message framing, or deceptive request routing.\",\"content\":{\"application/json\":{\"schema\":{\"required\":[\"errors\"],\"type\":\"object\",\"properties\":{\"errors\":{\"type\":\"array\",\"items\":{\"required\":[\"code\",\"message\"],\"type\":\"object\",\"properties\":{\"code\":{\"type\":\"string\",\"description\":\"Error code\"},\"context\":{\"type\":\"object\",\"additionalProperties\":{\"anyOf\":[{\"type\":\"string\"},{\"type\":\"number\"},{\"type\":\"boolean\"}]},\"description\":\"An object that contains data relevant to this error and is often included in the message, which is useful for apps that want to do further processing on the error.\"},\"message\":{\"type\":\"string\",\"description\":\"Human-readable message for this error\"},\"moreInfo\":{\"type\":\"string\",\"description\":\"A link to additional information about this error\",\"format\":\"uri\"},\"errorDetails\":{\"type\":\"string\",\"description\":\"More textual information about this error\"}},\"additionalProperties\":true,\"description\":\"Each error has an error code, an error message that describes the error, and might also have a URL pointing to more information about the error.\"}}},\"description\":\"The error object contains the errors array, which lists all the errors.\"}}}},\"Error401\":{\"description\":\"The request wasn't completed because the credentials are incorrect or invalid.\",\"content\":{\"application/json\":{\"schema\":{\"required\":[\"errors\"],\"type\":\"object\",\"properties\":{\"errors\":{\"type\":\"array\",\"items\":{\"required\":[\"code\",\"message\"],\"type\":\"object\",\"properties\":{\"code\":{\"type\":\"string\",\"description\":\"Error code\"},\"context\":{\"type\":\"object\",\"additionalProperties\":{\"anyOf\":[{\"type\":\"string\"},{\"type\":\"number\"},{\"type\":\"boolean\"}]},\"description\":\"An object that contains data relevant to this error and is often included in the message, which is useful for apps that want to do further processing on the error.\"},\"message\":{\"type\":\"string\",\"description\":\"Human-readable message for this error\"},\"moreInfo\":{\"type\":\"string\",\"description\":\"A link to additional information about this error\",\"format\":\"uri\"},\"errorDetails\":{\"type\":\"string\",\"description\":\"More textual information about this error\"}},\"additionalProperties\":true,\"description\":\"Each error has an error code, an error message that describes the error, and might also have a URL pointing to more information about the error.\"}}},\"description\":\"The error object contains the errors array, which lists all the errors.\"}}}},\"Error404\":{\"description\":\"The server can't find the requested resource.\",\"content\":{\"application/json\":{\"schema\":{\"required\":[\"errors\"],\"type\":\"object\",\"properties\":{\"errors\":{\"type\":\"array\",\"items\":{\"required\":[\"code\",\"message\"],\"type\":\"object\",\"properties\":{\"code\":{\"type\":\"string\",\"description\":\"Error code\"},\"context\":{\"type\":\"object\",\"additionalProperties\":{\"anyOf\":[{\"type\":\"string\"},{\"type\":\"number\"},{\"type\":\"boolean\"}]},\"description\":\"An object that contains data relevant to this error and is often included in the message, which is useful for apps that want to do further processing on the error.\"},\"message\":{\"type\":\"string\",\"description\":\"Human-readable message for this error\"},\"moreInfo\":{\"type\":\"string\",\"description\":\"A link to additional information about this error\",\"format\":\"uri\"},\"errorDetails\":{\"type\":\"string\",\"description\":\"More textual information about this error\"}},\"additionalProperties\":true,\"description\":\"Each error has an error code, an error message that describes the error, and might also have a URL pointing to more information about the error.\"}}},\"description\":\"The error object contains the errors array, which lists all the errors.\"}}}},\"Error4XX\":{\"description\":\"Client error\",\"content\":{\"application/json\":{\"schema\":{\"required\":[\"errors\"],\"type\":\"object\",\"properties\":{\"errors\":{\"type\":\"array\",\"items\":{\"required\":[\"code\",\"message\"],\"type\":\"object\",\"properties\":{\"code\":{\"type\":\"string\",\"description\":\"Error code\"},\"context\":{\"type\":\"object\",\"additionalProperties\":{\"anyOf\":[{\"type\":\"string\"},{\"type\":\"number\"},{\"type\":\"boolean\"}]},\"description\":\"An object that contains data relevant to this error and is often included in the message, which is useful for apps that want to do further processing on the error.\"},\"message\":{\"type\":\"string\",\"description\":\"Human-readable message for this error\"},\"moreInfo\":{\"type\":\"string\",\"description\":\"A link to additional information about this error\",\"format\":\"uri\"},\"errorDetails\":{\"type\":\"string\",\"description\":\"More textual information about this error\"}},\"additionalProperties\":true,\"description\":\"Each error has an error code, an error message that describes the error, and might also have a URL pointing to more information about the error.\"}}},\"description\":\"The error object contains the errors array, which lists all the errors.\"}}}},\"Error5XX\":{\"description\":\"Unexpected server error\",\"content\":{\"application/json\":{\"schema\":{\"required\":[\"errors\"],\"type\":\"object\",\"properties\":{\"errors\":{\"type\":\"array\",\"items\":{\"required\":[\"code\",\"message\"],\"type\":\"object\",\"properties\":{\"code\":{\"type\":\"string\",\"description\":\"Error code\"},\"context\":{\"type\":\"object\",\"additionalProperties\":{\"anyOf\":[{\"type\":\"string\"},{\"type\":\"number\"},{\"type\":\"boolean\"}]},\"description\":\"An object that contains data relevant to this error and is often included in the message, which is useful for apps that want to do further processing on the error.\"},\"message\":{\"type\":\"string\",\"description\":\"Human-readable message for this error\"},\"moreInfo\":{\"type\":\"string\",\"description\":\"A link to additional information about this error\",\"format\":\"uri\"},\"errorDetails\":{\"type\":\"string\",\"description\":\"More textual information about this error\"}},\"additionalProperties\":true,\"description\":\"Each error has an error code, an error message that describes the error, and might also have a URL pointing to more information about the error.\"}}},\"description\":\"The error object contains the errors array, which lists all the errors.\"}}}}},\"parameters\":{\"filter\":{\"name\":\"filter\",\"in\":\"query\",\"description\":\"The [`filter`](https://loopback.io/doc/en/lb4/Where-filter.html) is a type of filter clause that consists of one or more logical conditions to match, it is a way of achieving subsetting of data based on the specified conditions\",\"required\":false,\"style\":\"form\",\"explode\":true,\"schema\":{\"type\":\"string\"},\"x-ibm-label\":\"filter\",\"x-ibm-operators\":[\"eq\"],\"x-ibm-queryable-fields\":{\"type\":\"object\",\"properties\":{\"id\":{\"type\":\"string\",\"title\":\"Message ID\",\"maxLength\":255,\"description\":\"The unique identifier of an email message\",\"x-ibm-order\":20}}}},\"accountName\":{\"name\":\"accountName\",\"in\":\"path\",\"description\":\"Account name\",\"required\":true,\"style\":\"simple\",\"explode\":false,\"schema\":{\"type\":\"string\"},\"x-ibm-label\":\"Account name\"},\"where_DELETE\":{\"name\":\"where\",\"in\":\"query\",\"description\":\"The [`where` filter](https://loopback.io/doc/en/lb4/Where-filter.html) is a type of filter clause that consists of one or more logical conditions to match, it is a way of achieving subsetting of data based on the specified conditions\",\"required\":false,\"style\":\"form\",\"explode\":true,\"schema\":{\"type\":\"string\"},\"x-ibm-label\":\"where\",\"x-ibm-queryable-fields\":{\"type\":\"object\",\"properties\":{\"id\":{\"type\":\"string\",\"title\":\"Message ID\",\"maxLength\":255,\"description\":\"The unique identifier of an email message\",\"x-ibm-order\":20}},\"x-ibm-filter-format\":\"no-where\"}},\"next_page_token\":{\"name\":\"next_page_token\",\"in\":\"query\",\"description\":\"token to obtain next set of records\",\"required\":false,\"style\":\"form\",\"explode\":true,\"schema\":{\"type\":\"string\",\"x-ibm-pagination\":{\"jmesPath\":\"next.next_page_token\",\"pagination\":true,\"isNextPageToken\":true}},\"x-ibm-show\":false,\"x-ibm-label\":\"Next page token\"},\"where_UPDATEWITHWHERE\":{\"name\":\"where\",\"in\":\"query\",\"description\":\"The [`where` filter](https://loopback.io/doc/en/lb4/Where-filter.html) is a type of filter clause that consists of one or more logical conditions to match, it is a way of achieving subsetting of data based on the specified conditions\",\"required\":false,\"style\":\"form\",\"explode\":true,\"schema\":{\"type\":\"string\"},\"x-ibm-label\":\"where\",\"x-ibm-queryable-fields\":{\"type\":\"object\",\"properties\":{\"id\":{\"type\":\"string\",\"title\":\"Message ID\",\"maxLength\":255,\"description\":\"The unique identifier of an email message\",\"x-ibm-order\":20}},\"x-ibm-filter-format\":\"no-where\"}}},\"securitySchemes\":{\"IBM-WO-JWT\":{\"type\":\"http\",\"scheme\":\"bearer\",\"bearerFormat\":\"IBM-Watsonx-Orchestrate-JWT\"}}}}",
  "poId" : "6023.72890312-b2e5-452f-b447-07ebd677f040"
}