{
  "WSDL_DATA" : {
    "repoUrl" : "repo://6023.ccbac0fe-b639-4c78-953a-3fd8d99d8eb5/1b9145709e8e.xsd",
    "uid" : "6023.ccbac0fe-b639-4c78-953a-3fd8d99d8eb5",
    "referenceLocation" : [ ],
    "data" : "<?xml version=\"1.0\" encoding=\"UTF-8\"?><xsd:schema xmlns:xsd=\"http://www.w3.org/2001/XMLSchema\" xmlns=\"http://www.ibm.com/xmlns/prod/bpm/bpmn/ext/externalservice/swagger/xsd/fc2d8dbf-3404-457c-a884-1b9145709e8e.xsd\" xmlns:ibmbpm=\"http://lombardi.ibm.com/schema/\" targetNamespace=\"http://www.ibm.com/xmlns/prod/bpm/bpmn/ext/externalservice/swagger/xsd/fc2d8dbf-3404-457c-a884-1b9145709e8e.xsd\">\n  <xsd:element name=\"create_mailRequest\" type=\"create_mailRequest\"/>\n  <xsd:element name=\"create_mailResponse\" type=\"create_mailResponse\"/>\n  <xsd:complexType name=\"create_mailRequest\">\n    <xsd:sequence>\n      <xsd:element minOccurs=\"0\" name=\"CC\" type=\"xsd:string\">\n        <xsd:annotation optional=\"true\" title=\"Cc\">\n          <xsd:documentation>The email addresses of the carbon-copy (Cc) recipients whom you intend to apprise of the email. Use comma between each email address.</xsd:documentation>\n        </xsd:annotation>\n      </xsd:element>\n      <xsd:element minOccurs=\"0\" name=\"To\" type=\"xsd:string\">\n        <xsd:annotation optional=\"true\" title=\"To\">\n          <xsd:documentation>The email addresses of one or more recipients. Use comma between each email address.</xsd:documentation>\n        </xsd:annotation>\n      </xsd:element>\n      <xsd:element minOccurs=\"0\" name=\"BCC\" type=\"xsd:string\">\n        <xsd:annotation optional=\"true\" title=\"Bcc\">\n          <xsd:documentation>The email addresses of the blind carbon copy (Bcc) recipients whom you intend to apprise of the email privately. Use comma between each email address.</xsd:documentation>\n        </xsd:annotation>\n      </xsd:element>\n      <xsd:element minOccurs=\"0\" name=\"Subject\" type=\"xsd:string\">\n        <xsd:annotation optional=\"true\" title=\"Subject\">\n          <xsd:documentation>A phrase that summarizes the email content</xsd:documentation>\n        </xsd:annotation>\n      </xsd:element>\n      <xsd:element maxOccurs=\"unbounded\" minOccurs=\"0\" name=\"Attachments\" type=\"AttachmentsType\" xpathBeforeFlattening=\"/xsd:schema/xsd:complexType[@name='create_mailRequest']/xsd:sequence/xsd:element[@name='Attachments']\">\n        <xsd:annotation optional=\"true\" title=\"Attachments\">\n          <xsd:documentation>One or more files to attach to the email</xsd:documentation>\n        </xsd:annotation>\n      </xsd:element>\n      <xsd:element minOccurs=\"0\" name=\"richTextBody\" type=\"richTextBodyType\" xpathBeforeFlattening=\"/xsd:schema/xsd:complexType[@name='create_mailRequest']/xsd:sequence/xsd:element[@name='richTextBody']\">\n        <xsd:annotation optional=\"true\" title=\"Body\">\n          <xsd:documentation>The body content of the email</xsd:documentation>\n        </xsd:annotation>\n      </xsd:element>\n    </xsd:sequence>\n  </xsd:complexType>\n  <xsd:complexType name=\"create_mailResponse\">\n    <xsd:sequence>\n      <xsd:element minOccurs=\"0\" name=\"id\" type=\"xsd:string\">\n        <xsd:annotation optional=\"true\" title=\"Message ID\">\n          <xsd:documentation>The unique identifier of an email message</xsd:documentation>\n        </xsd:annotation>\n      </xsd:element>\n    </xsd:sequence>\n  </xsd:complexType>\n  <xsd:complexType name=\"AttachmentsType\">\n    <xsd:sequence>\n      <xsd:element minOccurs=\"0\" name=\"content\" type=\"xsd:string\">\n        <xsd:annotation optional=\"true\" title=\"Content\">\n          <xsd:appinfo>\n            <contentRef xmlns=\"http://www.ibm.com/xmlns/prod/bpm/annotation/twclass\"/>\n          </xsd:appinfo>\n          <xsd:documentation>The content of the file attachment. If the content type is binary, specify the content in Base64-encoded format.</xsd:documentation>\n        </xsd:annotation>\n      </xsd:element>\n      <xsd:element minOccurs=\"0\" name=\"fileName\" type=\"xsd:string\">\n        <xsd:annotation optional=\"true\" title=\"File name\">\n          <xsd:documentation>The file name, including the extension, of the attachment, for example test.pdf, test.docx, or test.txt</xsd:documentation>\n        </xsd:annotation>\n      </xsd:element>\n    </xsd:sequence>\n  </xsd:complexType>\n  <xsd:complexType name=\"richTextBodyType\">\n    <xsd:sequence>\n      <xsd:element minOccurs=\"0\" name=\"content\" type=\"xsd:string\">\n        <xsd:annotation optional=\"true\" title=\"Content\">\n          <xsd:documentation>The body content of the email</xsd:documentation>\n        </xsd:annotation>\n      </xsd:element>\n      <xsd:element default=\"text/plain\" minOccurs=\"0\" name=\"contentType\" type=\"contentTypeType\" xpathBeforeFlattening=\"/xsd:schema/xsd:complexType[@name='create_mailRequest']/xsd:sequence/xsd:element[@name='richTextBody']/xsd:complexType/xsd:sequence/xsd:element[@name='contentType']\">\n        <xsd:annotation optional=\"true\" title=\"Content type\">\n          <xsd:documentation>The content type of the email, such as text or HTML.</xsd:documentation>\n        </xsd:annotation>\n      </xsd:element>\n    </xsd:sequence>\n  </xsd:complexType>\n  <xsd:simpleType name=\"contentTypeType\">\n    <xsd:restriction base=\"xsd:string\">\n      <xsd:enumeration value=\"text/plain\"/>\n      <xsd:enumeration value=\"text/html\"/>\n    </xsd:restriction>\n  </xsd:simpleType>\n</xsd:schema>\n",
    "namespace" : "http://www.ibm.com/xmlns/prod/bpm/bpmn/ext/externalservice/swagger/xsd/fc2d8dbf-3404-457c-a884-1b9145709e8e.xsd",
    "type" : "xsd",
    "url" : "http://www.ibm.com/xmlns/prod/bpm/bpmn/ext/externalservice/swagger/xsd/fc2d8dbf-3404-457c-a884-1b9145709e8e.xsd"
  },
  "type" : "BPMService",
  "definitions" : "<?xml version=\"1.0\" encoding=\"UTF-8\"?><xsd:schema xmlns:xsd=\"http://www.w3.org/2001/XMLSchema\" xmlns=\"http://www.ibm.com/xmlns/prod/bpm/bpmn/ext/externalservice/swagger/xsd/fc2d8dbf-3404-457c-a884-1b9145709e8e.xsd\" xmlns:ibmbpm=\"http://lombardi.ibm.com/schema/\" targetNamespace=\"http://www.ibm.com/xmlns/prod/bpm/bpmn/ext/externalservice/swagger/xsd/fc2d8dbf-3404-457c-a884-1b9145709e8e.xsd\">\n  <xsd:element name=\"create_mailRequest\" type=\"create_mailRequest\"/>\n  <xsd:element name=\"create_mailResponse\" type=\"create_mailResponse\"/>\n  <xsd:complexType name=\"create_mailRequest\">\n    <xsd:sequence>\n      <xsd:element minOccurs=\"0\" name=\"CC\" type=\"xsd:string\">\n        <xsd:annotation optional=\"true\" title=\"Cc\">\n          <xsd:documentation>The email addresses of the carbon-copy (Cc) recipients whom you intend to apprise of the email. Use comma between each email address.</xsd:documentation>\n        </xsd:annotation>\n      </xsd:element>\n      <xsd:element minOccurs=\"0\" name=\"To\" type=\"xsd:string\">\n        <xsd:annotation optional=\"true\" title=\"To\">\n          <xsd:documentation>The email addresses of one or more recipients. Use comma between each email address.</xsd:documentation>\n        </xsd:annotation>\n      </xsd:element>\n      <xsd:element minOccurs=\"0\" name=\"BCC\" type=\"xsd:string\">\n        <xsd:annotation optional=\"true\" title=\"Bcc\">\n          <xsd:documentation>The email addresses of the blind carbon copy (Bcc) recipients whom you intend to apprise of the email privately. Use comma between each email address.</xsd:documentation>\n        </xsd:annotation>\n      </xsd:element>\n      <xsd:element minOccurs=\"0\" name=\"Subject\" type=\"xsd:string\">\n        <xsd:annotation optional=\"true\" title=\"Subject\">\n          <xsd:documentation>A phrase that summarizes the email content</xsd:documentation>\n        </xsd:annotation>\n      </xsd:element>\n      <xsd:element maxOccurs=\"unbounded\" minOccurs=\"0\" name=\"Attachments\" type=\"AttachmentsType\" xpathBeforeFlattening=\"/xsd:schema/xsd:complexType[@name='create_mailRequest']/xsd:sequence/xsd:element[@name='Attachments']\">\n        <xsd:annotation optional=\"true\" title=\"Attachments\">\n          <xsd:documentation>One or more files to attach to the email</xsd:documentation>\n        </xsd:annotation>\n      </xsd:element>\n      <xsd:element minOccurs=\"0\" name=\"richTextBody\" type=\"richTextBodyType\" xpathBeforeFlattening=\"/xsd:schema/xsd:complexType[@name='create_mailRequest']/xsd:sequence/xsd:element[@name='richTextBody']\">\n        <xsd:annotation optional=\"true\" title=\"Body\">\n          <xsd:documentation>The body content of the email</xsd:documentation>\n        </xsd:annotation>\n      </xsd:element>\n    </xsd:sequence>\n  </xsd:complexType>\n  <xsd:complexType name=\"create_mailResponse\">\n    <xsd:sequence>\n      <xsd:element minOccurs=\"0\" name=\"id\" type=\"xsd:string\">\n        <xsd:annotation optional=\"true\" title=\"Message ID\">\n          <xsd:documentation>The unique identifier of an email message</xsd:documentation>\n        </xsd:annotation>\n      </xsd:element>\n    </xsd:sequence>\n  </xsd:complexType>\n  <xsd:complexType name=\"AttachmentsType\">\n    <xsd:sequence>\n      <xsd:element minOccurs=\"0\" name=\"content\" type=\"xsd:string\">\n        <xsd:annotation optional=\"true\" title=\"Content\">\n          <xsd:appinfo>\n            <contentRef xmlns=\"http://www.ibm.com/xmlns/prod/bpm/annotation/twclass\"/>\n          </xsd:appinfo>\n          <xsd:documentation>The content of the file attachment. If the content type is binary, specify the content in Base64-encoded format.</xsd:documentation>\n        </xsd:annotation>\n      </xsd:element>\n      <xsd:element minOccurs=\"0\" name=\"fileName\" type=\"xsd:string\">\n        <xsd:annotation optional=\"true\" title=\"File name\">\n          <xsd:documentation>The file name, including the extension, of the attachment, for example test.pdf, test.docx, or test.txt</xsd:documentation>\n        </xsd:annotation>\n      </xsd:element>\n    </xsd:sequence>\n  </xsd:complexType>\n  <xsd:complexType name=\"richTextBodyType\">\n    <xsd:sequence>\n      <xsd:element minOccurs=\"0\" name=\"content\" type=\"xsd:string\">\n        <xsd:annotation optional=\"true\" title=\"Content\">\n          <xsd:documentation>The body content of the email</xsd:documentation>\n        </xsd:annotation>\n      </xsd:element>\n      <xsd:element default=\"text/plain\" minOccurs=\"0\" name=\"contentType\" type=\"contentTypeType\" xpathBeforeFlattening=\"/xsd:schema/xsd:complexType[@name='create_mailRequest']/xsd:sequence/xsd:element[@name='richTextBody']/xsd:complexType/xsd:sequence/xsd:element[@name='contentType']\">\n        <xsd:annotation optional=\"true\" title=\"Content type\">\n          <xsd:documentation>The content type of the email, such as text or HTML.</xsd:documentation>\n        </xsd:annotation>\n      </xsd:element>\n    </xsd:sequence>\n  </xsd:complexType>\n  <xsd:simpleType name=\"contentTypeType\">\n    <xsd:restriction base=\"xsd:string\">\n      <xsd:enumeration value=\"text/plain\"/>\n      <xsd:enumeration value=\"text/html\"/>\n    </xsd:restriction>\n  </xsd:simpleType>\n</xsd:schema>\n",
  "poId" : "6023.ccbac0fe-b639-4c78-953a-3fd8d99d8eb5"
}