{
  "root_poid" : "1.eea4056a-7238-469a-8a0d-4477991e5e71",
  "artifacts" : [ {
    "META_AUTOMATION_SERVICE_REST_BINDING_VALUES_REF_ID" : "62.3061cb5e-e87c-4616-a284-56e0882d6083",
    "META_AUTOMATION_SERVICE_REST_BINDING_VALUES" : {
      "consumeDefaultVersion" : true
    },
    "type" : "BPMService",
    "definitions" : {
      "rootElement" : [ {
        "documentation" : [ {
          "content" : [ "" ],
          "textFormat" : "text/plain"
        } ],
        "name" : "IFace.5e7fa3cb-cdeb-4dda-a1ef-b0e37ea2041e",
        "declaredType" : "interface",
        "id" : "_4c98ddfb-e8ea-42d2-b0cb-8406f19ef534",
        "operation" : [ {
          "extensionElements" : {
            "sfPOId" : [ "1.2e4231cc-7a40-4c4c-9d2a-65721342e82d" ],
            "businessSignature" : [ {
              "output" : [ {
                "path" : "_a6aab124ec340e4a6feb0e2eda95f1c",
                "name" : "_a6aab124ec340e4a6feb0e2eda95f1c",
                "isCollection" : false,
                "description" : "Successfully executed custom action",
                "httpResponseCode" : "200",
                "declaredType" : "com.ibm.bpmsdk.model.bpmn20.ibmextauth.TParameter",
                "id" : "_ded667c0-941e-4dbe-8fb7-fc06f1fbdfca",
                "isOptional" : false,
                "typeRefPO" : "http://ibm.com/dba/projects/reorder_automation:dataModel/com/ibm/wo/application/composite_skill/_a6aab124ec340e4a6feb0e2eda95f1c_200Type.schema.json",
                "typeRef" : "{http://www.ibm.com/xmlns/prod/bpm/bpmn/ext/externalservice/swagger/xsd/d9209fcf-0021-409d-bb49-6a0f08a7d623.xsd}_a6aab124ec340e4a6feb0e2eda95f1c_200Type"
              } ],
              "input" : [ {
                "path" : "callbackUrl",
                "name" : "callbackUrl",
                "isCollection" : false,
                "description" : "The location where the response will be sent",
                "declaredType" : "com.ibm.bpmsdk.model.bpmn20.ibmextauth.TParameter",
                "id" : "_d44ddf81-643d-4212-a804-5b50dcbfb891",
                "isOptional" : false,
                "typeRefPO" : "string",
                "typeRef" : "{http://www.w3.org/2001/XMLSchema}string"
              }, {
                "path" : "Query",
                "name" : "Query",
                "isCollection" : false,
                "declaredType" : "com.ibm.bpmsdk.model.bpmn20.ibmextauth.TParameter",
                "id" : "_1f209d97-9424-46ca-be38-c0f515d29282",
                "isOptional" : false,
                "typeRefPO" : "string",
                "typeRef" : "{http://www.w3.org/2001/XMLSchema}string"
              } ],
              "declaredType" : "com.ibm.bpmsdk.model.bpmn20.ibmextauth.TSignature"
            } ]
          },
          "documentation" : [ {
            "content" : [ "" ],
            "textFormat" : "text/plain"
          } ],
          "name" : "4a6aab124ec340e4a6feb0e2eda95f1c",
          "id" : "_1ed93239-5d2b-49eb-8f8c-48bedc19d661"
        } ]
      }, {
        "extensionElements" : {
          "externalService" : [ {
            "automationServiceRestBinding" : {
              "skillId" : "composite_skill__1.0.0__4a6aab124ec340e4a6feb0e2eda95f1c",
              "invocationType" : "SKILL",
              "org" : "uab",
              "bindingEnvVarSetRef" : "62.3061cb5e-e87c-4616-a284-56e0882d6083",
              "displayVersion" : "head",
              "name" : "Get Account and Pricebook from Name",
              "project" : "composite_skill__1.0.0__4a6aab124ec340e4a6feb0e2eda95f1c",
              "applicationId" : "composite_skill",
              "canUseDefaultVersion" : true,
              "type" : "workflow",
              "version" : "head",
              "restBinding" : {
                "swaggerRef" : "{http://www.ibm.com/xmlns/prod/bpm/bpmn/ext/externalservice/swagger/d9209fcf-0021-409d-bb49-6a0f08a7d623Service}6023.609b3949-a7d1-4d67-804c-2604161b7fb5",
                "openAPIVersion" : "v3"
              }
            },
            "cachingType" : false,
            "name" : "Get Account and Pricebook from Name",
            "interfaceRef" : "_4c98ddfb-e8ea-42d2-b0cb-8406f19ef534",
            "declaredType" : "com.ibm.bpmsdk.model.bpmn20.ibmextservice.TExternalService",
            "id" : "_35392392-fcfe-4f94-984e-b93bb4f56aad"
          } ]
        },
        "declaredType" : "endPoint"
      } ],
      "targetNamespace" : "http://www.ibm.com/xmlns/prod/bpm/bpmn/ext/externalservice/swagger/d9209fcf-0021-409d-bb49-6a0f08a7d623Service",
      "typeLanguage" : "http://www.w3.org/2001/XMLSchema",
      "expressionLanguage" : "http://www.ibm.com/xmlns/prod/bpm/expression-lang/javascript",
      "id" : "_5ab30972-71e0-486d-a001-9006e9ad696f"
    },
    "poId" : "1.eea4056a-7238-469a-8a0d-4477991e5e71",
    "REFERENCES" : [ "file:/opt/ibm/wlp/output/defaultServer/temp/automationServiceDiscovery11132546864941543828.json", "http://www.ibm.com/xmlns/prod/bpm/bpmn/ext/externalservice/swagger/xsd/d9209fcf-0021-409d-bb49-6a0f08a7d623.xsd", "{http://www.ibm.com/xmlns/prod/bpm/bpmn/ext/externalservice/swagger/d9209fcf-0021-409d-bb49-6a0f08a7d623Service}4a6aab124ec340e4a6feb0e2eda95f1cRequestMsg", "{http://www.ibm.com/xmlns/prod/bpm/bpmn/ext/externalservice/swagger/d9209fcf-0021-409d-bb49-6a0f08a7d623Service}4a6aab124ec340e4a6feb0e2eda95f1cResponseMsg" ]
  }, {
    "WSDL_DATA" : {
      "repoUrl" : "repo://6023.609b3949-a7d1-4d67-804c-2604161b7fb5/.wsdl",
      "uid" : "6023.609b3949-a7d1-4d67-804c-2604161b7fb5",
      "referenceLocation" : [ {
        "absoluteLocation" : "repo://6023.fea7a523-fba5-43b4-8e86-db442fbec905/6a0f08a7d623.xsd",
        "relativeLocation" : "/d9209fcf-0021-409d-bb49-6a0f08a7d623.xsd"
      } ],
      "data" : "{\"openapi\":\"3.0.1\",\"info\":{\"title\":\"Get Account and Pricebook from Name\",\"description\":\"\",\"version\":\"1.0.0\",\"x-ibm-skill-type\":\"skill-flow\",\"x-ibm-annotations\":\"true\",\"x-ibm-application-id\":\"composite_skill\",\"x-ibm-application-icon\":\"<svg width=\\\"30\\\" height=\\\"30\\\" id=\\\"Layer_1\\\" data-name=\\\"Layer 1\\\" xmlns=\\\"http://www.w3.org/2000/svg\\\" xmlns:xlink=\\\"http://www.w3.org/1999/xlink\\\" viewBox=\\\"0 0 1920 1920\\\"><defs><style>.cls-1{fill:#fff;}.cls-2{fill:url(#linear-gradient);}.cls-3{fill:url(#linear-gradient-2);}.cls-4{fill:url(#linear-gradient-3);}.cls-5{fill:url(#linear-gradient-4);}.cls-6{mask:url(#mask);}.cls-7{fill:url(#linear-gradient-5);}.cls-8{fill:#001d6c;}</style><linearGradient id=\\\"linear-gradient\\\" x1=\\\"-1049.46\\\" y1=\\\"-5211.64\\\" x2=\\\"-1049.46\\\" y2=\\\"-4742.87\\\" gradientTransform=\\\"matrix(1, 0, 0, -1, 1259.46, -3725.36)\\\" gradientUnits=\\\"userSpaceOnUse\\\"><stop offset=\\\"0\\\" stop-opacity=\\\"0\\\"/><stop offset=\\\"0.83\\\"/></linearGradient><linearGradient id=\\\"linear-gradient-2\\\" x1=\\\"-124.2\\\" y1=\\\"-5096.73\\\" x2=\\\"-315.69\\\" y2=\\\"-4765.06\\\" gradientTransform=\\\"matrix(1, 0, 0, -1, 1255.54, -3741.25)\\\" gradientUnits=\\\"userSpaceOnUse\\\"><stop offset=\\\"0\\\" stop-opacity=\\\"0\\\"/><stop offset=\\\"0.7\\\"/></linearGradient><linearGradient id=\\\"linear-gradient-3\\\" x1=\\\"-1491.46\\\" y1=\\\"-1099.81\\\" x2=\\\"-1491.46\\\" y2=\\\"-631.03\\\" gradientTransform=\\\"matrix(1, 0, 0, -1, 3201.46, -199.48)\\\" xlink:href=\\\"#linear-gradient\\\"/><linearGradient id=\\\"linear-gradient-4\\\" x1=\\\"-566.2\\\" y1=\\\"-984.89\\\" x2=\\\"-757.69\\\" y2=\\\"-653.22\\\" gradientTransform=\\\"matrix(-1, 0, 0, 1, 222.46, 1547.25)\\\" xlink:href=\\\"#linear-gradient-2\\\"/><mask id=\\\"mask\\\" x=\\\"0\\\" y=\\\"21.37\\\" width=\\\"1920\\\" height=\\\"1875.09\\\" maskUnits=\\\"userSpaceOnUse\\\"><path class=\\\"cls-1\\\" d=\\\"M1851,841.73H1729.79c-58-364.46-380.59-644.57-769.79-644.57-277.19,0-520.41,142.35-658.78,355.69A485.17,485.17,0,0,1,540,490.15c223.17,0,410.71,149.73,464.2,351.58H879C829.42,705.39,696.39,607.34,540,607.34a360.17,360.17,0,0,0-286.78,141L101.71,699.05C215.43,341.07,556.52,80,960,80,1415.47,80,1792.07,412.42,1851,841.73Zm-184.26,327.74a360.2,360.2,0,0,1-286.78,141c-156.39,0-289.42-98-339-234.39H915.8c53.49,201.85,241,351.58,464.2,351.58a485.17,485.17,0,0,0,238.78-62.7c-138.37,213.34-381.59,355.69-658.78,355.69-389.2,0-711.77-280.11-769.79-644.57H69c59,429.31,435.57,761.76,891,761.76,403.48,0,744.57-261.1,858.29-619.08Z\\\"/><rect class=\\\"cls-2\\\" y=\\\"1017.52\\\" width=\\\"420\\\" height=\\\"468.77\\\"/><polygon class=\\\"cls-3\\\" points=\\\"1260 1046.81 900 1046.81 900 1486.29 1260 1281.2 1260 1046.81\\\"/><rect class=\\\"cls-4\\\" x=\\\"1500\\\" y=\\\"431.55\\\" width=\\\"420\\\" height=\\\"468.77\\\" transform=\\\"translate(3420 1331.87) rotate(-180)\\\"/><polygon class=\\\"cls-5\\\" points=\\\"660 871.02 1020 871.02 1020 431.55 660 636.64 660 871.02\\\"/></mask><linearGradient id=\\\"linear-gradient-5\\\" x1=\\\"11.23\\\" y1=\\\"1907.69\\\" x2=\\\"1908.77\\\" y2=\\\"10.15\\\" gradientUnits=\\\"userSpaceOnUse\\\"><stop offset=\\\"0.1\\\" stop-color=\\\"#a56eff\\\"/><stop offset=\\\"0.9\\\" stop-color=\\\"#0072c3\\\"/></linearGradient></defs><g class=\\\"cls-6\\\"><rect class=\\\"cls-7\\\" y=\\\"21.37\\\" width=\\\"1920\\\" height=\\\"1875.09\\\"/></g><ellipse class=\\\"cls-8\\\" cx=\\\"1800\\\" cy=\\\"958.92\\\" rx=\\\"120\\\" ry=\\\"117.19\\\"/><ellipse class=\\\"cls-8\\\" cx=\\\"120\\\" cy=\\\"958.92\\\" rx=\\\"120\\\" ry=\\\"117.19\\\"/><ellipse class=\\\"cls-8\\\" cx=\\\"960\\\" cy=\\\"958.92\\\" rx=\\\"120\\\" ry=\\\"117.19\\\"/></svg>\",\"x-ibm-application-name\":\"Skill flows\"},\"servers\":[{\"url\":\"https://dl.watson-orchestrate.ibm.com/asb/uabskillproxy\"}],\"security\":[{\"IBM-WO-JWT\":[]}],\"paths\":{\"/invoke/skill/composite_skill__1.0.0__4a6aab124ec340e4a6feb0e2eda95f1c\":{\"post\":{\"summary\":\"Get Account and Pricebook from Name\",\"description\":\"\",\"operationId\":\"4a6aab124ec340e4a6feb0e2eda95f1c\",\"parameters\":[{\"name\":\"callbackUrl\",\"in\":\"header\",\"description\":\"The location where the response will be sent\",\"required\":false,\"style\":\"simple\",\"explode\":false,\"schema\":{\"type\":\"string\",\"format\":\"uri\"}}],\"requestBody\":{\"content\":{\"application/json\":{\"schema\":{\"type\":\"object\",\"properties\":{\"Query\":{\"type\":\"string\"}},\"description\":\"Input schema for the operation Get_Supplier_Flow\",\"x-ibm-parameter-wrapper\":true}}},\"required\":true},\"responses\":{\"200\":{\"description\":\"Successfully executed custom action\",\"content\":{\"application/json\":{\"schema\":{\"type\":\"object\",\"properties\":{\"uab_Supplier_Name\":{\"title\":\"Supplier Name\",\"type\":\"string\",\"format\":\"\",\"x-ibm-label\":\"Supplier Name\",\"x-ibm-original-property-name\":\"Supplier Name\"},\"uab_Unit_Price\":{\"title\":\"Unit Price\",\"type\":\"number\",\"format\":\"decimal\",\"x-ibm-label\":\"Unit Price\",\"x-ibm-original-property-name\":\"Unit Price\"},\"uab_Supplier_ID\":{\"title\":\"Supplier ID\",\"type\":\"string\",\"format\":\"\",\"x-ibm-label\":\"Supplier ID\",\"x-ibm-original-property-name\":\"Supplier ID\"},\"uab_Supplier_Pricebook_ID\":{\"title\":\"Supplier Pricebook ID\",\"type\":\"string\",\"format\":\"\",\"x-ibm-label\":\"Supplier Pricebook ID\",\"x-ibm-original-property-name\":\"Supplier Pricebook ID\"}}}}}}},\"x-ibm-components\":{\"componentUids\":[\"b838fb6b-3099-4bde-aadb-62c70c99ca7f\",\"7f99de6c-e871-47ce-8400-9aa8bb0fcdaa\",\"c73f36cf-0cfc-4673-8817-cc741bdfd27f\",\"db5bde2c-3531-48fb-a7c2-d94bb8ac1d24\",\"541f9006-4597-493d-b752-e8294f94b3ad\"],\"auxiliarySkills\":{\"541f9006-4597-493d-b752-e8294f94b3ad\":{\"ins\":[{\"in\":\"path\",\"name\":\"Supplier Name\",\"label\":\"Supplier Name\",\"schema\":{\"type\":\"string\",\"format\":\"\",\"x-ibm-label\":\"Supplier Name\"},\"required\":false,\"description\":\"Supplier Name\",\"x-ibm-label\":\"Supplier Name\"},{\"in\":\"path\",\"name\":\"Supplier ID\",\"label\":\"Supplier ID\",\"schema\":{\"type\":\"string\",\"format\":\"\",\"x-ibm-label\":\"Supplier ID\"},\"required\":false,\"description\":\"Supplier ID\",\"x-ibm-label\":\"Supplier ID\"},{\"in\":\"path\",\"name\":\"Supplier Pricebook ID\",\"label\":\"Supplier Pricebook ID\",\"schema\":{\"type\":\"string\",\"format\":\"\",\"x-ibm-label\":\"Supplier Pricebook ID\"},\"required\":false,\"description\":\"Supplier Pricebook ID\",\"x-ibm-label\":\"Supplier Pricebook ID\"},{\"in\":\"path\",\"name\":\"Unit Price\",\"label\":\"Unit Price\",\"schema\":{\"type\":\"number\",\"format\":\"decimal\",\"x-ibm-label\":\"Unit Price\"},\"required\":false,\"description\":\"Unit Price\",\"x-ibm-label\":\"Unit Price\"}],\"outs\":[{\"name\":\"Supplier Name\",\"label\":\"Supplier Name\",\"title\":\"Supplier Name\",\"format\":\"\",\"schema\":{\"type\":\"string\",\"format\":\"\",\"x-ibm-label\":\"Supplier Name\"},\"description\":\"Supplier Name\",\"x-ibm-label\":\"Supplier Name\"},{\"name\":\"Supplier ID\",\"label\":\"Supplier ID\",\"title\":\"Supplier ID\",\"format\":\"\",\"schema\":{\"type\":\"string\",\"format\":\"\",\"x-ibm-label\":\"Supplier ID\"},\"description\":\"Supplier ID\",\"x-ibm-label\":\"Supplier ID\"},{\"name\":\"Supplier Pricebook ID\",\"label\":\"Supplier Pricebook ID\",\"title\":\"Supplier Pricebook ID\",\"format\":\"\",\"schema\":{\"type\":\"string\",\"format\":\"\",\"x-ibm-label\":\"Supplier Pricebook ID\"},\"description\":\"Supplier Pricebook ID\",\"x-ibm-label\":\"Supplier Pricebook ID\"},{\"name\":\"Unit Price\",\"label\":\"Unit Price\",\"title\":\"Unit Price\",\"format\":\"decimal\",\"schema\":{\"type\":\"number\",\"format\":\"decimal\",\"x-ibm-label\":\"Unit Price\"},\"description\":\"Unit Price\",\"x-ibm-label\":\"Unit Price\"}],\"type\":\"input_form\",\"form_title\":\"Summary of Supplier\"}},\"componentSkills\":[\"Reorder_automation-Get_Supplier_Flow__latest__Get_Supplier_Flow\",\"Salesforce-Account__5.0.0__retrievewithwhere_Account\",\"Salesforce-Pricebook2__8.0.0__retrievewithwhere_Pricebook2\",\"Salesforce-Custom-Skills-Version2__1.0.0__fetchPriceBooks\",\"digey_innate__1.0.0__data_form_input\"],\"uidSkillMapping\":{\"541f9006-4597-493d-b752-e8294f94b3ad\":\"digey_innate__1.0.0__data_form_input\",\"7f99de6c-e871-47ce-8400-9aa8bb0fcdaa\":\"Salesforce-Account__5.0.0__retrievewithwhere_Account\",\"b838fb6b-3099-4bde-aadb-62c70c99ca7f\":\"Reorder_automation-Get_Supplier_Flow__latest__Get_Supplier_Flow\",\"c73f36cf-0cfc-4673-8817-cc741bdfd27f\":\"Salesforce-Pricebook2__8.0.0__retrievewithwhere_Pricebook2\",\"db5bde2c-3531-48fb-a7c2-d94bb8ac1d24\":\"Salesforce-Custom-Skills-Version2__1.0.0__fetchPriceBooks\"}},\"x-ibm-nl-intent-examples\":[\"Get Account and Pricebook from Name\"],\"x-ibm-parameter-configurations\":{\"mappings\":[{\"mapping\":{\"sourceSkill\":\"Reorder_automation-Get_Supplier_Flow__latest__Get_Supplier_Flow\",\"targetSkill\":\"digey_innate__1.0.0__data_form_input\",\"fieldMapping\":[{\"option\":\"singleLine\",\"displayName\":\"output.properties.Supplier\",\"sourceSkill\":\"output.properties.Supplier\",\"targetSkill\":\"Supplier Name\",\"field_mapping_id\":\"a9fa736d-d29d-45e5-9075-e20d2b79d90e\"}]},\"sourceSkillId\":\"b838fb6b-3099-4bde-aadb-62c70c99ca7f\",\"targetSkillId\":\"541f9006-4597-493d-b752-e8294f94b3ad\"},{\"mapping\":{\"sourceSkill\":\"Salesforce-Account__5.0.0__retrievewithwhere_Account\",\"targetSkill\":\"digey_innate__1.0.0__data_form_input\",\"fieldMapping\":[{\"option\":\"singleLine\",\"displayName\":\"instances.items.properties.Id\",\"sourceSkill\":\"instances.items.properties.Id\",\"targetSkill\":\"Supplier ID\",\"field_mapping_id\":\"a20e8f3b-52e1-4186-9d2d-444277a49a60\"}]},\"sourceSkillId\":\"7f99de6c-e871-47ce-8400-9aa8bb0fcdaa\",\"targetSkillId\":\"541f9006-4597-493d-b752-e8294f94b3ad\"},{\"mapping\":{\"sourceSkill\":\"Salesforce-Pricebook2__8.0.0__retrievewithwhere_Pricebook2\",\"targetSkill\":\"digey_innate__1.0.0__data_form_input\",\"fieldMapping\":[{\"option\":\"singleLine\",\"displayName\":\"instances.items.properties.Id\",\"sourceSkill\":\"instances.items.properties.Id\",\"targetSkill\":\"Supplier Pricebook ID\",\"field_mapping_id\":\"752d05a7-0a25-4368-8850-3f6d52eb66ef\"}]},\"sourceSkillId\":\"c73f36cf-0cfc-4673-8817-cc741bdfd27f\",\"targetSkillId\":\"541f9006-4597-493d-b752-e8294f94b3ad\"},{\"mapping\":{\"sourceSkill\":\"Salesforce-Custom-Skills-Version2__1.0.0__fetchPriceBooks\",\"targetSkill\":\"digey_innate__1.0.0__data_form_input\",\"fieldMapping\":[{\"option\":\"singleLine\",\"displayName\":\"price_books.items.properties.Unit Price\",\"sourceSkill\":\"price_books.items.properties.Unit Price\",\"targetSkill\":\"Unit Price\",\"field_mapping_id\":\"e2485147-3bf2-4940-8806-13559c522d26\"}]},\"sourceSkillId\":\"db5bde2c-3531-48fb-a7c2-d94bb8ac1d24\",\"targetSkillId\":\"541f9006-4597-493d-b752-e8294f94b3ad\"}],\"flowMappings\":[{\"sourceSkillUid\":\"\",\"targetSkillUid\":\"b838fb6b-3099-4bde-aadb-62c70c99ca7f\"},{\"sourceSkillUid\":\"b838fb6b-3099-4bde-aadb-62c70c99ca7f\",\"targetSkillUid\":\"7f99de6c-e871-47ce-8400-9aa8bb0fcdaa\"},{\"sourceSkillUid\":\"7f99de6c-e871-47ce-8400-9aa8bb0fcdaa\",\"targetSkillUid\":\"c73f36cf-0cfc-4673-8817-cc741bdfd27f\"},{\"sourceSkillUid\":\"c73f36cf-0cfc-4673-8817-cc741bdfd27f\",\"targetSkillUid\":\"db5bde2c-3531-48fb-a7c2-d94bb8ac1d24\"},{\"sourceSkillUid\":\"db5bde2c-3531-48fb-a7c2-d94bb8ac1d24\",\"targetSkillUid\":\"541f9006-4597-493d-b752-e8294f94b3ad\"},{\"sourceSkillUid\":\"541f9006-4597-493d-b752-e8294f94b3ad\",\"targetSkillUid\":\"\"}],\"branchConfigs\":[],\"filterMapping\":[{\"mapping\":[{\"condition\":\"eq\",\"filter_field\":\"Name\",\"value_reference\":\"output.properties.Supplier\",\"source_reference\":\"b838fb6b-3099-4bde-aadb-62c70c99ca7f\",\"filter_display_name\":\"Account name\"}],\"skillId\":\"7f99de6c-e871-47ce-8400-9aa8bb0fcdaa\"},{\"mapping\":[{\"condition\":\"eq\",\"filter_field\":\"Name\",\"value_reference\":\"output.properties.Supplier\",\"source_reference\":\"b838fb6b-3099-4bde-aadb-62c70c99ca7f\",\"filter_display_name\":\"Price Book Name\"}],\"skillId\":\"c73f36cf-0cfc-4673-8817-cc741bdfd27f\"}],\"componentConfig\":{\"541f9006-4597-493d-b752-e8294f94b3ad\":{\"hideInput\":false,\"hideOutput\":true}},\"transformations\":{}}}}},\"components\":{\"securitySchemes\":{\"IBM-WO-JWT\":{\"type\":\"http\",\"scheme\":\"bearer\",\"bearerFormat\":\"IBM-Watsonx-Orchestrate-JWT\"}}}}",
      "namespace" : "http://www.ibm.com/xmlns/prod/bpm/bpmn/ext/externalservice/swagger/d9209fcf-0021-409d-bb49-6a0f08a7d623Service",
      "type" : "swagger",
      "url" : "file:/opt/ibm/wlp/output/defaultServer/temp/automationServiceDiscovery11132546864941543828.json"
    },
    "type" : "BPMService",
    "definitions" : "{\"openapi\":\"3.0.1\",\"info\":{\"title\":\"Get Account and Pricebook from Name\",\"description\":\"\",\"version\":\"1.0.0\",\"x-ibm-skill-type\":\"skill-flow\",\"x-ibm-annotations\":\"true\",\"x-ibm-application-id\":\"composite_skill\",\"x-ibm-application-icon\":\"<svg width=\\\"30\\\" height=\\\"30\\\" id=\\\"Layer_1\\\" data-name=\\\"Layer 1\\\" xmlns=\\\"http://www.w3.org/2000/svg\\\" xmlns:xlink=\\\"http://www.w3.org/1999/xlink\\\" viewBox=\\\"0 0 1920 1920\\\"><defs><style>.cls-1{fill:#fff;}.cls-2{fill:url(#linear-gradient);}.cls-3{fill:url(#linear-gradient-2);}.cls-4{fill:url(#linear-gradient-3);}.cls-5{fill:url(#linear-gradient-4);}.cls-6{mask:url(#mask);}.cls-7{fill:url(#linear-gradient-5);}.cls-8{fill:#001d6c;}</style><linearGradient id=\\\"linear-gradient\\\" x1=\\\"-1049.46\\\" y1=\\\"-5211.64\\\" x2=\\\"-1049.46\\\" y2=\\\"-4742.87\\\" gradientTransform=\\\"matrix(1, 0, 0, -1, 1259.46, -3725.36)\\\" gradientUnits=\\\"userSpaceOnUse\\\"><stop offset=\\\"0\\\" stop-opacity=\\\"0\\\"/><stop offset=\\\"0.83\\\"/></linearGradient><linearGradient id=\\\"linear-gradient-2\\\" x1=\\\"-124.2\\\" y1=\\\"-5096.73\\\" x2=\\\"-315.69\\\" y2=\\\"-4765.06\\\" gradientTransform=\\\"matrix(1, 0, 0, -1, 1255.54, -3741.25)\\\" gradientUnits=\\\"userSpaceOnUse\\\"><stop offset=\\\"0\\\" stop-opacity=\\\"0\\\"/><stop offset=\\\"0.7\\\"/></linearGradient><linearGradient id=\\\"linear-gradient-3\\\" x1=\\\"-1491.46\\\" y1=\\\"-1099.81\\\" x2=\\\"-1491.46\\\" y2=\\\"-631.03\\\" gradientTransform=\\\"matrix(1, 0, 0, -1, 3201.46, -199.48)\\\" xlink:href=\\\"#linear-gradient\\\"/><linearGradient id=\\\"linear-gradient-4\\\" x1=\\\"-566.2\\\" y1=\\\"-984.89\\\" x2=\\\"-757.69\\\" y2=\\\"-653.22\\\" gradientTransform=\\\"matrix(-1, 0, 0, 1, 222.46, 1547.25)\\\" xlink:href=\\\"#linear-gradient-2\\\"/><mask id=\\\"mask\\\" x=\\\"0\\\" y=\\\"21.37\\\" width=\\\"1920\\\" height=\\\"1875.09\\\" maskUnits=\\\"userSpaceOnUse\\\"><path class=\\\"cls-1\\\" d=\\\"M1851,841.73H1729.79c-58-364.46-380.59-644.57-769.79-644.57-277.19,0-520.41,142.35-658.78,355.69A485.17,485.17,0,0,1,540,490.15c223.17,0,410.71,149.73,464.2,351.58H879C829.42,705.39,696.39,607.34,540,607.34a360.17,360.17,0,0,0-286.78,141L101.71,699.05C215.43,341.07,556.52,80,960,80,1415.47,80,1792.07,412.42,1851,841.73Zm-184.26,327.74a360.2,360.2,0,0,1-286.78,141c-156.39,0-289.42-98-339-234.39H915.8c53.49,201.85,241,351.58,464.2,351.58a485.17,485.17,0,0,0,238.78-62.7c-138.37,213.34-381.59,355.69-658.78,355.69-389.2,0-711.77-280.11-769.79-644.57H69c59,429.31,435.57,761.76,891,761.76,403.48,0,744.57-261.1,858.29-619.08Z\\\"/><rect class=\\\"cls-2\\\" y=\\\"1017.52\\\" width=\\\"420\\\" height=\\\"468.77\\\"/><polygon class=\\\"cls-3\\\" points=\\\"1260 1046.81 900 1046.81 900 1486.29 1260 1281.2 1260 1046.81\\\"/><rect class=\\\"cls-4\\\" x=\\\"1500\\\" y=\\\"431.55\\\" width=\\\"420\\\" height=\\\"468.77\\\" transform=\\\"translate(3420 1331.87) rotate(-180)\\\"/><polygon class=\\\"cls-5\\\" points=\\\"660 871.02 1020 871.02 1020 431.55 660 636.64 660 871.02\\\"/></mask><linearGradient id=\\\"linear-gradient-5\\\" x1=\\\"11.23\\\" y1=\\\"1907.69\\\" x2=\\\"1908.77\\\" y2=\\\"10.15\\\" gradientUnits=\\\"userSpaceOnUse\\\"><stop offset=\\\"0.1\\\" stop-color=\\\"#a56eff\\\"/><stop offset=\\\"0.9\\\" stop-color=\\\"#0072c3\\\"/></linearGradient></defs><g class=\\\"cls-6\\\"><rect class=\\\"cls-7\\\" y=\\\"21.37\\\" width=\\\"1920\\\" height=\\\"1875.09\\\"/></g><ellipse class=\\\"cls-8\\\" cx=\\\"1800\\\" cy=\\\"958.92\\\" rx=\\\"120\\\" ry=\\\"117.19\\\"/><ellipse class=\\\"cls-8\\\" cx=\\\"120\\\" cy=\\\"958.92\\\" rx=\\\"120\\\" ry=\\\"117.19\\\"/><ellipse class=\\\"cls-8\\\" cx=\\\"960\\\" cy=\\\"958.92\\\" rx=\\\"120\\\" ry=\\\"117.19\\\"/></svg>\",\"x-ibm-application-name\":\"Skill flows\"},\"servers\":[{\"url\":\"https://dl.watson-orchestrate.ibm.com/asb/uabskillproxy\"}],\"security\":[{\"IBM-WO-JWT\":[]}],\"paths\":{\"/invoke/skill/composite_skill__1.0.0__4a6aab124ec340e4a6feb0e2eda95f1c\":{\"post\":{\"summary\":\"Get Account and Pricebook from Name\",\"description\":\"\",\"operationId\":\"4a6aab124ec340e4a6feb0e2eda95f1c\",\"parameters\":[{\"name\":\"callbackUrl\",\"in\":\"header\",\"description\":\"The location where the response will be sent\",\"required\":false,\"style\":\"simple\",\"explode\":false,\"schema\":{\"type\":\"string\",\"format\":\"uri\"}}],\"requestBody\":{\"content\":{\"application/json\":{\"schema\":{\"type\":\"object\",\"properties\":{\"Query\":{\"type\":\"string\"}},\"description\":\"Input schema for the operation Get_Supplier_Flow\",\"x-ibm-parameter-wrapper\":true}}},\"required\":true},\"responses\":{\"200\":{\"description\":\"Successfully executed custom action\",\"content\":{\"application/json\":{\"schema\":{\"type\":\"object\",\"properties\":{\"uab_Supplier_Name\":{\"title\":\"Supplier Name\",\"type\":\"string\",\"format\":\"\",\"x-ibm-label\":\"Supplier Name\",\"x-ibm-original-property-name\":\"Supplier Name\"},\"uab_Unit_Price\":{\"title\":\"Unit Price\",\"type\":\"number\",\"format\":\"decimal\",\"x-ibm-label\":\"Unit Price\",\"x-ibm-original-property-name\":\"Unit Price\"},\"uab_Supplier_ID\":{\"title\":\"Supplier ID\",\"type\":\"string\",\"format\":\"\",\"x-ibm-label\":\"Supplier ID\",\"x-ibm-original-property-name\":\"Supplier ID\"},\"uab_Supplier_Pricebook_ID\":{\"title\":\"Supplier Pricebook ID\",\"type\":\"string\",\"format\":\"\",\"x-ibm-label\":\"Supplier Pricebook ID\",\"x-ibm-original-property-name\":\"Supplier Pricebook ID\"}}}}}}},\"x-ibm-components\":{\"componentUids\":[\"b838fb6b-3099-4bde-aadb-62c70c99ca7f\",\"7f99de6c-e871-47ce-8400-9aa8bb0fcdaa\",\"c73f36cf-0cfc-4673-8817-cc741bdfd27f\",\"db5bde2c-3531-48fb-a7c2-d94bb8ac1d24\",\"541f9006-4597-493d-b752-e8294f94b3ad\"],\"auxiliarySkills\":{\"541f9006-4597-493d-b752-e8294f94b3ad\":{\"ins\":[{\"in\":\"path\",\"name\":\"Supplier Name\",\"label\":\"Supplier Name\",\"schema\":{\"type\":\"string\",\"format\":\"\",\"x-ibm-label\":\"Supplier Name\"},\"required\":false,\"description\":\"Supplier Name\",\"x-ibm-label\":\"Supplier Name\"},{\"in\":\"path\",\"name\":\"Supplier ID\",\"label\":\"Supplier ID\",\"schema\":{\"type\":\"string\",\"format\":\"\",\"x-ibm-label\":\"Supplier ID\"},\"required\":false,\"description\":\"Supplier ID\",\"x-ibm-label\":\"Supplier ID\"},{\"in\":\"path\",\"name\":\"Supplier Pricebook ID\",\"label\":\"Supplier Pricebook ID\",\"schema\":{\"type\":\"string\",\"format\":\"\",\"x-ibm-label\":\"Supplier Pricebook ID\"},\"required\":false,\"description\":\"Supplier Pricebook ID\",\"x-ibm-label\":\"Supplier Pricebook ID\"},{\"in\":\"path\",\"name\":\"Unit Price\",\"label\":\"Unit Price\",\"schema\":{\"type\":\"number\",\"format\":\"decimal\",\"x-ibm-label\":\"Unit Price\"},\"required\":false,\"description\":\"Unit Price\",\"x-ibm-label\":\"Unit Price\"}],\"outs\":[{\"name\":\"Supplier Name\",\"label\":\"Supplier Name\",\"title\":\"Supplier Name\",\"format\":\"\",\"schema\":{\"type\":\"string\",\"format\":\"\",\"x-ibm-label\":\"Supplier Name\"},\"description\":\"Supplier Name\",\"x-ibm-label\":\"Supplier Name\"},{\"name\":\"Supplier ID\",\"label\":\"Supplier ID\",\"title\":\"Supplier ID\",\"format\":\"\",\"schema\":{\"type\":\"string\",\"format\":\"\",\"x-ibm-label\":\"Supplier ID\"},\"description\":\"Supplier ID\",\"x-ibm-label\":\"Supplier ID\"},{\"name\":\"Supplier Pricebook ID\",\"label\":\"Supplier Pricebook ID\",\"title\":\"Supplier Pricebook ID\",\"format\":\"\",\"schema\":{\"type\":\"string\",\"format\":\"\",\"x-ibm-label\":\"Supplier Pricebook ID\"},\"description\":\"Supplier Pricebook ID\",\"x-ibm-label\":\"Supplier Pricebook ID\"},{\"name\":\"Unit Price\",\"label\":\"Unit Price\",\"title\":\"Unit Price\",\"format\":\"decimal\",\"schema\":{\"type\":\"number\",\"format\":\"decimal\",\"x-ibm-label\":\"Unit Price\"},\"description\":\"Unit Price\",\"x-ibm-label\":\"Unit Price\"}],\"type\":\"input_form\",\"form_title\":\"Summary of Supplier\"}},\"componentSkills\":[\"Reorder_automation-Get_Supplier_Flow__latest__Get_Supplier_Flow\",\"Salesforce-Account__5.0.0__retrievewithwhere_Account\",\"Salesforce-Pricebook2__8.0.0__retrievewithwhere_Pricebook2\",\"Salesforce-Custom-Skills-Version2__1.0.0__fetchPriceBooks\",\"digey_innate__1.0.0__data_form_input\"],\"uidSkillMapping\":{\"541f9006-4597-493d-b752-e8294f94b3ad\":\"digey_innate__1.0.0__data_form_input\",\"7f99de6c-e871-47ce-8400-9aa8bb0fcdaa\":\"Salesforce-Account__5.0.0__retrievewithwhere_Account\",\"b838fb6b-3099-4bde-aadb-62c70c99ca7f\":\"Reorder_automation-Get_Supplier_Flow__latest__Get_Supplier_Flow\",\"c73f36cf-0cfc-4673-8817-cc741bdfd27f\":\"Salesforce-Pricebook2__8.0.0__retrievewithwhere_Pricebook2\",\"db5bde2c-3531-48fb-a7c2-d94bb8ac1d24\":\"Salesforce-Custom-Skills-Version2__1.0.0__fetchPriceBooks\"}},\"x-ibm-nl-intent-examples\":[\"Get Account and Pricebook from Name\"],\"x-ibm-parameter-configurations\":{\"mappings\":[{\"mapping\":{\"sourceSkill\":\"Reorder_automation-Get_Supplier_Flow__latest__Get_Supplier_Flow\",\"targetSkill\":\"digey_innate__1.0.0__data_form_input\",\"fieldMapping\":[{\"option\":\"singleLine\",\"displayName\":\"output.properties.Supplier\",\"sourceSkill\":\"output.properties.Supplier\",\"targetSkill\":\"Supplier Name\",\"field_mapping_id\":\"a9fa736d-d29d-45e5-9075-e20d2b79d90e\"}]},\"sourceSkillId\":\"b838fb6b-3099-4bde-aadb-62c70c99ca7f\",\"targetSkillId\":\"541f9006-4597-493d-b752-e8294f94b3ad\"},{\"mapping\":{\"sourceSkill\":\"Salesforce-Account__5.0.0__retrievewithwhere_Account\",\"targetSkill\":\"digey_innate__1.0.0__data_form_input\",\"fieldMapping\":[{\"option\":\"singleLine\",\"displayName\":\"instances.items.properties.Id\",\"sourceSkill\":\"instances.items.properties.Id\",\"targetSkill\":\"Supplier ID\",\"field_mapping_id\":\"a20e8f3b-52e1-4186-9d2d-444277a49a60\"}]},\"sourceSkillId\":\"7f99de6c-e871-47ce-8400-9aa8bb0fcdaa\",\"targetSkillId\":\"541f9006-4597-493d-b752-e8294f94b3ad\"},{\"mapping\":{\"sourceSkill\":\"Salesforce-Pricebook2__8.0.0__retrievewithwhere_Pricebook2\",\"targetSkill\":\"digey_innate__1.0.0__data_form_input\",\"fieldMapping\":[{\"option\":\"singleLine\",\"displayName\":\"instances.items.properties.Id\",\"sourceSkill\":\"instances.items.properties.Id\",\"targetSkill\":\"Supplier Pricebook ID\",\"field_mapping_id\":\"752d05a7-0a25-4368-8850-3f6d52eb66ef\"}]},\"sourceSkillId\":\"c73f36cf-0cfc-4673-8817-cc741bdfd27f\",\"targetSkillId\":\"541f9006-4597-493d-b752-e8294f94b3ad\"},{\"mapping\":{\"sourceSkill\":\"Salesforce-Custom-Skills-Version2__1.0.0__fetchPriceBooks\",\"targetSkill\":\"digey_innate__1.0.0__data_form_input\",\"fieldMapping\":[{\"option\":\"singleLine\",\"displayName\":\"price_books.items.properties.Unit Price\",\"sourceSkill\":\"price_books.items.properties.Unit Price\",\"targetSkill\":\"Unit Price\",\"field_mapping_id\":\"e2485147-3bf2-4940-8806-13559c522d26\"}]},\"sourceSkillId\":\"db5bde2c-3531-48fb-a7c2-d94bb8ac1d24\",\"targetSkillId\":\"541f9006-4597-493d-b752-e8294f94b3ad\"}],\"flowMappings\":[{\"sourceSkillUid\":\"\",\"targetSkillUid\":\"b838fb6b-3099-4bde-aadb-62c70c99ca7f\"},{\"sourceSkillUid\":\"b838fb6b-3099-4bde-aadb-62c70c99ca7f\",\"targetSkillUid\":\"7f99de6c-e871-47ce-8400-9aa8bb0fcdaa\"},{\"sourceSkillUid\":\"7f99de6c-e871-47ce-8400-9aa8bb0fcdaa\",\"targetSkillUid\":\"c73f36cf-0cfc-4673-8817-cc741bdfd27f\"},{\"sourceSkillUid\":\"c73f36cf-0cfc-4673-8817-cc741bdfd27f\",\"targetSkillUid\":\"db5bde2c-3531-48fb-a7c2-d94bb8ac1d24\"},{\"sourceSkillUid\":\"db5bde2c-3531-48fb-a7c2-d94bb8ac1d24\",\"targetSkillUid\":\"541f9006-4597-493d-b752-e8294f94b3ad\"},{\"sourceSkillUid\":\"541f9006-4597-493d-b752-e8294f94b3ad\",\"targetSkillUid\":\"\"}],\"branchConfigs\":[],\"filterMapping\":[{\"mapping\":[{\"condition\":\"eq\",\"filter_field\":\"Name\",\"value_reference\":\"output.properties.Supplier\",\"source_reference\":\"b838fb6b-3099-4bde-aadb-62c70c99ca7f\",\"filter_display_name\":\"Account name\"}],\"skillId\":\"7f99de6c-e871-47ce-8400-9aa8bb0fcdaa\"},{\"mapping\":[{\"condition\":\"eq\",\"filter_field\":\"Name\",\"value_reference\":\"output.properties.Supplier\",\"source_reference\":\"b838fb6b-3099-4bde-aadb-62c70c99ca7f\",\"filter_display_name\":\"Price Book Name\"}],\"skillId\":\"c73f36cf-0cfc-4673-8817-cc741bdfd27f\"}],\"componentConfig\":{\"541f9006-4597-493d-b752-e8294f94b3ad\":{\"hideInput\":false,\"hideOutput\":true}},\"transformations\":{}}}}},\"components\":{\"securitySchemes\":{\"IBM-WO-JWT\":{\"type\":\"http\",\"scheme\":\"bearer\",\"bearerFormat\":\"IBM-Watsonx-Orchestrate-JWT\"}}}}",
    "poId" : "6023.609b3949-a7d1-4d67-804c-2604161b7fb5"
  }, {
    "WSDL_DATA" : {
      "repoUrl" : "repo://6023.fea7a523-fba5-43b4-8e86-db442fbec905/6a0f08a7d623.xsd",
      "uid" : "6023.fea7a523-fba5-43b4-8e86-db442fbec905",
      "referenceLocation" : [ ],
      "data" : "<?xml version=\"1.0\" encoding=\"UTF-8\"?><xsd:schema xmlns:xsd=\"http://www.w3.org/2001/XMLSchema\" xmlns=\"http://www.ibm.com/xmlns/prod/bpm/bpmn/ext/externalservice/swagger/xsd/d9209fcf-0021-409d-bb49-6a0f08a7d623.xsd\" xmlns:ibmbpm=\"http://lombardi.ibm.com/schema/\" targetNamespace=\"http://www.ibm.com/xmlns/prod/bpm/bpmn/ext/externalservice/swagger/xsd/d9209fcf-0021-409d-bb49-6a0f08a7d623.xsd\">\n  <xsd:element name=\"_a6aab124ec340e4a6feb0e2eda95f1cRequest\" type=\"_a6aab124ec340e4a6feb0e2eda95f1cRequest\"/>\n  <xsd:element name=\"_a6aab124ec340e4a6feb0e2eda95f1cResponse\" type=\"_a6aab124ec340e4a6feb0e2eda95f1cResponse\"/>\n  <xsd:complexType name=\"_a6aab124ec340e4a6feb0e2eda95f1cRequest\">\n    <xsd:sequence>\n      <xsd:element minOccurs=\"0\" name=\"callbackUrl\" type=\"xsd:string\">\n        <xsd:annotation format=\"uri\" optional=\"true\">\n          <xsd:documentation>The location where the response will be sent</xsd:documentation>\n        </xsd:annotation>\n      </xsd:element>\n      <xsd:element minOccurs=\"0\" name=\"Query\" type=\"xsd:string\">\n        <xsd:annotation optional=\"true\"/>\n      </xsd:element>\n    </xsd:sequence>\n  </xsd:complexType>\n  <xsd:complexType name=\"_a6aab124ec340e4a6feb0e2eda95f1cResponse\">\n    <xsd:sequence>\n      <xsd:element minOccurs=\"0\" name=\"_a6aab124ec340e4a6feb0e2eda95f1c\" type=\"_a6aab124ec340e4a6feb0e2eda95f1c_200Type\" xpathBeforeFlattening=\"/xsd:schema/xsd:complexType[@name='_a6aab124ec340e4a6feb0e2eda95f1cResponse']/xsd:sequence/xsd:element[@name='_a6aab124ec340e4a6feb0e2eda95f1c']\">\n        <xsd:annotation alternateOldName=\"_a6aab124ec340e4a6feb0e2eda95f1c_200\" optional=\"true\" responseCode=\"200\">\n          <xsd:documentation>Successfully executed custom action</xsd:documentation>\n        </xsd:annotation>\n      </xsd:element>\n    </xsd:sequence>\n  </xsd:complexType>\n  <xsd:complexType name=\"_a6aab124ec340e4a6feb0e2eda95f1c_200Type\">\n    <xsd:sequence>\n      <xsd:element minOccurs=\"0\" name=\"uab_Supplier_Name\" type=\"xsd:string\">\n        <xsd:annotation format=\"\" optional=\"true\" title=\"Supplier Name\">\n          <xsd:documentation>Supplier Name</xsd:documentation>\n        </xsd:annotation>\n      </xsd:element>\n      <xsd:element minOccurs=\"0\" name=\"uab_Unit_Price\" type=\"xsd:double\">\n        <xsd:annotation format=\"decimal\" optional=\"true\" title=\"Unit Price\">\n          <xsd:documentation>Unit Price</xsd:documentation>\n        </xsd:annotation>\n      </xsd:element>\n      <xsd:element minOccurs=\"0\" name=\"uab_Supplier_ID\" type=\"xsd:string\">\n        <xsd:annotation format=\"\" optional=\"true\" title=\"Supplier ID\">\n          <xsd:documentation>Supplier ID</xsd:documentation>\n        </xsd:annotation>\n      </xsd:element>\n      <xsd:element minOccurs=\"0\" name=\"uab_Supplier_Pricebook_ID\" type=\"xsd:string\">\n        <xsd:annotation format=\"\" optional=\"true\" title=\"Supplier Pricebook ID\">\n          <xsd:documentation>Supplier Pricebook ID</xsd:documentation>\n        </xsd:annotation>\n      </xsd:element>\n    </xsd:sequence>\n  </xsd:complexType>\n</xsd:schema>\n",
      "namespace" : "http://www.ibm.com/xmlns/prod/bpm/bpmn/ext/externalservice/swagger/xsd/d9209fcf-0021-409d-bb49-6a0f08a7d623.xsd",
      "type" : "xsd",
      "url" : "http://www.ibm.com/xmlns/prod/bpm/bpmn/ext/externalservice/swagger/xsd/d9209fcf-0021-409d-bb49-6a0f08a7d623.xsd"
    },
    "type" : "BPMService",
    "definitions" : "<?xml version=\"1.0\" encoding=\"UTF-8\"?><xsd:schema xmlns:xsd=\"http://www.w3.org/2001/XMLSchema\" xmlns=\"http://www.ibm.com/xmlns/prod/bpm/bpmn/ext/externalservice/swagger/xsd/d9209fcf-0021-409d-bb49-6a0f08a7d623.xsd\" xmlns:ibmbpm=\"http://lombardi.ibm.com/schema/\" targetNamespace=\"http://www.ibm.com/xmlns/prod/bpm/bpmn/ext/externalservice/swagger/xsd/d9209fcf-0021-409d-bb49-6a0f08a7d623.xsd\">\n  <xsd:element name=\"_a6aab124ec340e4a6feb0e2eda95f1cRequest\" type=\"_a6aab124ec340e4a6feb0e2eda95f1cRequest\"/>\n  <xsd:element name=\"_a6aab124ec340e4a6feb0e2eda95f1cResponse\" type=\"_a6aab124ec340e4a6feb0e2eda95f1cResponse\"/>\n  <xsd:complexType name=\"_a6aab124ec340e4a6feb0e2eda95f1cRequest\">\n    <xsd:sequence>\n      <xsd:element minOccurs=\"0\" name=\"callbackUrl\" type=\"xsd:string\">\n        <xsd:annotation format=\"uri\" optional=\"true\">\n          <xsd:documentation>The location where the response will be sent</xsd:documentation>\n        </xsd:annotation>\n      </xsd:element>\n      <xsd:element minOccurs=\"0\" name=\"Query\" type=\"xsd:string\">\n        <xsd:annotation optional=\"true\"/>\n      </xsd:element>\n    </xsd:sequence>\n  </xsd:complexType>\n  <xsd:complexType name=\"_a6aab124ec340e4a6feb0e2eda95f1cResponse\">\n    <xsd:sequence>\n      <xsd:element minOccurs=\"0\" name=\"_a6aab124ec340e4a6feb0e2eda95f1c\" type=\"_a6aab124ec340e4a6feb0e2eda95f1c_200Type\" xpathBeforeFlattening=\"/xsd:schema/xsd:complexType[@name='_a6aab124ec340e4a6feb0e2eda95f1cResponse']/xsd:sequence/xsd:element[@name='_a6aab124ec340e4a6feb0e2eda95f1c']\">\n        <xsd:annotation alternateOldName=\"_a6aab124ec340e4a6feb0e2eda95f1c_200\" optional=\"true\" responseCode=\"200\">\n          <xsd:documentation>Successfully executed custom action</xsd:documentation>\n        </xsd:annotation>\n      </xsd:element>\n    </xsd:sequence>\n  </xsd:complexType>\n  <xsd:complexType name=\"_a6aab124ec340e4a6feb0e2eda95f1c_200Type\">\n    <xsd:sequence>\n      <xsd:element minOccurs=\"0\" name=\"uab_Supplier_Name\" type=\"xsd:string\">\n        <xsd:annotation format=\"\" optional=\"true\" title=\"Supplier Name\">\n          <xsd:documentation>Supplier Name</xsd:documentation>\n        </xsd:annotation>\n      </xsd:element>\n      <xsd:element minOccurs=\"0\" name=\"uab_Unit_Price\" type=\"xsd:double\">\n        <xsd:annotation format=\"decimal\" optional=\"true\" title=\"Unit Price\">\n          <xsd:documentation>Unit Price</xsd:documentation>\n        </xsd:annotation>\n      </xsd:element>\n      <xsd:element minOccurs=\"0\" name=\"uab_Supplier_ID\" type=\"xsd:string\">\n        <xsd:annotation format=\"\" optional=\"true\" title=\"Supplier ID\">\n          <xsd:documentation>Supplier ID</xsd:documentation>\n        </xsd:annotation>\n      </xsd:element>\n      <xsd:element minOccurs=\"0\" name=\"uab_Supplier_Pricebook_ID\" type=\"xsd:string\">\n        <xsd:annotation format=\"\" optional=\"true\" title=\"Supplier Pricebook ID\">\n          <xsd:documentation>Supplier Pricebook ID</xsd:documentation>\n        </xsd:annotation>\n      </xsd:element>\n    </xsd:sequence>\n  </xsd:complexType>\n</xsd:schema>\n",
    "poId" : "6023.fea7a523-fba5-43b4-8e86-db442fbec905"
  } ]
}