{
  "WSDL_DATA" : {
    "repoUrl" : "repo://6023.fea7a523-fba5-43b4-8e86-db442fbec905/6a0f08a7d623.xsd",
    "uid" : "6023.fea7a523-fba5-43b4-8e86-db442fbec905",
    "referenceLocation" : [ ],
    "data" : "<?xml version=\"1.0\" encoding=\"UTF-8\"?><xsd:schema xmlns:xsd=\"http://www.w3.org/2001/XMLSchema\" xmlns=\"http://www.ibm.com/xmlns/prod/bpm/bpmn/ext/externalservice/swagger/xsd/d9209fcf-0021-409d-bb49-6a0f08a7d623.xsd\" xmlns:ibmbpm=\"http://lombardi.ibm.com/schema/\" targetNamespace=\"http://www.ibm.com/xmlns/prod/bpm/bpmn/ext/externalservice/swagger/xsd/d9209fcf-0021-409d-bb49-6a0f08a7d623.xsd\">\n  <xsd:element name=\"_a6aab124ec340e4a6feb0e2eda95f1cRequest\" type=\"_a6aab124ec340e4a6feb0e2eda95f1cRequest\"/>\n  <xsd:element name=\"_a6aab124ec340e4a6feb0e2eda95f1cResponse\" type=\"_a6aab124ec340e4a6feb0e2eda95f1cResponse\"/>\n  <xsd:complexType name=\"_a6aab124ec340e4a6feb0e2eda95f1cRequest\">\n    <xsd:sequence>\n      <xsd:element minOccurs=\"0\" name=\"callbackUrl\" type=\"xsd:string\">\n        <xsd:annotation format=\"uri\" optional=\"true\">\n          <xsd:documentation>The location where the response will be sent</xsd:documentation>\n        </xsd:annotation>\n      </xsd:element>\n      <xsd:element minOccurs=\"0\" name=\"Query\" type=\"xsd:string\">\n        <xsd:annotation optional=\"true\"/>\n      </xsd:element>\n    </xsd:sequence>\n  </xsd:complexType>\n  <xsd:complexType name=\"_a6aab124ec340e4a6feb0e2eda95f1cResponse\">\n    <xsd:sequence>\n      <xsd:element minOccurs=\"0\" name=\"_a6aab124ec340e4a6feb0e2eda95f1c\" type=\"_a6aab124ec340e4a6feb0e2eda95f1c_200Type\" xpathBeforeFlattening=\"/xsd:schema/xsd:complexType[@name='_a6aab124ec340e4a6feb0e2eda95f1cResponse']/xsd:sequence/xsd:element[@name='_a6aab124ec340e4a6feb0e2eda95f1c']\">\n        <xsd:annotation alternateOldName=\"_a6aab124ec340e4a6feb0e2eda95f1c_200\" optional=\"true\" responseCode=\"200\">\n          <xsd:documentation>Successfully executed custom action</xsd:documentation>\n        </xsd:annotation>\n      </xsd:element>\n    </xsd:sequence>\n  </xsd:complexType>\n  <xsd:complexType name=\"_a6aab124ec340e4a6feb0e2eda95f1c_200Type\">\n    <xsd:sequence>\n      <xsd:element minOccurs=\"0\" name=\"uab_Supplier_Name\" type=\"xsd:string\">\n        <xsd:annotation format=\"\" optional=\"true\" title=\"Supplier Name\">\n          <xsd:documentation>Supplier Name</xsd:documentation>\n        </xsd:annotation>\n      </xsd:element>\n      <xsd:element minOccurs=\"0\" name=\"uab_Unit_Price\" type=\"xsd:double\">\n        <xsd:annotation format=\"decimal\" optional=\"true\" title=\"Unit Price\">\n          <xsd:documentation>Unit Price</xsd:documentation>\n        </xsd:annotation>\n      </xsd:element>\n      <xsd:element minOccurs=\"0\" name=\"uab_Supplier_ID\" type=\"xsd:string\">\n        <xsd:annotation format=\"\" optional=\"true\" title=\"Supplier ID\">\n          <xsd:documentation>Supplier ID</xsd:documentation>\n        </xsd:annotation>\n      </xsd:element>\n      <xsd:element minOccurs=\"0\" name=\"uab_Supplier_Pricebook_ID\" type=\"xsd:string\">\n        <xsd:annotation format=\"\" optional=\"true\" title=\"Supplier Pricebook ID\">\n          <xsd:documentation>Supplier Pricebook ID</xsd:documentation>\n        </xsd:annotation>\n      </xsd:element>\n    </xsd:sequence>\n  </xsd:complexType>\n</xsd:schema>\n",
    "namespace" : "http://www.ibm.com/xmlns/prod/bpm/bpmn/ext/externalservice/swagger/xsd/d9209fcf-0021-409d-bb49-6a0f08a7d623.xsd",
    "type" : "xsd",
    "url" : "http://www.ibm.com/xmlns/prod/bpm/bpmn/ext/externalservice/swagger/xsd/d9209fcf-0021-409d-bb49-6a0f08a7d623.xsd"
  },
  "type" : "BPMService",
  "definitions" : "<?xml version=\"1.0\" encoding=\"UTF-8\"?><xsd:schema xmlns:xsd=\"http://www.w3.org/2001/XMLSchema\" xmlns=\"http://www.ibm.com/xmlns/prod/bpm/bpmn/ext/externalservice/swagger/xsd/d9209fcf-0021-409d-bb49-6a0f08a7d623.xsd\" xmlns:ibmbpm=\"http://lombardi.ibm.com/schema/\" targetNamespace=\"http://www.ibm.com/xmlns/prod/bpm/bpmn/ext/externalservice/swagger/xsd/d9209fcf-0021-409d-bb49-6a0f08a7d623.xsd\">\n  <xsd:element name=\"_a6aab124ec340e4a6feb0e2eda95f1cRequest\" type=\"_a6aab124ec340e4a6feb0e2eda95f1cRequest\"/>\n  <xsd:element name=\"_a6aab124ec340e4a6feb0e2eda95f1cResponse\" type=\"_a6aab124ec340e4a6feb0e2eda95f1cResponse\"/>\n  <xsd:complexType name=\"_a6aab124ec340e4a6feb0e2eda95f1cRequest\">\n    <xsd:sequence>\n      <xsd:element minOccurs=\"0\" name=\"callbackUrl\" type=\"xsd:string\">\n        <xsd:annotation format=\"uri\" optional=\"true\">\n          <xsd:documentation>The location where the response will be sent</xsd:documentation>\n        </xsd:annotation>\n      </xsd:element>\n      <xsd:element minOccurs=\"0\" name=\"Query\" type=\"xsd:string\">\n        <xsd:annotation optional=\"true\"/>\n      </xsd:element>\n    </xsd:sequence>\n  </xsd:complexType>\n  <xsd:complexType name=\"_a6aab124ec340e4a6feb0e2eda95f1cResponse\">\n    <xsd:sequence>\n      <xsd:element minOccurs=\"0\" name=\"_a6aab124ec340e4a6feb0e2eda95f1c\" type=\"_a6aab124ec340e4a6feb0e2eda95f1c_200Type\" xpathBeforeFlattening=\"/xsd:schema/xsd:complexType[@name='_a6aab124ec340e4a6feb0e2eda95f1cResponse']/xsd:sequence/xsd:element[@name='_a6aab124ec340e4a6feb0e2eda95f1c']\">\n        <xsd:annotation alternateOldName=\"_a6aab124ec340e4a6feb0e2eda95f1c_200\" optional=\"true\" responseCode=\"200\">\n          <xsd:documentation>Successfully executed custom action</xsd:documentation>\n        </xsd:annotation>\n      </xsd:element>\n    </xsd:sequence>\n  </xsd:complexType>\n  <xsd:complexType name=\"_a6aab124ec340e4a6feb0e2eda95f1c_200Type\">\n    <xsd:sequence>\n      <xsd:element minOccurs=\"0\" name=\"uab_Supplier_Name\" type=\"xsd:string\">\n        <xsd:annotation format=\"\" optional=\"true\" title=\"Supplier Name\">\n          <xsd:documentation>Supplier Name</xsd:documentation>\n        </xsd:annotation>\n      </xsd:element>\n      <xsd:element minOccurs=\"0\" name=\"uab_Unit_Price\" type=\"xsd:double\">\n        <xsd:annotation format=\"decimal\" optional=\"true\" title=\"Unit Price\">\n          <xsd:documentation>Unit Price</xsd:documentation>\n        </xsd:annotation>\n      </xsd:element>\n      <xsd:element minOccurs=\"0\" name=\"uab_Supplier_ID\" type=\"xsd:string\">\n        <xsd:annotation format=\"\" optional=\"true\" title=\"Supplier ID\">\n          <xsd:documentation>Supplier ID</xsd:documentation>\n        </xsd:annotation>\n      </xsd:element>\n      <xsd:element minOccurs=\"0\" name=\"uab_Supplier_Pricebook_ID\" type=\"xsd:string\">\n        <xsd:annotation format=\"\" optional=\"true\" title=\"Supplier Pricebook ID\">\n          <xsd:documentation>Supplier Pricebook ID</xsd:documentation>\n        </xsd:annotation>\n      </xsd:element>\n    </xsd:sequence>\n  </xsd:complexType>\n</xsd:schema>\n",
  "poId" : "6023.fea7a523-fba5-43b4-8e86-db442fbec905"
}