{
  "META_AUTOMATION_SERVICE_REST_BINDING_VALUES_REF_ID" : "62.18f728cb-bc72-4c97-8d5b-a67dd2143200",
  "META_AUTOMATION_SERVICE_REST_BINDING_VALUES" : {
    "consumeDefaultVersion" : true
  },
  "type" : "BPMService",
  "definitions" : {
    "rootElement" : [ {
      "documentation" : [ {
        "content" : [ "Create an order item in Salesforce" ],
        "textFormat" : "text/plain"
      } ],
      "name" : "IFace.dca47724-81a7-4469-846b-beb7f47b6c8c",
      "declaredType" : "interface",
      "id" : "_97cdad94-a73d-4531-a731-2dfe54fb62b2",
      "operation" : [ {
        "extensionElements" : {
          "sfPOId" : [ "1.8983dd1c-b226-42c3-9ad5-d6f7c2647224" ],
          "businessSignature" : [ {
            "output" : [ {
              "path" : "createOrderItem",
              "name" : "createOrderItem",
              "isCollection" : false,
              "description" : "Order item created successfully",
              "httpResponseCode" : "200",
              "declaredType" : "com.ibm.bpmsdk.model.bpmn20.ibmextauth.TParameter",
              "id" : "_c19eeb2c-85e0-4d79-9b4b-4fc4fb6a97f5",
              "isOptional" : false,
              "typeRefPO" : "http://ibm.com/dba/projects/reorder_automation:dataModel/com/ibm/wo/application/HASHcf15979b8bf4be57c7709d6a7b1c8dd0_app_f6fb079701ce4728a716772189ef5364/createOrderItem_200Type.schema.json",
              "typeRef" : "{http://www.ibm.com/xmlns/prod/bpm/bpmn/ext/externalservice/swagger/xsd/2de38f5f-2409-4cf1-b946-9f2e801ac771.xsd}createOrderItem_200Type"
            } ],
            "input" : [ {
              "path" : "order",
              "name" : "order",
              "isCollection" : false,
              "declaredType" : "com.ibm.bpmsdk.model.bpmn20.ibmextauth.TParameter",
              "id" : "_8a9efb17-675f-4d5b-888a-a09f9086f7dd",
              "isOptional" : false,
              "typeRefPO" : "string",
              "typeRef" : "{http://www.w3.org/2001/XMLSchema}string"
            }, {
              "path" : "pricebook_id",
              "name" : "pricebook_id",
              "isCollection" : false,
              "declaredType" : "com.ibm.bpmsdk.model.bpmn20.ibmextauth.TParameter",
              "id" : "_1c9667ed-a6e8-428c-bddb-50dbf2ffe73c",
              "isOptional" : false,
              "typeRefPO" : "string",
              "typeRef" : "{http://www.w3.org/2001/XMLSchema}string"
            }, {
              "path" : "quantity",
              "name" : "quantity",
              "isCollection" : false,
              "declaredType" : "com.ibm.bpmsdk.model.bpmn20.ibmextauth.TParameter",
              "id" : "_c4214eff-4de4-43fb-8e3f-3502d6fd35e9",
              "isOptional" : false,
              "typeRefPO" : "integer",
              "typeRef" : "{http://www.w3.org/2001/XMLSchema}int"
            } ],
            "declaredType" : "com.ibm.bpmsdk.model.bpmn20.ibmextauth.TSignature"
          } ]
        },
        "documentation" : [ {
          "content" : [ "Create an order item in Salesforce" ],
          "textFormat" : "text/plain"
        } ],
        "name" : "createOrderItem",
        "id" : "_3bf7ae97-f973-42d8-9c61-35c2a4647f7b"
      } ]
    }, {
      "extensionElements" : {
        "externalService" : [ {
          "automationServiceRestBinding" : {
            "skillId" : "Salesforce-Custom-Skills__1.0.0__createOrderItem",
            "invocationType" : "SKILL",
            "org" : "uab",
            "bindingEnvVarSetRef" : "62.18f728cb-bc72-4c97-8d5b-a67dd2143200",
            "displayVersion" : "head",
            "name" : "Salesforce Custom Skills",
            "project" : "Salesforce-Custom-Skills__1.0.0__createOrderItem",
            "applicationId" : "app-f6fb079701ce4728a716772189ef5364",
            "canUseDefaultVersion" : true,
            "type" : "workflow",
            "version" : "head",
            "restBinding" : {
              "swaggerRef" : "{http://www.ibm.com/xmlns/prod/bpm/bpmn/ext/externalservice/swagger/2de38f5f-2409-4cf1-b946-9f2e801ac771Service}6023.1ac23a0b-90b7-444c-baa1-db4965ef18a7",
              "openAPIVersion" : "v3"
            }
          },
          "cachingType" : false,
          "name" : "Salesforce Custom Skills",
          "interfaceRef" : "_97cdad94-a73d-4531-a731-2dfe54fb62b2",
          "declaredType" : "com.ibm.bpmsdk.model.bpmn20.ibmextservice.TExternalService",
          "id" : "_d20bf782-9485-41b6-abdf-d35f95c2f3aa"
        } ]
      },
      "declaredType" : "endPoint"
    } ],
    "targetNamespace" : "http://www.ibm.com/xmlns/prod/bpm/bpmn/ext/externalservice/swagger/2de38f5f-2409-4cf1-b946-9f2e801ac771Service",
    "typeLanguage" : "http://www.w3.org/2001/XMLSchema",
    "expressionLanguage" : "http://www.ibm.com/xmlns/prod/bpm/expression-lang/javascript",
    "id" : "_be19dc6a-4b33-406e-b8ff-f40f70a7102c"
  },
  "poId" : "1.3ba2d03f-20d2-4759-a588-3a0eed72f24e",
  "REFERENCES" : [ "file:/opt/ibm/wlp/output/defaultServer/temp/automationServiceDiscovery15508017952924531383.json", "http://www.ibm.com/xmlns/prod/bpm/bpmn/ext/externalservice/swagger/xsd/2de38f5f-2409-4cf1-b946-9f2e801ac771.xsd", "{http://www.ibm.com/xmlns/prod/bpm/bpmn/ext/externalservice/swagger/2de38f5f-2409-4cf1-b946-9f2e801ac771Service}createOrderItemRequestMsg", "{http://www.ibm.com/xmlns/prod/bpm/bpmn/ext/externalservice/swagger/2de38f5f-2409-4cf1-b946-9f2e801ac771Service}createOrderItemResponseMsg" ]
}