{
  "WSDL_DATA" : {
    "repoUrl" : "repo://6023.1ac23a0b-90b7-444c-baa1-db4965ef18a7/.wsdl",
    "uid" : "6023.1ac23a0b-90b7-444c-baa1-db4965ef18a7",
    "referenceLocation" : [ {
      "absoluteLocation" : "repo://6023.cd4874f1-a60d-4234-8df8-072d8d67dfa6/9f2e801ac771.xsd",
      "relativeLocation" : "/2de38f5f-2409-4cf1-b946-9f2e801ac771.xsd"
    } ],
    "data" : "{\"openapi\":\"3.0.1\",\"info\":{\"title\":\"Salesforce Custom Skills\",\"description\":\"Create an order item in Salesforce\",\"version\":\"1.0.0\",\"x-ibm-skill-type\":\"imported\",\"x-ibm-annotations\":\"true\",\"x-ibm-skill-subtype\":\"public\",\"x-ibm-application-id\":\"app-f6fb079701ce4728a716772189ef5364\",\"x-ibm-application-name\":\"Salesforce Custom Skills\"},\"servers\":[{\"url\":\"https://dl.watson-orchestrate.ibm.com/asb/uabskillproxy\"}],\"security\":[{\"IBM-WO-JWT\":[]}],\"paths\":{\"/invoke/skill/Salesforce-Custom-Skills__1.0.0__createOrderItem\":{\"post\":{\"tags\":[\"Salesforce\"],\"summary\":\"Create an order item\",\"description\":\"Create an order item in Salesforce\",\"operationId\":\"createOrderItem\",\"parameters\":[{\"name\":\"order\",\"in\":\"query\",\"required\":true,\"style\":\"form\",\"explode\":true,\"schema\":{\"type\":\"string\",\"description\":\"Order ID\"},\"x-ibm-order\":1,\"x-ibm-multiline\":\"false\"},{\"name\":\"pricebook_id\",\"in\":\"query\",\"required\":true,\"style\":\"form\",\"explode\":true,\"schema\":{\"type\":\"string\",\"description\":\"Pricebook ID\"},\"x-ibm-order\":2,\"x-ibm-multiline\":\"false\"},{\"name\":\"quantity\",\"in\":\"query\",\"required\":true,\"style\":\"form\",\"explode\":true,\"schema\":{\"type\":\"integer\",\"description\":\"Quantity of items\"},\"x-ibm-order\":3,\"x-ibm-multiline\":\"false\"}],\"responses\":{\"200\":{\"description\":\"Order item created successfully\",\"content\":{\"application/json\":{\"schema\":{\"type\":\"object\",\"properties\":{\"message\":{\"type\":\"string\",\"description\":\"Response message\",\"x-ibm-order\":1}}}}}}},\"x-ibm-nl-entities\":{\"entities\":[]},\"x-ibm-next-actions\":[],\"x-ibm-nl-intent-examples\":[\"Create an order item\"],\"x-ibm-conversational-skill\":true}}},\"components\":{\"schemas\":{\"OrdersResponse\":{\"type\":\"object\",\"properties\":{\"order_result\":{\"type\":\"array\",\"items\":{\"type\":\"object\",\"properties\":{\"Id\":{\"type\":\"string\"},\"OrderNumber\":{\"type\":\"string\"},\"TotalAmount\":{\"type\":\"number\"}}}}}},\"NewOrderResponse\":{\"type\":\"object\",\"properties\":{\"New_order\":{\"type\":\"object\",\"properties\":{\"Id\":{\"type\":\"string\"},\"Status\":{\"type\":\"string\"},\"AccountId\":{\"type\":\"string\"},\"EffectiveDate\":{\"type\":\"string\",\"format\":\"date\"}}}}},\"OrderItemResponse\":{\"type\":\"object\",\"properties\":{\"message\":{\"type\":\"string\",\"description\":\"Response message\"}}},\"PriceBooksResponse\":{\"type\":\"object\",\"properties\":{\"price_books\":{\"type\":\"array\",\"items\":{\"type\":\"object\",\"properties\":{\"uab_Product_Name\":{\"type\":\"string\",\"x-ibm-original-property-name\":\"Product Name\"},\"uab_Unit_Price\":{\"type\":\"number\",\"x-ibm-original-property-name\":\"Unit Price\"},\"uab_Pricebook_ID\":{\"type\":\"string\",\"x-ibm-original-property-name\":\"Pricebook ID\"},\"uab_Pricebook_Name\":{\"type\":\"string\",\"x-ibm-original-property-name\":\"Pricebook Name\"}}}}}}},\"securitySchemes\":{\"IBM-WO-JWT\":{\"type\":\"http\",\"scheme\":\"bearer\",\"bearerFormat\":\"IBM-Watsonx-Orchestrate-JWT\"}}}}",
    "namespace" : "http://www.ibm.com/xmlns/prod/bpm/bpmn/ext/externalservice/swagger/2de38f5f-2409-4cf1-b946-9f2e801ac771Service",
    "type" : "swagger",
    "url" : "file:/opt/ibm/wlp/output/defaultServer/temp/automationServiceDiscovery15508017952924531383.json"
  },
  "type" : "BPMService",
  "definitions" : "{\"openapi\":\"3.0.1\",\"info\":{\"title\":\"Salesforce Custom Skills\",\"description\":\"Create an order item in Salesforce\",\"version\":\"1.0.0\",\"x-ibm-skill-type\":\"imported\",\"x-ibm-annotations\":\"true\",\"x-ibm-skill-subtype\":\"public\",\"x-ibm-application-id\":\"app-f6fb079701ce4728a716772189ef5364\",\"x-ibm-application-name\":\"Salesforce Custom Skills\"},\"servers\":[{\"url\":\"https://dl.watson-orchestrate.ibm.com/asb/uabskillproxy\"}],\"security\":[{\"IBM-WO-JWT\":[]}],\"paths\":{\"/invoke/skill/Salesforce-Custom-Skills__1.0.0__createOrderItem\":{\"post\":{\"tags\":[\"Salesforce\"],\"summary\":\"Create an order item\",\"description\":\"Create an order item in Salesforce\",\"operationId\":\"createOrderItem\",\"parameters\":[{\"name\":\"order\",\"in\":\"query\",\"required\":true,\"style\":\"form\",\"explode\":true,\"schema\":{\"type\":\"string\",\"description\":\"Order ID\"},\"x-ibm-order\":1,\"x-ibm-multiline\":\"false\"},{\"name\":\"pricebook_id\",\"in\":\"query\",\"required\":true,\"style\":\"form\",\"explode\":true,\"schema\":{\"type\":\"string\",\"description\":\"Pricebook ID\"},\"x-ibm-order\":2,\"x-ibm-multiline\":\"false\"},{\"name\":\"quantity\",\"in\":\"query\",\"required\":true,\"style\":\"form\",\"explode\":true,\"schema\":{\"type\":\"integer\",\"description\":\"Quantity of items\"},\"x-ibm-order\":3,\"x-ibm-multiline\":\"false\"}],\"responses\":{\"200\":{\"description\":\"Order item created successfully\",\"content\":{\"application/json\":{\"schema\":{\"type\":\"object\",\"properties\":{\"message\":{\"type\":\"string\",\"description\":\"Response message\",\"x-ibm-order\":1}}}}}}},\"x-ibm-nl-entities\":{\"entities\":[]},\"x-ibm-next-actions\":[],\"x-ibm-nl-intent-examples\":[\"Create an order item\"],\"x-ibm-conversational-skill\":true}}},\"components\":{\"schemas\":{\"OrdersResponse\":{\"type\":\"object\",\"properties\":{\"order_result\":{\"type\":\"array\",\"items\":{\"type\":\"object\",\"properties\":{\"Id\":{\"type\":\"string\"},\"OrderNumber\":{\"type\":\"string\"},\"TotalAmount\":{\"type\":\"number\"}}}}}},\"NewOrderResponse\":{\"type\":\"object\",\"properties\":{\"New_order\":{\"type\":\"object\",\"properties\":{\"Id\":{\"type\":\"string\"},\"Status\":{\"type\":\"string\"},\"AccountId\":{\"type\":\"string\"},\"EffectiveDate\":{\"type\":\"string\",\"format\":\"date\"}}}}},\"OrderItemResponse\":{\"type\":\"object\",\"properties\":{\"message\":{\"type\":\"string\",\"description\":\"Response message\"}}},\"PriceBooksResponse\":{\"type\":\"object\",\"properties\":{\"price_books\":{\"type\":\"array\",\"items\":{\"type\":\"object\",\"properties\":{\"uab_Product_Name\":{\"type\":\"string\",\"x-ibm-original-property-name\":\"Product Name\"},\"uab_Unit_Price\":{\"type\":\"number\",\"x-ibm-original-property-name\":\"Unit Price\"},\"uab_Pricebook_ID\":{\"type\":\"string\",\"x-ibm-original-property-name\":\"Pricebook ID\"},\"uab_Pricebook_Name\":{\"type\":\"string\",\"x-ibm-original-property-name\":\"Pricebook Name\"}}}}}}},\"securitySchemes\":{\"IBM-WO-JWT\":{\"type\":\"http\",\"scheme\":\"bearer\",\"bearerFormat\":\"IBM-Watsonx-Orchestrate-JWT\"}}}}",
  "poId" : "6023.1ac23a0b-90b7-444c-baa1-db4965ef18a7"
}