{
  "WSDL_DATA" : {
    "repoUrl" : "repo://6023.cd4874f1-a60d-4234-8df8-072d8d67dfa6/9f2e801ac771.xsd",
    "uid" : "6023.cd4874f1-a60d-4234-8df8-072d8d67dfa6",
    "referenceLocation" : [ ],
    "data" : "<?xml version=\"1.0\" encoding=\"UTF-8\"?><xsd:schema xmlns:xsd=\"http://www.w3.org/2001/XMLSchema\" xmlns=\"http://www.ibm.com/xmlns/prod/bpm/bpmn/ext/externalservice/swagger/xsd/2de38f5f-2409-4cf1-b946-9f2e801ac771.xsd\" xmlns:ibmbpm=\"http://lombardi.ibm.com/schema/\" targetNamespace=\"http://www.ibm.com/xmlns/prod/bpm/bpmn/ext/externalservice/swagger/xsd/2de38f5f-2409-4cf1-b946-9f2e801ac771.xsd\">\n  <xsd:element name=\"createOrderItemRequest\" type=\"createOrderItemRequest\"/>\n  <xsd:element name=\"createOrderItemResponse\" type=\"createOrderItemResponse\"/>\n  <xsd:complexType name=\"createOrderItemRequest\">\n    <xsd:sequence>\n      <xsd:element name=\"order\" type=\"xsd:string\"/>\n      <xsd:element name=\"pricebook_id\" type=\"xsd:string\"/>\n      <xsd:element name=\"quantity\" type=\"xsd:int\"/>\n    </xsd:sequence>\n  </xsd:complexType>\n  <xsd:complexType name=\"createOrderItemResponse\">\n    <xsd:sequence>\n      <xsd:element minOccurs=\"0\" name=\"createOrderItem\" type=\"createOrderItem_200Type\" xpathBeforeFlattening=\"/xsd:schema/xsd:complexType[@name='createOrderItemResponse']/xsd:sequence/xsd:element[@name='createOrderItem']\">\n        <xsd:annotation alternateOldName=\"createOrderItem_200\" optional=\"true\" responseCode=\"200\">\n          <xsd:documentation>Order item created successfully</xsd:documentation>\n        </xsd:annotation>\n      </xsd:element>\n    </xsd:sequence>\n  </xsd:complexType>\n  <xsd:complexType name=\"createOrderItem_200Type\">\n    <xsd:sequence>\n      <xsd:element minOccurs=\"0\" name=\"message\" type=\"xsd:string\">\n        <xsd:annotation optional=\"true\">\n          <xsd:documentation>Response message</xsd:documentation>\n        </xsd:annotation>\n      </xsd:element>\n    </xsd:sequence>\n  </xsd:complexType>\n</xsd:schema>\n",
    "namespace" : "http://www.ibm.com/xmlns/prod/bpm/bpmn/ext/externalservice/swagger/xsd/2de38f5f-2409-4cf1-b946-9f2e801ac771.xsd",
    "type" : "xsd",
    "url" : "http://www.ibm.com/xmlns/prod/bpm/bpmn/ext/externalservice/swagger/xsd/2de38f5f-2409-4cf1-b946-9f2e801ac771.xsd"
  },
  "type" : "BPMService",
  "definitions" : "<?xml version=\"1.0\" encoding=\"UTF-8\"?><xsd:schema xmlns:xsd=\"http://www.w3.org/2001/XMLSchema\" xmlns=\"http://www.ibm.com/xmlns/prod/bpm/bpmn/ext/externalservice/swagger/xsd/2de38f5f-2409-4cf1-b946-9f2e801ac771.xsd\" xmlns:ibmbpm=\"http://lombardi.ibm.com/schema/\" targetNamespace=\"http://www.ibm.com/xmlns/prod/bpm/bpmn/ext/externalservice/swagger/xsd/2de38f5f-2409-4cf1-b946-9f2e801ac771.xsd\">\n  <xsd:element name=\"createOrderItemRequest\" type=\"createOrderItemRequest\"/>\n  <xsd:element name=\"createOrderItemResponse\" type=\"createOrderItemResponse\"/>\n  <xsd:complexType name=\"createOrderItemRequest\">\n    <xsd:sequence>\n      <xsd:element name=\"order\" type=\"xsd:string\"/>\n      <xsd:element name=\"pricebook_id\" type=\"xsd:string\"/>\n      <xsd:element name=\"quantity\" type=\"xsd:int\"/>\n    </xsd:sequence>\n  </xsd:complexType>\n  <xsd:complexType name=\"createOrderItemResponse\">\n    <xsd:sequence>\n      <xsd:element minOccurs=\"0\" name=\"createOrderItem\" type=\"createOrderItem_200Type\" xpathBeforeFlattening=\"/xsd:schema/xsd:complexType[@name='createOrderItemResponse']/xsd:sequence/xsd:element[@name='createOrderItem']\">\n        <xsd:annotation alternateOldName=\"createOrderItem_200\" optional=\"true\" responseCode=\"200\">\n          <xsd:documentation>Order item created successfully</xsd:documentation>\n        </xsd:annotation>\n      </xsd:element>\n    </xsd:sequence>\n  </xsd:complexType>\n  <xsd:complexType name=\"createOrderItem_200Type\">\n    <xsd:sequence>\n      <xsd:element minOccurs=\"0\" name=\"message\" type=\"xsd:string\">\n        <xsd:annotation optional=\"true\">\n          <xsd:documentation>Response message</xsd:documentation>\n        </xsd:annotation>\n      </xsd:element>\n    </xsd:sequence>\n  </xsd:complexType>\n</xsd:schema>\n",
  "poId" : "6023.cd4874f1-a60d-4234-8df8-072d8d67dfa6"
}