{
  "WSDL_DATA" : {
    "repoUrl" : "repo://6023.9430ccf7-3bb7-4b73-b0d4-f670b81c5a48/.wsdl",
    "uid" : "6023.9430ccf7-3bb7-4b73-b0d4-f670b81c5a48",
    "referenceLocation" : [ {
      "absoluteLocation" : "repo://6023.7031b66e-5006-438a-8a6c-f2ffcc815c4b/e438fe3e78fa.xsd",
      "relativeLocation" : "/0e68d07f-142b-451c-825c-e438fe3e78fa.xsd"
    } ],
    "data" : "{\"openapi\":\"3.0.1\",\"info\":{\"title\":\"646000EUAI/uab/Reorder_automation/Reorder_automation/Get Reorder Qty/master/dd5bfe3b0c\",\"description\":\"646000EUAI/uab/Reorder_automation/Reorder_automation/Get Reorder Qty/master/dd5bfe3b0c\",\"version\":\"head\",\"x-ibm-ads-decision-id\":\"646000EUAI/uab/Reorder_automation/Reorder_automation/Get Reorder Qty/master/dd5bfe3b0c\"},\"servers\":[{\"url\":\"https://dl.watson-orchestrate.ibm.com/asb/ads/rest-api/api/wo/automation/uab/Reorder_automation/master/Reorder_automation/Reorder_automation%2FGet%20Reorder%20Qty/deploymentSpaces/preview/decisions/646000EUAI%2Fuab%2FReorder_automation%2FReorder_automation%2FGet%20Reorder%20Qty%2Fmaster%2Fdd5bfe3b0c/operations\"}],\"security\":[{\"IBM-WO-JWT\":[]}],\"paths\":{\"/GetReorderQty-Get_Reorder_Qty/execute\":{\"post\":{\"tags\":[\"646000EUAI/uab/Reorder_automation/Reorder_automation/Get Reorder Qty/master/dd5bfe3b0c\"],\"summary\":\"GetReorderQty-Get_Reorder_Qty\",\"description\":\"Execute GetReorderQty-Get_Reorder_Qty\",\"operationId\":\"GetReorderQty-Get_Reorder_Qty\",\"requestBody\":{\"content\":{\"application/json\":{\"schema\":{\"$ref\":\"#/components/schemas/GetReorderQty-Get__Reorder__Qty_input\"}}}},\"responses\":{\"200\":{\"description\":\"Decision execution success\",\"content\":{\"application/json\":{\"schema\":{\"type\":\"number\",\"format\":\"double\"}}}},\"404\":{\"description\":\"A decision or decision operation was not found\",\"content\":{\"application/json\":{\"schema\":{\"$ref\":\"#/components/schemas/BaseError\"}}}},\"500\":{\"description\":\"A runtime exception occurred while executing a decision\",\"content\":{\"application/json\":{\"schema\":{\"$ref\":\"#/components/schemas/BaseError\"}}}}},\"x-ibm-uab-local-operation\":true}}},\"components\":{\"schemas\":{\"GetReorderQty-Get__Reorder__Qty_input\":{\"type\":\"object\",\"properties\":{\"reorderQty\":{\"type\":\"number\",\"format\":\"double\"},\"unitPrice\":{\"type\":\"number\",\"format\":\"double\"}},\"x-ibm-parameter-wrapper\":true},\"BaseError\":{\"type\":\"object\",\"properties\":{\"output\":{\"type\":\"object\",\"description\":\"The output of the decision service archive.\",\"nullable\":true},\"incident\":{\"$ref\":\"#/components/schemas/Incident\"}},\"description\":\"The response when an error occurs\"},\"Incident\":{\"type\":\"object\",\"properties\":{\"incidentId\":{\"type\":\"string\",\"description\":\"A unique identifier for the incident\"},\"incidentCategory\":{\"type\":\"string\",\"description\":\"The category of the incident, for instance \\\"Decision not found\\\"\"},\"stackTrace\":{\"type\":\"string\",\"description\":\"An associated stack trace, if the decision runtime is configured to provide it. By default, the stack trace is null\"}},\"description\":\"The description of the failure\"}},\"securitySchemes\":{\"IBM-WO-JWT\":{\"type\":\"http\",\"scheme\":\"bearer\",\"bearerFormat\":\"IBM-Watsonx-Orchestrate-JWT\"}}}}",
    "namespace" : "http://www.ibm.com/xmlns/prod/bpm/bpmn/ext/externalservice/swagger/0e68d07f-142b-451c-825c-e438fe3e78faService",
    "type" : "swagger",
    "url" : "file:/opt/ibm/wlp/output/defaultServer/temp/automationServiceDiscovery7910102482088128891.json"
  },
  "type" : "BPMService",
  "definitions" : "{\"openapi\":\"3.0.1\",\"info\":{\"title\":\"646000EUAI/uab/Reorder_automation/Reorder_automation/Get Reorder Qty/master/dd5bfe3b0c\",\"description\":\"646000EUAI/uab/Reorder_automation/Reorder_automation/Get Reorder Qty/master/dd5bfe3b0c\",\"version\":\"head\",\"x-ibm-ads-decision-id\":\"646000EUAI/uab/Reorder_automation/Reorder_automation/Get Reorder Qty/master/dd5bfe3b0c\"},\"servers\":[{\"url\":\"https://dl.watson-orchestrate.ibm.com/asb/ads/rest-api/api/wo/automation/uab/Reorder_automation/master/Reorder_automation/Reorder_automation%2FGet%20Reorder%20Qty/deploymentSpaces/preview/decisions/646000EUAI%2Fuab%2FReorder_automation%2FReorder_automation%2FGet%20Reorder%20Qty%2Fmaster%2Fdd5bfe3b0c/operations\"}],\"security\":[{\"IBM-WO-JWT\":[]}],\"paths\":{\"/GetReorderQty-Get_Reorder_Qty/execute\":{\"post\":{\"tags\":[\"646000EUAI/uab/Reorder_automation/Reorder_automation/Get Reorder Qty/master/dd5bfe3b0c\"],\"summary\":\"GetReorderQty-Get_Reorder_Qty\",\"description\":\"Execute GetReorderQty-Get_Reorder_Qty\",\"operationId\":\"GetReorderQty-Get_Reorder_Qty\",\"requestBody\":{\"content\":{\"application/json\":{\"schema\":{\"$ref\":\"#/components/schemas/GetReorderQty-Get__Reorder__Qty_input\"}}}},\"responses\":{\"200\":{\"description\":\"Decision execution success\",\"content\":{\"application/json\":{\"schema\":{\"type\":\"number\",\"format\":\"double\"}}}},\"404\":{\"description\":\"A decision or decision operation was not found\",\"content\":{\"application/json\":{\"schema\":{\"$ref\":\"#/components/schemas/BaseError\"}}}},\"500\":{\"description\":\"A runtime exception occurred while executing a decision\",\"content\":{\"application/json\":{\"schema\":{\"$ref\":\"#/components/schemas/BaseError\"}}}}},\"x-ibm-uab-local-operation\":true}}},\"components\":{\"schemas\":{\"GetReorderQty-Get__Reorder__Qty_input\":{\"type\":\"object\",\"properties\":{\"reorderQty\":{\"type\":\"number\",\"format\":\"double\"},\"unitPrice\":{\"type\":\"number\",\"format\":\"double\"}},\"x-ibm-parameter-wrapper\":true},\"BaseError\":{\"type\":\"object\",\"properties\":{\"output\":{\"type\":\"object\",\"description\":\"The output of the decision service archive.\",\"nullable\":true},\"incident\":{\"$ref\":\"#/components/schemas/Incident\"}},\"description\":\"The response when an error occurs\"},\"Incident\":{\"type\":\"object\",\"properties\":{\"incidentId\":{\"type\":\"string\",\"description\":\"A unique identifier for the incident\"},\"incidentCategory\":{\"type\":\"string\",\"description\":\"The category of the incident, for instance \\\"Decision not found\\\"\"},\"stackTrace\":{\"type\":\"string\",\"description\":\"An associated stack trace, if the decision runtime is configured to provide it. By default, the stack trace is null\"}},\"description\":\"The description of the failure\"}},\"securitySchemes\":{\"IBM-WO-JWT\":{\"type\":\"http\",\"scheme\":\"bearer\",\"bearerFormat\":\"IBM-Watsonx-Orchestrate-JWT\"}}}}",
  "poId" : "6023.9430ccf7-3bb7-4b73-b0d4-f670b81c5a48"
}