{
  "WSDL_DATA" : {
    "repoUrl" : "repo://6023.7031b66e-5006-438a-8a6c-f2ffcc815c4b/e438fe3e78fa.xsd",
    "uid" : "6023.7031b66e-5006-438a-8a6c-f2ffcc815c4b",
    "referenceLocation" : [ ],
    "data" : "<?xml version=\"1.0\" encoding=\"UTF-8\"?><xsd:schema xmlns:xsd=\"http://www.w3.org/2001/XMLSchema\" xmlns=\"http://www.ibm.com/xmlns/prod/bpm/bpmn/ext/externalservice/swagger/xsd/0e68d07f-142b-451c-825c-e438fe3e78fa.xsd\" xmlns:ibmbpm=\"http://lombardi.ibm.com/schema/\" targetNamespace=\"http://www.ibm.com/xmlns/prod/bpm/bpmn/ext/externalservice/swagger/xsd/0e68d07f-142b-451c-825c-e438fe3e78fa.xsd\">\n  <xsd:element name=\"GetReorderQty_Get_Reorder_QtyRequest\" type=\"GetReorderQty_Get_Reorder_QtyRequest\"/>\n  <xsd:element name=\"GetReorderQty_Get_Reorder_QtyResponse\" type=\"GetReorderQty_Get_Reorder_QtyResponse\"/>\n  <xsd:complexType name=\"GetReorderQty-Get__Reorder__Qty_input\">\n    <xsd:sequence>\n      <xsd:element minOccurs=\"0\" name=\"reorderQty\" type=\"xsd:double\">\n        <xsd:annotation format=\"double\" optional=\"true\"/>\n      </xsd:element>\n      <xsd:element minOccurs=\"0\" name=\"unitPrice\" type=\"xsd:double\">\n        <xsd:annotation format=\"double\" optional=\"true\"/>\n      </xsd:element>\n    </xsd:sequence>\n  </xsd:complexType>\n  <xsd:complexType name=\"GetReorderQty_Get_Reorder_QtyRequest\">\n    <xsd:sequence>\n      <xsd:element minOccurs=\"0\" name=\"reorderQty\" type=\"xsd:double\">\n        <xsd:annotation format=\"double\" optional=\"true\"/>\n      </xsd:element>\n      <xsd:element minOccurs=\"0\" name=\"unitPrice\" type=\"xsd:double\">\n        <xsd:annotation format=\"double\" optional=\"true\"/>\n      </xsd:element>\n    </xsd:sequence>\n  </xsd:complexType>\n  <xsd:complexType name=\"GetReorderQty_Get_Reorder_QtyResponse\">\n    <xsd:sequence>\n      <xsd:element minOccurs=\"0\" name=\"GetReorderQty_Get_Reorder_Qty\" type=\"xsd:double\">\n        <xsd:annotation alternateOldName=\"GetReorderQty_Get_Reorder_Qty_200\" format=\"double\" optional=\"true\" responseCode=\"200\">\n          <xsd:documentation>Decision execution success</xsd:documentation>\n        </xsd:annotation>\n      </xsd:element>\n    </xsd:sequence>\n  </xsd:complexType>\n</xsd:schema>\n",
    "namespace" : "http://www.ibm.com/xmlns/prod/bpm/bpmn/ext/externalservice/swagger/xsd/0e68d07f-142b-451c-825c-e438fe3e78fa.xsd",
    "type" : "xsd",
    "url" : "http://www.ibm.com/xmlns/prod/bpm/bpmn/ext/externalservice/swagger/xsd/0e68d07f-142b-451c-825c-e438fe3e78fa.xsd"
  },
  "type" : "BPMService",
  "definitions" : "<?xml version=\"1.0\" encoding=\"UTF-8\"?><xsd:schema xmlns:xsd=\"http://www.w3.org/2001/XMLSchema\" xmlns=\"http://www.ibm.com/xmlns/prod/bpm/bpmn/ext/externalservice/swagger/xsd/0e68d07f-142b-451c-825c-e438fe3e78fa.xsd\" xmlns:ibmbpm=\"http://lombardi.ibm.com/schema/\" targetNamespace=\"http://www.ibm.com/xmlns/prod/bpm/bpmn/ext/externalservice/swagger/xsd/0e68d07f-142b-451c-825c-e438fe3e78fa.xsd\">\n  <xsd:element name=\"GetReorderQty_Get_Reorder_QtyRequest\" type=\"GetReorderQty_Get_Reorder_QtyRequest\"/>\n  <xsd:element name=\"GetReorderQty_Get_Reorder_QtyResponse\" type=\"GetReorderQty_Get_Reorder_QtyResponse\"/>\n  <xsd:complexType name=\"GetReorderQty-Get__Reorder__Qty_input\">\n    <xsd:sequence>\n      <xsd:element minOccurs=\"0\" name=\"reorderQty\" type=\"xsd:double\">\n        <xsd:annotation format=\"double\" optional=\"true\"/>\n      </xsd:element>\n      <xsd:element minOccurs=\"0\" name=\"unitPrice\" type=\"xsd:double\">\n        <xsd:annotation format=\"double\" optional=\"true\"/>\n      </xsd:element>\n    </xsd:sequence>\n  </xsd:complexType>\n  <xsd:complexType name=\"GetReorderQty_Get_Reorder_QtyRequest\">\n    <xsd:sequence>\n      <xsd:element minOccurs=\"0\" name=\"reorderQty\" type=\"xsd:double\">\n        <xsd:annotation format=\"double\" optional=\"true\"/>\n      </xsd:element>\n      <xsd:element minOccurs=\"0\" name=\"unitPrice\" type=\"xsd:double\">\n        <xsd:annotation format=\"double\" optional=\"true\"/>\n      </xsd:element>\n    </xsd:sequence>\n  </xsd:complexType>\n  <xsd:complexType name=\"GetReorderQty_Get_Reorder_QtyResponse\">\n    <xsd:sequence>\n      <xsd:element minOccurs=\"0\" name=\"GetReorderQty_Get_Reorder_Qty\" type=\"xsd:double\">\n        <xsd:annotation alternateOldName=\"GetReorderQty_Get_Reorder_Qty_200\" format=\"double\" optional=\"true\" responseCode=\"200\">\n          <xsd:documentation>Decision execution success</xsd:documentation>\n        </xsd:annotation>\n      </xsd:element>\n    </xsd:sequence>\n  </xsd:complexType>\n</xsd:schema>\n",
  "poId" : "6023.7031b66e-5006-438a-8a6c-f2ffcc815c4b"
}